id,verbatim_text,product,pack,region,issue_type,source,created_at,taxonomy_coverage,is_planted_issue,planted_issue_id
1314dc9b-6e1e-4848-99da-6048b43b6ebc,Granola Bar tastes stale from Pacific Northwest,Granola Bar,Can 330ml,Pacific Northwest,Stale Taste,Twitter,2026-01-15T00:03:00,0.67,False,
13ab4e5b-51f4-49b8-9b5f-6f56e891d18f,Can 330ml leaking in transit to Northeast,Cookies Pack,Can 330ml,Northeast,Leaking,Email,2026-01-15T00:32:00,0.69,False,
c6f0f098-ecf1-401c-ae3a-c2c392beaba7,Resealable Bag v2 - New Lid leaking in transit to Pacific Northwest,Granola Bar,Resealable Bag v2 - New Lid,Pacific Northwest,Leaking,Amazon Review,2026-01-15T00:33:00,0.8,False,
8f2d79cc-a448-4139-ab9b-675117059721,New lid on Can 330ml doesn't seal properly,Cookies Pack,Can 330ml,California,Seal Failure,Email,2026-01-15T00:51:00,0.61,False,
7eac8b85-de61-4169-a15b-bdce921447f5,Box crushed in shipping to Pacific Northwest,Crunchy Chips,Resealable Bag v1,Pacific Northwest,Damaged Pack,Call Center,2026-01-15T01:04:00,0.82,False,
806ae93d-0a2a-492f-81be-5edf18fcb81e,Ordered Soda Pop got wrong flavor,Soda Pop,Resealable Bag v2 - New Lid,Northeast,Wrong Flavor,Email,2026-01-15T01:06:00,0.78,False,
81640ad8-d58a-4c26-9dd2-f0e70002f233,Stale Cookies Pack in Can 330ml,Cookies Pack,Can 330ml,Pacific Northwest,Stale Taste,Call Center,2026-01-15T01:06:00,0.87,False,
f4a4c95a-5cf3-4a62-84b3-af2225caad1f,Soda Pop tastes stale from Northeast,Soda Pop,Can 330ml,Northeast,Stale Taste,Call Center,2026-01-15T01:06:00,0.78,False,
fda7124f-df37-4c9a-bbff-5b37aa473aef,New lid on Resealable Bag v2 - New Lid doesn't seal properly,Soda Pop,Resealable Bag v2 - New Lid,Northeast,Seal Failure,Amazon Review,2026-01-15T01:12:00,0.87,False,
ff267208-39ab-40e9-94ca-d6a434e3e974,Ordered Cookies Pack got wrong flavor,Cookies Pack,Can 330ml,Pacific Northwest,Wrong Flavor,Email,2026-01-15T01:21:00,0.9,False,
b2b10ebc-30b5-41e5-927d-8fa58cd270d5,Resealable Bag v2 - New Lid half empty - Soda Pop,Soda Pop,Resealable Bag v2 - New Lid,California,Low Fill,Call Center,2026-01-15T01:41:00,0.91,False,
b1cfa159-b425-46cd-a46f-f29d6184a367,Opened Soda Pop and it was stale,Soda Pop,Box 200g,California,Stale Taste,Email,2026-01-15T01:44:00,0.67,False,
204d321e-e29c-46ed-9ae2-506812f1e6ce,Resealable Bag v2 - New Lid arrived torn,Crunchy Chips,Resealable Bag v2 - New Lid,California,Damaged Pack,Call Center,2026-01-15T01:56:00,0.71,False,
b36434d2-8acf-4527-b1e9-bcaeff7f1a35,Resealable Bag v2 - New Lid arrived torn,Cookies Pack,Resealable Bag v2 - New Lid,Midwest,Damaged Pack,Call Center,2026-01-15T02:00:00,0.92,False,
72e0b3cf-9104-450e-aa4a-001f2f29ea2e,New lid on Resealable Bag v1 doesn't seal properly,Crunchy Chips,Resealable Bag v1,Texas,Seal Failure,Call Center,2026-01-15T02:01:00,0.73,False,
e88f2844-c30f-479f-9de6-acf6bfd2a2e0,Box 200g leaking in transit to Texas,Soda Pop,Box 200g,Texas,Leaking,Twitter,2026-01-15T02:18:00,0.89,False,
5c01a598-697a-49cd-9cc3-c509321dff12,Box crushed in shipping to Midwest,Soda Pop,Resealable Bag v1,Midwest,Damaged Pack,Twitter,2026-01-15T02:33:00,0.78,False,
0eaed45c-bedb-49af-8793-a936c55301ec,New lid on Can 330ml doesn't seal properly,Soda Pop,Can 330ml,Texas,Seal Failure,Twitter,2026-01-15T02:34:00,0.76,False,
befdf9ea-bce1-4d31-b391-aa31584c2afb,Can 330ml half empty - Granola Bar,Granola Bar,Can 330ml,Texas,Low Fill,Email,2026-01-15T03:06:00,0.78,False,
009a6e2b-217f-41cf-9e0b-1b26c23c8ccf,Ordered Granola Bar got wrong flavor,Granola Bar,Resealable Bag v1,Midwest,Wrong Flavor,Twitter,2026-01-15T03:23:00,0.93,False,
e1fdb0f1-947f-4690-b08e-97fc014ca8e4,Can 330ml leaking in transit to Texas,Cookies Pack,Can 330ml,Texas,Leaking,Email,2026-01-15T03:38:00,0.69,False,
d467ea06-e095-4b86-886a-acbf6a623c9c,Cookies Pack tastes stale from Pacific Northwest,Cookies Pack,Resealable Bag v2 - New Lid,Pacific Northwest,Stale Taste,Twitter,2026-01-15T04:01:00,0.76,False,
aa694c76-9c0d-4630-92b1-945932aa477b,Can 330ml leaking in transit to Midwest,Crunchy Chips,Can 330ml,Midwest,Leaking,Amazon Review,2026-01-15T04:05:00,0.83,False,
b4e98cbc-38ee-4d6a-9117-f2c49fbb4662,Box crushed in shipping to California,Cookies Pack,Resealable Bag v1,California,Damaged Pack,Email,2026-01-15T04:19:00,0.63,False,
6b175d30-0945-4ec6-b1eb-e7f9192ad9e8,Ordered Granola Bar got wrong flavor,Granola Bar,Can 330ml,Texas,Wrong Flavor,Email,2026-01-15T04:20:00,0.87,False,
46d6a94c-ae58-4956-9f59-a7c8aed4efb9,Box crushed in shipping to California,Soda Pop,Resealable Bag v1,California,Damaged Pack,Call Center,2026-01-15T04:21:00,0.94,False,
516bf42a-19d6-4ad3-8001-efce5a9f4b70,Stale Crunchy Chips in Can 330ml,Crunchy Chips,Can 330ml,Texas,Stale Taste,Email,2026-01-15T04:26:00,0.66,False,
32978db6-6452-4a26-9def-17c53221568e,Resealable Bag v2 - New Lid half empty - Soda Pop,Soda Pop,Resealable Bag v2 - New Lid,Northeast,Low Fill,Twitter,2026-01-15T04:26:00,0.76,False,
541f12e0-a52a-4aae-83dc-4f08cf6dc056,Can 330ml arrived torn,Cookies Pack,Can 330ml,California,Damaged Pack,Twitter,2026-01-15T04:28:00,0.67,False,
1022f187-8fee-4d64-b5cf-ea3a86d33cc4,Ordered Granola Bar got wrong flavor,Granola Bar,Box 200g,Northeast,Wrong Flavor,Email,2026-01-15T04:45:00,0.67,False,
267bfb91-c2d8-418f-992e-9498d1303cff,Ordered Soda Pop got wrong flavor,Soda Pop,Can 330ml,Texas,Wrong Flavor,Amazon Review,2026-01-15T04:57:00,0.61,False,
7127baa1-54d6-4d31-b1a5-15e6a8c39ed1,"The Can 330ml won't close, goes stale in Texas",Crunchy Chips,Can 330ml,Texas,Seal Failure,Twitter,2026-01-15T05:20:00,0.77,False,
ddfdfa8b-309d-48ba-81b5-bce8bb431510,Resealable Bag v2 - New Lid leaking in transit to California,Soda Pop,Resealable Bag v2 - New Lid,California,Leaking,Amazon Review,2026-01-15T05:21:00,0.85,False,
6d67550c-f7ed-4a77-9465-559e19aa8324,"The Resealable Bag v1 won't close, goes stale in California",Crunchy Chips,Resealable Bag v1,California,Seal Failure,Amazon Review,2026-01-15T05:23:00,0.8,False,
0e19f7f3-ab3c-4ab6-a675-4e14b265bef8,Ordered Crunchy Chips got wrong flavor,Crunchy Chips,Resealable Bag v2 - New Lid,Midwest,Wrong Flavor,Email,2026-01-15T05:24:00,0.87,False,
42d6c40b-3885-4371-bf4c-26259719dde7,Stale Cookies Pack in Box 200g,Cookies Pack,Box 200g,Northeast,Stale Taste,Email,2026-01-15T05:25:00,0.95,False,
ef2002a3-a31b-44aa-9edd-ff1c0e156357,Resealable Bag v1 leaking in transit to California,Granola Bar,Resealable Bag v1,California,Leaking,Amazon Review,2026-01-15T05:35:00,0.88,False,
3e073565-dcea-470e-a353-15f9aa8aee6e,Box 200g half empty - Soda Pop,Soda Pop,Box 200g,Pacific Northwest,Low Fill,Email,2026-01-15T05:35:00,0.74,False,
f59a0636-31ee-4f5d-a68a-0b6ec44d37fe,Can 330ml half empty - Cookies Pack,Cookies Pack,Can 330ml,Texas,Low Fill,Twitter,2026-01-15T05:37:00,0.8,False,
2eb51ca2-8144-4cb2-bbdc-d22ab35b8b2c,Resealable Bag v2 - New Lid arrived torn,Cookies Pack,Resealable Bag v2 - New Lid,California,Damaged Pack,Amazon Review,2026-01-15T05:44:00,0.74,False,
a279f36e-bd11-42f9-a716-58fc925f49cd,Opened Cookies Pack and it was stale,Cookies Pack,Can 330ml,Midwest,Stale Taste,Twitter,2026-01-15T06:08:00,0.9,False,
3cdcfe5d-56d5-4ef2-9b37-911e27673087,"The Can 330ml won't close, goes stale in Pacific Northwest",Soda Pop,Can 330ml,Pacific Northwest,Seal Failure,Amazon Review,2026-01-15T06:08:00,0.86,False,
1eb53f44-743e-4044-8fa6-95f79a8dab2a,Soda Pop tastes stale from California,Soda Pop,Resealable Bag v2 - New Lid,California,Stale Taste,Email,2026-01-15T06:10:00,0.73,False,
77d28470-933f-46d0-9f19-799314c05c29,Ordered Granola Bar got wrong flavor,Granola Bar,Resealable Bag v1,California,Wrong Flavor,Amazon Review,2026-01-15T06:15:00,0.72,False,
0c8f9e3b-8a99-41b2-b296-765211022048,Opened Soda Pop and it was stale,Soda Pop,Can 330ml,Texas,Stale Taste,Email,2026-01-15T06:20:00,0.94,False,
cebe391f-14a0-43ad-9e42-5187bba7a158,New lid on Box 200g doesn't seal properly,Cookies Pack,Box 200g,Midwest,Seal Failure,Twitter,2026-01-15T06:23:00,0.8,False,
4379b9c2-30f3-402c-a908-08fe5e715cf4,Resealable Bag v1 half empty - Crunchy Chips,Crunchy Chips,Resealable Bag v1,Pacific Northwest,Low Fill,Email,2026-01-15T06:26:00,0.89,False,
a9cf0534-88c5-4d61-b901-d9fe27f60832,Resealable Bag v2 - New Lid half empty - Cookies Pack,Cookies Pack,Resealable Bag v2 - New Lid,Northeast,Low Fill,Call Center,2026-01-15T06:39:00,0.85,False,
66308dcb-5175-4871-b835-25f88714a743,Resealable Bag v2 - New Lid leaking in transit to Midwest,Cookies Pack,Resealable Bag v2 - New Lid,Midwest,Leaking,Email,2026-01-15T06:48:00,0.84,False,
5f4a1a5b-de5d-43ac-95ee-c20bff844b6a,Cookies Pack tastes stale from Northeast,Cookies Pack,Resealable Bag v2 - New Lid,Northeast,Stale Taste,Amazon Review,2026-01-15T06:59:00,0.61,False,
6839c74f-07d4-41eb-9065-c394d0ac032b,Resealable Bag v1 half empty - Soda Pop,Soda Pop,Resealable Bag v1,Northeast,Low Fill,Twitter,2026-01-15T07:06:00,0.62,False,
6f499e0e-2697-4a15-b3eb-0ea5616e886c,Opened Soda Pop and it was stale,Soda Pop,Resealable Bag v1,Northeast,Stale Taste,Amazon Review,2026-01-15T07:19:00,0.77,False,
f4d597d8-ac6c-43b6-abeb-229d9ec8e2eb,Box 200g half empty - Soda Pop,Soda Pop,Box 200g,Midwest,Low Fill,Email,2026-01-15T07:23:00,0.78,False,
37bdf010-af08-4afb-987c-54458c91a041,Opened Crunchy Chips and it was stale,Crunchy Chips,Resealable Bag v1,Pacific Northwest,Stale Taste,Twitter,2026-01-15T07:24:00,0.93,False,
22cd09c3-7239-41fc-ac56-26694a4ced23,Box 200g leaking in transit to California,Crunchy Chips,Box 200g,California,Leaking,Amazon Review,2026-01-15T07:30:00,0.66,False,
a90536ad-032b-4965-a614-ee9ddb993df0,Ordered Granola Bar got wrong flavor,Granola Bar,Resealable Bag v1,Northeast,Wrong Flavor,Amazon Review,2026-01-15T07:34:00,0.64,False,
9f878b79-9b80-4d7e-aab2-19f0c09045f5,Ordered Cookies Pack got wrong flavor,Cookies Pack,Box 200g,Northeast,Wrong Flavor,Email,2026-01-15T07:35:00,0.95,False,
ac4820ac-24fb-4003-9da2-4196ef7ffa2b,Can 330ml leaking in transit to California,Granola Bar,Can 330ml,California,Leaking,Twitter,2026-01-15T07:40:00,0.79,False,
5b9054d3-dd6c-4068-a5fb-ccfccfbf326d,Resealable Bag v2 - New Lid half empty - Crunchy Chips,Crunchy Chips,Resealable Bag v2 - New Lid,Northeast,Low Fill,Amazon Review,2026-01-15T07:43:00,0.7,False,
4dd6df8a-de27-4d28-a7cd-561c757ea524,Stale Crunchy Chips in Resealable Bag v2 - New Lid,Crunchy Chips,Resealable Bag v2 - New Lid,Texas,Stale Taste,Twitter,2026-01-15T07:44:00,0.75,False,
9fdf2e97-839c-4404-a177-cdb5cf19955b,Resealable Bag v2 - New Lid half empty - Granola Bar,Granola Bar,Resealable Bag v2 - New Lid,Midwest,Low Fill,Call Center,2026-01-15T07:47:00,0.84,False,
744a8ba0-a68e-46c0-aef4-85fa92914ed8,New lid on Resealable Bag v1 doesn't seal properly,Soda Pop,Resealable Bag v1,Texas,Seal Failure,Call Center,2026-01-15T07:48:00,0.68,False,
3225f8cd-bb61-4a90-a006-fd3ca5481f68,"The Box 200g won't close, goes stale in Texas",Granola Bar,Box 200g,Texas,Seal Failure,Twitter,2026-01-15T07:56:00,0.92,False,
3a87d4ec-b1e0-4faf-8602-87d1d93af281,Resealable Bag v2 - New Lid half empty - Crunchy Chips,Crunchy Chips,Resealable Bag v2 - New Lid,Pacific Northwest,Low Fill,Amazon Review,2026-01-15T07:58:00,0.74,False,
5edb9de9-6f7c-4804-ba16-95afb2c5cfac,Can 330ml half empty - Crunchy Chips,Crunchy Chips,Can 330ml,Pacific Northwest,Low Fill,Amazon Review,2026-01-15T08:10:00,0.77,False,
209c1e71-f2f8-4e45-82f5-d91f402f1ad2,Box crushed in shipping to California,Cookies Pack,Box 200g,California,Damaged Pack,Email,2026-01-15T08:13:00,0.82,False,
4ae9e518-9621-4fbd-a077-0c9132ac0907,Ordered Granola Bar got wrong flavor,Granola Bar,Resealable Bag v2 - New Lid,Northeast,Wrong Flavor,Amazon Review,2026-01-15T08:19:00,0.66,False,
45fdda23-1ad5-4aff-b70c-84f2856441e1,Resealable Resealable Bag v2 - New Lid failed to close - California,Granola Bar,Resealable Bag v2 - New Lid,California,Seal Failure,Email,2026-01-15T08:21:00,0.68,False,
3d15a61b-2ee7-4136-8cfb-8f8bf5c89ed0,New lid on Can 330ml doesn't seal properly,Cookies Pack,Can 330ml,Pacific Northwest,Seal Failure,Email,2026-01-15T08:24:00,0.74,False,
909f20f8-034d-4858-a0bb-7627afada3b6,Resealable Bag v2 - New Lid leaking in transit to Pacific Northwest,Cookies Pack,Resealable Bag v2 - New Lid,Pacific Northwest,Leaking,Call Center,2026-01-15T08:28:00,0.65,False,
5b8084a7-accc-47d1-872f-409a216fd764,Resealable Bag v1 arrived torn,Cookies Pack,Resealable Bag v1,Northeast,Damaged Pack,Twitter,2026-01-15T08:32:00,0.9,False,
e11d91e5-1a0c-4826-b4d4-7798b040c1dc,New lid on Resealable Bag v1 doesn't seal properly,Crunchy Chips,Resealable Bag v1,Northeast,Seal Failure,Email,2026-01-15T08:50:00,0.67,False,
f2275722-40b7-4fc2-871e-8d4e31d5a13e,Resealable Can 330ml failed to close - Northeast,Granola Bar,Can 330ml,Northeast,Seal Failure,Call Center,2026-01-15T08:53:00,0.6,False,
90329a41-594a-44ad-aa3a-c21d191be38f,Box 200g half empty - Granola Bar,Granola Bar,Box 200g,Midwest,Low Fill,Twitter,2026-01-15T09:03:00,0.86,False,
01fbb3e0-b75a-49fc-b1fb-14f8389042e2,New lid on Box 200g doesn't seal properly,Granola Bar,Box 200g,Pacific Northwest,Seal Failure,Email,2026-01-15T09:13:00,0.73,False,
a359d138-6604-4575-92d9-7281a4f64128,Ordered Soda Pop got wrong flavor,Soda Pop,Can 330ml,Midwest,Wrong Flavor,Call Center,2026-01-15T09:14:00,0.9,False,
6a8b746c-e791-4f34-adfa-2c81f903703c,Stale Cookies Pack in Resealable Bag v1,Cookies Pack,Resealable Bag v1,Midwest,Stale Taste,Call Center,2026-01-15T09:15:00,0.83,False,
9474ad60-1055-4701-a245-901df2a7a61f,Ordered Cookies Pack got wrong flavor,Cookies Pack,Resealable Bag v2 - New Lid,Northeast,Wrong Flavor,Call Center,2026-01-15T09:18:00,0.75,False,
1f77e2b2-a015-45f5-9948-a069883f4e08,Can 330ml arrived torn,Soda Pop,Can 330ml,California,Damaged Pack,Call Center,2026-01-15T09:20:00,0.85,False,
40f873d2-8b6f-47be-ab89-2404521d720a,Box crushed in shipping to Northeast,Soda Pop,Box 200g,Northeast,Damaged Pack,Call Center,2026-01-15T09:40:00,0.63,False,
3d738f0d-967a-438f-8bbe-995ca290a862,Resealable Bag v1 half empty - Crunchy Chips,Crunchy Chips,Resealable Bag v1,California,Low Fill,Call Center,2026-01-15T09:53:00,0.76,False,
df4fd631-88d0-4d39-8810-6ed674b090f2,Box 200g arrived torn,Soda Pop,Box 200g,California,Damaged Pack,Call Center,2026-01-15T09:55:00,0.76,False,
ffca170f-3a77-4574-93fa-ee8a4232a421,Stale Granola Bar in Resealable Bag v1,Granola Bar,Resealable Bag v1,California,Stale Taste,Call Center,2026-01-15T10:01:00,0.91,False,
3a1f3316-6883-4d98-984f-937625ffff7a,"The Resealable Bag v2 - New Lid won't close, goes stale in California",Cookies Pack,Resealable Bag v2 - New Lid,California,Seal Failure,Twitter,2026-01-15T10:02:00,0.7,False,
81b47bbe-ab7e-4b75-820b-96baf3b15450,Resealable Bag v2 - New Lid half empty - Cookies Pack,Cookies Pack,Resealable Bag v2 - New Lid,Pacific Northwest,Low Fill,Twitter,2026-01-15T10:07:00,0.94,False,
b992c4d0-e6d8-4187-9402-1590b732c3f5,Resealable Bag v2 - New Lid arrived torn,Granola Bar,Resealable Bag v2 - New Lid,Midwest,Damaged Pack,Amazon Review,2026-01-15T10:12:00,0.73,False,
fb23d577-ea89-4158-bef3-0bfd96fd7f41,Resealable Resealable Bag v2 - New Lid failed to close - California,Crunchy Chips,Resealable Bag v2 - New Lid,California,Seal Failure,Amazon Review,2026-01-15T10:14:00,0.86,False,
6043ca73-a743-46aa-ac09-0c1e7eebf41f,Box crushed in shipping to California,Crunchy Chips,Can 330ml,California,Damaged Pack,Call Center,2026-01-15T10:20:00,0.69,False,
d334abc9-f484-4617-bdfc-d4089c843e20,Resealable Bag v2 - New Lid half empty - Granola Bar,Granola Bar,Resealable Bag v2 - New Lid,Northeast,Low Fill,Amazon Review,2026-01-15T10:20:00,0.66,False,
44a28db1-2ecb-428a-8558-4d9ab367bb90,Box 200g half empty - Granola Bar,Granola Bar,Box 200g,Texas,Low Fill,Email,2026-01-15T10:35:00,0.63,False,
6cdd266f-feca-4ece-b958-1b593e7501ec,Resealable Can 330ml failed to close - Texas,Cookies Pack,Can 330ml,Texas,Seal Failure,Twitter,2026-01-15T10:52:00,0.68,False,
60043f74-6a3b-413d-9027-7a22afb0df87,New lid on Resealable Bag v1 doesn't seal properly,Cookies Pack,Resealable Bag v1,California,Seal Failure,Twitter,2026-01-15T10:53:00,0.75,False,
a1aa6367-93ec-4791-ac73-6f6884ea32ea,Resealable Resealable Bag v1 failed to close - Northeast,Soda Pop,Resealable Bag v1,Northeast,Seal Failure,Twitter,2026-01-15T11:00:00,0.74,False,
713c5fae-6791-440b-8e7a-a864007f3e9e,Stale Soda Pop in Resealable Bag v1,Soda Pop,Resealable Bag v1,Pacific Northwest,Stale Taste,Amazon Review,2026-01-15T11:25:00,0.75,False,
64d4d11c-f80f-4e16-a4f3-e9be110cba4c,Box crushed in shipping to California,Cookies Pack,Can 330ml,California,Damaged Pack,Email,2026-01-15T11:35:00,0.64,False,
00222b51-2a26-4e45-817c-44d907b0607d,Ordered Crunchy Chips got wrong flavor,Crunchy Chips,Resealable Bag v2 - New Lid,California,Wrong Flavor,Amazon Review,2026-01-15T11:36:00,0.77,False,
6efe87ff-d082-4e7c-bf96-50ee763add44,Resealable Bag v2 - New Lid leaking in transit to Northeast,Cookies Pack,Resealable Bag v2 - New Lid,Northeast,Leaking,Email,2026-01-15T11:41:00,0.78,False,
c1582d2e-5030-4938-9efc-9042dd0bdbdf,Resealable Resealable Bag v1 failed to close - Midwest,Cookies Pack,Resealable Bag v1,Midwest,Seal Failure,Twitter,2026-01-15T11:41:00,0.81,False,
33b3af39-d717-4250-b6cc-6166282b4743,Box crushed in shipping to Northeast,Soda Pop,Box 200g,Northeast,Damaged Pack,Amazon Review,2026-01-15T11:53:00,0.73,False,
bb0f0daa-c37d-4c9a-a3c1-a26e85ab3043,Can 330ml leaking in transit to Pacific Northwest,Cookies Pack,Can 330ml,Pacific Northwest,Leaking,Email,2026-01-15T11:55:00,0.81,False,
51dd5d25-f8f7-47a2-889a-4fa09cd1cbf2,Resealable Resealable Bag v1 failed to close - Texas,Cookies Pack,Resealable Bag v1,Texas,Seal Failure,Twitter,2026-01-15T12:07:00,0.8,False,
e46986cc-4025-451b-819b-40cc1d392434,Can 330ml leaking in transit to California,Granola Bar,Can 330ml,California,Leaking,Call Center,2026-01-15T12:07:00,0.83,False,
757f75c7-9a53-470d-8f91-562ad757dbd6,Can 330ml half empty - Crunchy Chips,Crunchy Chips,Can 330ml,Pacific Northwest,Low Fill,Twitter,2026-01-15T12:10:00,0.65,False,
038e4f16-d97c-486a-ab61-2a900f454229,"The Resealable Bag v2 - New Lid won't close, goes stale in Northeast",Crunchy Chips,Resealable Bag v2 - New Lid,Northeast,Seal Failure,Call Center,2026-01-15T12:15:00,0.77,False,
a4782e99-c198-4586-8f7a-fc8e0c790207,Resealable Bag v2 - New Lid leaking in transit to Pacific Northwest,Granola Bar,Resealable Bag v2 - New Lid,Pacific Northwest,Leaking,Amazon Review,2026-01-15T12:29:00,0.9,False,
f8a11277-0868-4675-9e86-eadbfd5353a4,Box 200g half empty - Crunchy Chips,Crunchy Chips,Box 200g,Pacific Northwest,Low Fill,Call Center,2026-01-15T12:47:00,0.71,False,
850037b0-0d00-4f28-96ee-ced82acbf0e2,Box 200g leaking in transit to California,Soda Pop,Box 200g,California,Leaking,Call Center,2026-01-15T13:02:00,0.86,False,
fb29dffe-33aa-4488-ba07-8a11ed8dc8c1,Ordered Soda Pop got wrong flavor,Soda Pop,Box 200g,California,Wrong Flavor,Call Center,2026-01-15T13:05:00,0.62,False,
fa817de7-0a61-4ce7-afa1-0521fc1615b6,Resealable Bag v1 arrived torn,Crunchy Chips,Resealable Bag v1,Pacific Northwest,Damaged Pack,Twitter,2026-01-15T13:13:00,0.92,False,
b3043cd3-fd20-42d9-a852-d8f082413e33,Stale Granola Bar in Resealable Bag v2 - New Lid,Granola Bar,Resealable Bag v2 - New Lid,Northeast,Stale Taste,Twitter,2026-01-15T13:34:00,0.76,False,
2b1c4cb6-8243-4eb6-9a00-105c0599cbee,Resealable Resealable Bag v1 failed to close - Pacific Northwest,Granola Bar,Resealable Bag v1,Pacific Northwest,Seal Failure,Twitter,2026-01-15T13:47:00,0.9,False,
2148d0bb-495c-44d9-a476-522fb3b0eafb,Box 200g leaking in transit to Texas,Cookies Pack,Box 200g,Texas,Leaking,Twitter,2026-01-15T13:47:00,0.67,False,
e784df3a-986b-4586-89f7-e6f042d4536c,Box crushed in shipping to Texas,Soda Pop,Box 200g,Texas,Damaged Pack,Twitter,2026-01-15T13:52:00,0.71,False,
e5d7ccad-6426-45cd-8acb-847c4e8e8a69,"The Box 200g won't close, goes stale in Texas",Cookies Pack,Box 200g,Texas,Seal Failure,Amazon Review,2026-01-15T13:57:00,0.92,False,
76cbf606-f830-4a89-b590-c8b70455e7fa,New lid on Resealable Bag v2 - New Lid doesn't seal properly,Soda Pop,Resealable Bag v2 - New Lid,Northeast,Seal Failure,Call Center,2026-01-15T14:15:00,0.83,False,
68b9d798-f58d-4bbf-8eb3-09c3ba525c2c,Box 200g leaking in transit to Northeast,Cookies Pack,Box 200g,Northeast,Leaking,Call Center,2026-01-15T14:28:00,0.88,False,
194c2937-81a9-418e-a987-b318f822d914,Soda Pop tastes stale from California,Soda Pop,Resealable Bag v2 - New Lid,California,Stale Taste,Call Center,2026-01-15T14:34:00,0.73,False,
f810852e-a34f-4e48-8c69-221a47af8ced,Resealable Box 200g failed to close - Pacific Northwest,Soda Pop,Box 200g,Pacific Northwest,Seal Failure,Amazon Review,2026-01-15T15:06:00,0.81,False,
a0c8eec7-4ccd-4966-9ae1-9bff6f0feead,Resealable Bag v1 half empty - Crunchy Chips,Crunchy Chips,Resealable Bag v1,Pacific Northwest,Low Fill,Email,2026-01-15T16:07:00,0.75,False,
80da896a-de1b-43dd-8bbd-9e41cd7e048d,Ordered Soda Pop got wrong flavor,Soda Pop,Box 200g,California,Wrong Flavor,Email,2026-01-15T16:08:00,0.72,False,
aa8eec51-97ec-4a80-b14b-d97e54b24233,Opened Cookies Pack and it was stale,Cookies Pack,Can 330ml,Texas,Stale Taste,Email,2026-01-15T16:49:00,0.91,False,
a44494b1-8df2-4e46-9a4e-f08aebf9a48f,Granola Bar tastes stale from Midwest,Granola Bar,Can 330ml,Midwest,Stale Taste,Email,2026-01-15T16:57:00,0.92,False,
b1f9a1cb-ff09-462b-a736-7021286342cc,Resealable Bag v2 - New Lid leaking in transit to California,Granola Bar,Resealable Bag v2 - New Lid,California,Leaking,Call Center,2026-01-15T17:31:00,0.81,False,
1fcea1dc-3e2e-4556-bb65-df2b6a6feb91,"The Resealable Bag v2 - New Lid won't close, goes stale in Midwest",Cookies Pack,Resealable Bag v2 - New Lid,Midwest,Seal Failure,Twitter,2026-01-15T17:36:00,0.89,False,
d0e3de31-1697-4d6c-ad53-14095734d95c,"The Resealable Bag v1 won't close, goes stale in California",Soda Pop,Resealable Bag v1,California,Seal Failure,Twitter,2026-01-15T17:39:00,0.92,False,
56c285ff-9187-48ed-a52b-2a5318259a19,Resealable Bag v2 - New Lid arrived torn,Granola Bar,Resealable Bag v2 - New Lid,Texas,Damaged Pack,Twitter,2026-01-15T17:39:00,0.65,False,
f7ff7dd3-891b-4a9e-84a6-c88f89da6dba,Can 330ml half empty - Granola Bar,Granola Bar,Can 330ml,California,Low Fill,Call Center,2026-01-15T17:49:00,0.68,False,
a6a21e11-e854-424d-be8f-ad279408dfc7,New lid on Resealable Bag v2 - New Lid doesn't seal properly,Granola Bar,Resealable Bag v2 - New Lid,Texas,Seal Failure,Amazon Review,2026-01-15T18:08:00,0.81,False,
12be3e18-ed53-400a-bb76-643d298f8446,Resealable Bag v2 - New Lid arrived torn,Soda Pop,Resealable Bag v2 - New Lid,Northeast,Damaged Pack,Twitter,2026-01-15T18:12:00,0.88,False,
4f110da3-f62d-4712-81f9-23ff2442adbd,Ordered Soda Pop got wrong flavor,Soda Pop,Can 330ml,Midwest,Wrong Flavor,Twitter,2026-01-15T18:22:00,0.72,False,
7049ed04-0ac6-4fd7-b38f-cdbdb095ea08,Resealable Bag v1 arrived torn,Soda Pop,Resealable Bag v1,Texas,Damaged Pack,Amazon Review,2026-01-15T19:06:00,0.75,False,
e7319cc7-cbf5-42ca-af1b-b7c7c028f2bd,Stale Cookies Pack in Can 330ml,Cookies Pack,Can 330ml,California,Stale Taste,Email,2026-01-15T19:14:00,0.85,False,
d0147e65-8ab0-45ab-8d97-8285cbada039,"The Box 200g won't close, goes stale in Northeast",Cookies Pack,Box 200g,Northeast,Seal Failure,Email,2026-01-15T19:16:00,0.89,False,
516b4140-eae3-4e9d-8044-9e9d8f8242c0,Resealable Bag v2 - New Lid leaking in transit to Midwest,Granola Bar,Resealable Bag v2 - New Lid,Midwest,Leaking,Call Center,2026-01-15T19:20:00,0.73,False,
f647c4e6-8d32-4c23-ba4c-0d10b90f725b,Ordered Cookies Pack got wrong flavor,Cookies Pack,Resealable Bag v1,Northeast,Wrong Flavor,Twitter,2026-01-15T19:39:00,0.87,False,
76c314ba-0f12-49f7-80a0-2ce07a3b310c,Resealable Bag v1 arrived torn,Granola Bar,Resealable Bag v1,Midwest,Damaged Pack,Email,2026-01-15T19:45:00,0.82,False,
4dcead5a-4ffa-4df4-8a8c-30bf88f01d11,Can 330ml arrived torn,Granola Bar,Can 330ml,Northeast,Damaged Pack,Call Center,2026-01-15T19:46:00,0.61,False,
cdd55f8d-883f-4dd1-884a-34c101513c4b,Box 200g leaking in transit to Northeast,Soda Pop,Box 200g,Northeast,Leaking,Twitter,2026-01-15T19:56:00,0.71,False,
3eee50a8-f08a-4e69-a98b-5758681e2789,Resealable Bag v1 leaking in transit to California,Crunchy Chips,Resealable Bag v1,California,Leaking,Amazon Review,2026-01-15T20:33:00,0.6,False,
9c422e67-b005-413c-b819-225df04dbea3,Box 200g arrived torn,Cookies Pack,Box 200g,Pacific Northwest,Damaged Pack,Twitter,2026-01-15T20:47:00,0.8,False,
167fc409-3f0c-4126-a12d-a5aad791e1a9,Box 200g half empty - Soda Pop,Soda Pop,Box 200g,Northeast,Low Fill,Amazon Review,2026-01-15T20:56:00,0.82,False,
c8bce755-efb8-4ec4-b203-e07742751c22,Resealable Box 200g failed to close - California,Soda Pop,Box 200g,California,Seal Failure,Twitter,2026-01-15T21:09:00,0.93,False,
1d35826e-3933-4c72-b065-ca0d1ebd72be,Box 200g half empty - Soda Pop,Soda Pop,Box 200g,Northeast,Low Fill,Twitter,2026-01-15T21:25:00,0.6,False,
8c8bcef2-3f17-4ad2-be15-71bdc6e17c98,Can 330ml half empty - Cookies Pack,Cookies Pack,Can 330ml,Texas,Low Fill,Call Center,2026-01-15T21:33:00,0.78,False,
3ba28485-a9b9-4810-b6a2-94ee607d3a90,Resealable Bag v1 arrived torn,Cookies Pack,Resealable Bag v1,Midwest,Damaged Pack,Amazon Review,2026-01-15T21:41:00,0.88,False,
3e699458-f7da-4b22-aea0-29930d0c9258,Can 330ml leaking in transit to California,Crunchy Chips,Can 330ml,California,Leaking,Amazon Review,2026-01-15T21:51:00,0.63,False,
b543b2f1-1fdb-403f-92a0-0897427f95cc,Ordered Crunchy Chips got wrong flavor,Crunchy Chips,Can 330ml,Texas,Wrong Flavor,Twitter,2026-01-15T22:11:00,0.85,False,
8653a354-0e01-495e-ad5e-12ba174445b7,Soda Pop tastes stale from Northeast,Soda Pop,Box 200g,Northeast,Stale Taste,Call Center,2026-01-15T22:12:00,0.69,False,
fb371c76-be49-40c8-9d1c-8f6621bf9ab3,Box 200g leaking in transit to Northeast,Cookies Pack,Box 200g,Northeast,Leaking,Amazon Review,2026-01-15T22:13:00,0.79,False,
68120e33-1134-4146-a6a2-4063b7a9bf07,"The Resealable Bag v2 - New Lid won't close, goes stale in California",Crunchy Chips,Resealable Bag v2 - New Lid,California,Seal Failure,Email,2026-01-15T22:14:00,0.69,False,
a5ce2db1-3a24-40b3-8c79-e4fcf5c0dca1,New lid on Resealable Bag v2 - New Lid doesn't seal properly,Soda Pop,Resealable Bag v2 - New Lid,Midwest,Seal Failure,Call Center,2026-01-15T22:26:00,0.77,False,
47ce26f3-72c7-4aab-ba0b-2e649f8b47f5,Resealable Bag v2 - New Lid arrived torn,Cookies Pack,Resealable Bag v2 - New Lid,Texas,Damaged Pack,Amazon Review,2026-01-15T22:31:00,0.66,False,
4165547b-5f87-4195-b4d7-71e49bbb1ae4,Resealable Bag v2 - New Lid half empty - Crunchy Chips,Crunchy Chips,Resealable Bag v2 - New Lid,California,Low Fill,Call Center,2026-01-15T22:36:00,0.69,False,
d14b7d71-12f3-404b-867d-1767558f26d5,Ordered Granola Bar got wrong flavor,Granola Bar,Resealable Bag v2 - New Lid,Texas,Wrong Flavor,Twitter,2026-01-15T22:40:00,0.67,False,
b11bdd65-2b7d-4aa3-8261-a5592e8cb743,Can 330ml arrived torn,Granola Bar,Can 330ml,Pacific Northwest,Damaged Pack,Amazon Review,2026-01-15T22:43:00,0.87,False,
91ec24a4-1bb9-47a6-bd98-3ec58608dc14,Box crushed in shipping to Northeast,Cookies Pack,Can 330ml,Northeast,Damaged Pack,Amazon Review,2026-01-15T22:53:00,0.7,False,
281bbc7f-205a-4204-ba67-28e14cf5a9b8,Resealable Bag v2 - New Lid half empty - Soda Pop,Soda Pop,Resealable Bag v2 - New Lid,Northeast,Low Fill,Email,2026-01-15T23:11:00,0.74,False,
76c0ae20-280b-45c1-b1ab-994f0641522a,"The Box 200g won't close, goes stale in California",Cookies Pack,Box 200g,California,Seal Failure,Email,2026-01-15T23:22:00,0.63,False,
883a33f2-bc8e-45d5-acbd-a599d98a7524,Opened Crunchy Chips and it was stale,Crunchy Chips,Box 200g,Texas,Stale Taste,Twitter,2026-01-15T23:25:00,0.65,False,
d8ee3c0c-47ba-42c1-bb89-41adca0dc35a,Soda Pop tastes stale from California,Soda Pop,Resealable Bag v2 - New Lid,California,Stale Taste,Email,2026-01-15T23:30:00,0.95,False,
290a9d4a-e5ef-41de-be48-e83dfa0704fa,Resealable Resealable Bag v2 - New Lid failed to close - California,Crunchy Chips,Resealable Bag v2 - New Lid,California,Seal Failure,Email,2026-01-15T23:41:00,0.95,False,
b833ef92-15e9-4e5a-84da-eee7712be428,Can 330ml leaking in transit to Texas,Crunchy Chips,Can 330ml,Texas,Leaking,Email,2026-01-15T23:47:00,0.89,False,
c64eaddd-7c6e-44e7-9ae6-b9e3a1b15c04,Ordered Granola Bar got wrong flavor,Granola Bar,Can 330ml,Northeast,Wrong Flavor,Twitter,2026-01-15T23:48:00,0.79,False,
6440e6a7-b812-4bbe-b487-077f8ae5327f,Can 330ml arrived torn,Cookies Pack,Can 330ml,Pacific Northwest,Damaged Pack,Amazon Review,2026-01-15T23:55:00,0.75,False,
16e992d4-18d3-41da-8cbd-b6397193d61a,Opened Crunchy Chips and it was stale,Crunchy Chips,Box 200g,California,Stale Taste,Call Center,2026-01-15T23:56:00,0.95,False,
b0951573-62ee-4d2c-9573-fe3f1d3f823c,"The Can 330ml won't close, goes stale in Northeast",Soda Pop,Can 330ml,Northeast,Seal Failure,Twitter,2026-01-16T00:00:00,0.92,False,
292b1a73-43bb-40fe-a36c-0b5a54bbacd4,Box crushed in shipping to Texas,Granola Bar,Resealable Bag v2 - New Lid,Texas,Damaged Pack,Amazon Review,2026-01-16T00:20:00,0.88,False,
df611369-5337-4bf7-9c80-96936682fc2c,Resealable Bag v2 - New Lid arrived torn,Cookies Pack,Resealable Bag v2 - New Lid,Texas,Damaged Pack,Amazon Review,2026-01-16T00:26:00,0.82,False,
20942cde-6f55-46e3-ae01-0c5274dab683,Ordered Granola Bar got wrong flavor,Granola Bar,Resealable Bag v2 - New Lid,Pacific Northwest,Wrong Flavor,Call Center,2026-01-16T00:38:00,0.71,False,
7be01c2e-f79f-4281-bafc-d22a7597dd58,Ordered Granola Bar got wrong flavor,Granola Bar,Can 330ml,California,Wrong Flavor,Email,2026-01-16T00:43:00,0.83,False,
730f2778-8cc8-466a-8399-aa57f482f0ec,New lid on Resealable Bag v1 doesn't seal properly,Granola Bar,Resealable Bag v1,Northeast,Seal Failure,Twitter,2026-01-16T00:49:00,0.77,False,
5d05a964-b908-460d-a463-2cae84838742,Stale Crunchy Chips in Can 330ml,Crunchy Chips,Can 330ml,Midwest,Stale Taste,Twitter,2026-01-16T00:55:00,0.73,False,
6b58c600-7cd0-4cfc-95ee-1371ae1a0a2c,Box 200g leaking in transit to Northeast,Granola Bar,Box 200g,Northeast,Leaking,Amazon Review,2026-01-16T01:05:00,0.91,False,
9c1ebf35-bd81-454d-bfb4-d29976b81c2c,Box crushed in shipping to Texas,Soda Pop,Box 200g,Texas,Damaged Pack,Amazon Review,2026-01-16T01:11:00,0.68,False,
a07538bc-9a1b-492f-9a17-976ee6939243,Stale Soda Pop in Resealable Bag v1,Soda Pop,Resealable Bag v1,California,Stale Taste,Call Center,2026-01-16T01:21:00,0.79,False,
cb99fcbf-685a-4e54-8053-cea503c941b5,Box 200g leaking in transit to Midwest,Cookies Pack,Box 200g,Midwest,Leaking,Twitter,2026-01-16T01:23:00,0.77,False,
35cd098a-ee8f-430c-9ec7-86b6dd73eb69,Box 200g leaking in transit to Pacific Northwest,Soda Pop,Box 200g,Pacific Northwest,Leaking,Email,2026-01-16T01:24:00,0.62,False,
05ecbd7b-69e4-467b-9525-3f1e57874fbe,Resealable Bag v2 - New Lid arrived torn,Crunchy Chips,Resealable Bag v2 - New Lid,Northeast,Damaged Pack,Email,2026-01-16T01:32:00,0.82,False,
54b53b20-f159-42ed-b298-7ed744f1f17e,Resealable Bag v1 leaking in transit to California,Crunchy Chips,Resealable Bag v1,California,Leaking,Call Center,2026-01-16T02:03:00,0.73,False,
6d8ee414-37c5-4243-9f37-c294697a68c7,Can 330ml arrived torn,Cookies Pack,Can 330ml,Pacific Northwest,Damaged Pack,Twitter,2026-01-16T02:13:00,0.6,False,
50c8a85e-aaec-4095-a16a-27614f6e0eb9,Box 200g leaking in transit to California,Soda Pop,Box 200g,California,Leaking,Amazon Review,2026-01-16T02:29:00,0.84,False,
faf9309a-8d55-4b25-9fcc-7f4dda8ce625,Box 200g half empty - Crunchy Chips,Crunchy Chips,Box 200g,Midwest,Low Fill,Call Center,2026-01-16T02:38:00,0.9,False,
cf272a7b-b617-44a4-9831-3838ace641c7,Ordered Soda Pop got wrong flavor,Soda Pop,Resealable Bag v2 - New Lid,Midwest,Wrong Flavor,Email,2026-01-16T02:47:00,0.81,False,
0a31a7c9-c221-430f-986d-d662ea4ca16f,Can 330ml leaking in transit to Pacific Northwest,Crunchy Chips,Can 330ml,Pacific Northwest,Leaking,Twitter,2026-01-16T02:58:00,0.92,False,
2cc00bc2-d7b7-4cf5-8b49-36f805f1f693,Resealable Bag v2 - New Lid half empty - Cookies Pack,Cookies Pack,Resealable Bag v2 - New Lid,Northeast,Low Fill,Amazon Review,2026-01-16T02:59:00,0.7,False,
86067a6b-bbb3-4ad1-bc06-e3254c28893f,Stale Cookies Pack in Can 330ml,Cookies Pack,Can 330ml,California,Stale Taste,Amazon Review,2026-01-16T03:08:00,0.64,False,
d142fa00-8b3f-4b8a-ab17-884351f047b8,Ordered Cookies Pack got wrong flavor,Cookies Pack,Can 330ml,Pacific Northwest,Wrong Flavor,Email,2026-01-16T03:14:00,0.9,False,
9f11a4e5-3797-4f5e-954d-02a01b127df7,Can 330ml arrived torn,Cookies Pack,Can 330ml,Northeast,Damaged Pack,Call Center,2026-01-16T03:15:00,0.78,False,
70a4df67-d4a5-4ad1-9c35-25ae721537f6,Soda Pop tastes stale from Texas,Soda Pop,Box 200g,Texas,Stale Taste,Call Center,2026-01-16T03:16:00,0.91,False,
710e9ebf-0ab3-46f3-823a-ef846239e406,Ordered Granola Bar got wrong flavor,Granola Bar,Can 330ml,Midwest,Wrong Flavor,Email,2026-01-16T03:24:00,0.84,False,
fea20993-0cbf-4c9f-a4ca-bc90b387fadd,Resealable Resealable Bag v1 failed to close - Pacific Northwest,Soda Pop,Resealable Bag v1,Pacific Northwest,Seal Failure,Email,2026-01-16T03:40:00,0.61,False,
3d426ab1-91a1-4eb5-84e0-603511baae33,Box crushed in shipping to Midwest,Cookies Pack,Resealable Bag v2 - New Lid,Midwest,Damaged Pack,Twitter,2026-01-16T03:53:00,0.74,False,
f0824f50-5ce9-45ef-b89c-c42ec80ee673,New lid on Box 200g doesn't seal properly,Crunchy Chips,Box 200g,Midwest,Seal Failure,Call Center,2026-01-16T04:02:00,0.63,False,
588d0dcc-1ac0-416a-9078-ca4e3a21b20a,Opened Granola Bar and it was stale,Granola Bar,Resealable Bag v1,Northeast,Stale Taste,Amazon Review,2026-01-16T04:07:00,0.8,False,
f08d6c8f-37ca-4eea-bc06-c7905a65cbc7,Ordered Crunchy Chips got wrong flavor,Crunchy Chips,Box 200g,Midwest,Wrong Flavor,Amazon Review,2026-01-16T04:18:00,0.64,False,
7127c294-03ef-4635-9dea-adb9d8d1ef7b,Box 200g arrived torn,Granola Bar,Box 200g,Pacific Northwest,Damaged Pack,Call Center,2026-01-16T04:20:00,0.89,False,
cec6f5e3-701e-42e0-89b3-ddb15cdcee23,Box 200g half empty - Granola Bar,Granola Bar,Box 200g,Texas,Low Fill,Twitter,2026-01-16T04:33:00,0.85,False,
8dc14e8a-8ea0-4f22-98ab-b0eb732023bb,New lid on Resealable Bag v1 doesn't seal properly,Cookies Pack,Resealable Bag v1,Midwest,Seal Failure,Call Center,2026-01-16T04:35:00,0.87,False,
22277b5e-332a-49ed-97e6-7d0bfbd2090e,Resealable Bag v1 leaking in transit to Texas,Soda Pop,Resealable Bag v1,Texas,Leaking,Amazon Review,2026-01-16T04:45:00,0.75,False,
753e58b2-feb4-409d-b1ca-caf798a883d0,Ordered Cookies Pack got wrong flavor,Cookies Pack,Resealable Bag v1,Pacific Northwest,Wrong Flavor,Email,2026-01-16T04:46:00,0.6,False,
51afa7d6-aa6e-44d9-ba82-5c011440779b,Stale Granola Bar in Box 200g,Granola Bar,Box 200g,Midwest,Stale Taste,Email,2026-01-16T04:54:00,0.79,False,
74b58330-04e6-4b87-9157-203240a8f206,Ordered Cookies Pack got wrong flavor,Cookies Pack,Resealable Bag v2 - New Lid,Northeast,Wrong Flavor,Call Center,2026-01-16T05:05:00,0.86,False,
220bf9d8-6e2d-45f5-8d3e-d2c9efe4d5dc,Resealable Bag v2 - New Lid leaking in transit to Texas,Soda Pop,Resealable Bag v2 - New Lid,Texas,Leaking,Amazon Review,2026-01-16T05:06:00,0.61,False,
acbe148e-fde0-48f0-831c-54a46312d2bf,Ordered Granola Bar got wrong flavor,Granola Bar,Box 200g,California,Wrong Flavor,Twitter,2026-01-16T05:18:00,0.68,False,
d53e5c9d-38c0-4cde-a768-2ede53554507,Box 200g leaking in transit to California,Granola Bar,Box 200g,California,Leaking,Email,2026-01-16T05:20:00,0.66,False,
3806b9e8-4459-4b49-be13-7c56987fc319,Resealable Bag v1 leaking in transit to Midwest,Soda Pop,Resealable Bag v1,Midwest,Leaking,Email,2026-01-16T05:34:00,0.62,False,
e6cce968-ccde-4d02-b323-1d428ed766e0,New lid on Can 330ml doesn't seal properly,Soda Pop,Can 330ml,Pacific Northwest,Seal Failure,Amazon Review,2026-01-16T05:56:00,0.61,False,
36e33e32-d302-40dc-a448-4cda1168852b,Resealable Bag v2 - New Lid arrived torn,Cookies Pack,Resealable Bag v2 - New Lid,Northeast,Damaged Pack,Email,2026-01-16T06:12:00,0.7,False,
ed1a9065-84d2-4dce-86e2-ef00a267dd99,Ordered Cookies Pack got wrong flavor,Cookies Pack,Resealable Bag v1,Midwest,Wrong Flavor,Email,2026-01-16T06:19:00,0.82,False,
4d10cfc6-813c-472c-abe6-c87e22b478fc,Ordered Cookies Pack got wrong flavor,Cookies Pack,Resealable Bag v1,Northeast,Wrong Flavor,Amazon Review,2026-01-16T06:26:00,0.67,False,
c7c49f41-13d1-4d7e-b03c-d7948895e173,Ordered Granola Bar got wrong flavor,Granola Bar,Box 200g,Pacific Northwest,Wrong Flavor,Amazon Review,2026-01-16T06:28:00,0.64,False,
ca2f3cb3-5069-41e8-b48f-21a74d3e057c,Box crushed in shipping to California,Cookies Pack,Can 330ml,California,Damaged Pack,Amazon Review,2026-01-16T06:30:00,0.79,False,
60d86dcf-8c7c-4683-b59a-e8130e804fde,Can 330ml arrived torn,Crunchy Chips,Can 330ml,Pacific Northwest,Damaged Pack,Amazon Review,2026-01-16T06:32:00,0.87,False,
1074afb6-2ae3-4fd7-83e6-171b2fc06fac,Resealable Bag v2 - New Lid half empty - Cookies Pack,Cookies Pack,Resealable Bag v2 - New Lid,Pacific Northwest,Low Fill,Call Center,2026-01-16T06:34:00,0.77,False,
fc1f2f92-5b79-49ec-9cb5-30a35024c5a2,New lid on Can 330ml doesn't seal properly,Crunchy Chips,Can 330ml,Pacific Northwest,Seal Failure,Call Center,2026-01-16T06:35:00,0.65,False,
abd36615-634b-41b4-bad3-00fc63660337,Crunchy Chips tastes stale from California,Crunchy Chips,Resealable Bag v1,California,Stale Taste,Call Center,2026-01-16T06:37:00,0.72,False,
a516ef63-16f1-4d71-b76e-e77fdd9b4e7d,"The Resealable Bag v1 won't close, goes stale in Texas",Cookies Pack,Resealable Bag v1,Texas,Seal Failure,Twitter,2026-01-16T06:41:00,0.93,False,
97becfa3-8ded-4b4c-9c28-f279f3c77d6b,Opened Crunchy Chips and it was stale,Crunchy Chips,Resealable Bag v2 - New Lid,Texas,Stale Taste,Twitter,2026-01-16T06:48:00,0.91,False,
13ab3440-5430-4c59-ba42-cb3a9cc90e38,Opened Crunchy Chips and it was stale,Crunchy Chips,Box 200g,Northeast,Stale Taste,Call Center,2026-01-16T06:55:00,0.9,False,
ea823fe8-45f5-41f0-988a-7a55a91571fd,Crunchy Chips tastes stale from Northeast,Crunchy Chips,Resealable Bag v2 - New Lid,Northeast,Stale Taste,Email,2026-01-16T06:57:00,0.86,False,
1cecbb5b-450a-4cfd-a49b-dea94062bfad,Resealable Bag v1 arrived torn,Crunchy Chips,Resealable Bag v1,Midwest,Damaged Pack,Amazon Review,2026-01-16T07:09:00,0.61,False,
818c6f08-df20-44a8-a00d-2a8f0324a21e,"The Resealable Bag v1 won't close, goes stale in California",Granola Bar,Resealable Bag v1,California,Seal Failure,Call Center,2026-01-16T07:18:00,0.67,False,
421b4945-d409-4714-b8d4-add272b94ecb,Stale Soda Pop in Can 330ml,Soda Pop,Can 330ml,Pacific Northwest,Stale Taste,Amazon Review,2026-01-16T07:21:00,0.82,False,
99fd4f42-e781-455c-b0f1-fd0ee5185b25,"The Resealable Bag v1 won't close, goes stale in Northeast",Granola Bar,Resealable Bag v1,Northeast,Seal Failure,Call Center,2026-01-16T07:39:00,0.9,False,
a89d14d9-eacd-4549-b3a0-1ff5ee9d336f,Resealable Bag v1 half empty - Cookies Pack,Cookies Pack,Resealable Bag v1,California,Low Fill,Email,2026-01-16T07:53:00,0.77,False,
f5a5dc84-24f5-40b0-a11f-42beca5a2da7,Box crushed in shipping to Pacific Northwest,Cookies Pack,Resealable Bag v1,Pacific Northwest,Damaged Pack,Email,2026-01-16T07:55:00,0.91,False,
af6ca9a9-0ad3-4917-954f-c16347f7a1e1,Resealable Bag v2 - New Lid leaking in transit to Texas,Granola Bar,Resealable Bag v2 - New Lid,Texas,Leaking,Twitter,2026-01-16T08:00:00,0.63,False,
5ffd4d9b-6c98-4282-a049-80033fe16d11,Can 330ml leaking in transit to Northeast,Crunchy Chips,Can 330ml,Northeast,Leaking,Email,2026-01-16T08:11:00,0.65,False,
237276d2-f13d-4703-8709-c6a16010bb1a,Cookies Pack tastes stale from Northeast,Cookies Pack,Box 200g,Northeast,Stale Taste,Call Center,2026-01-16T08:12:00,0.74,False,
46dab34d-4056-4a56-bea5-3051e71c9aa4,Resealable Bag v2 - New Lid arrived torn,Soda Pop,Resealable Bag v2 - New Lid,California,Damaged Pack,Call Center,2026-01-16T08:17:00,0.76,False,
761253ad-e3d2-4f6d-ae3e-46c34504af20,Can 330ml half empty - Soda Pop,Soda Pop,Can 330ml,Midwest,Low Fill,Twitter,2026-01-16T08:28:00,0.62,False,
fd5d0983-0369-4478-ac09-f28ad5081771,Resealable Bag v1 half empty - Cookies Pack,Cookies Pack,Resealable Bag v1,California,Low Fill,Email,2026-01-16T08:37:00,0.93,False,
9fccc06f-80d1-4bbd-b4ed-74cf82d659c9,Resealable Can 330ml failed to close - Northeast,Soda Pop,Can 330ml,Northeast,Seal Failure,Email,2026-01-16T08:59:00,0.65,False,
7660ab5f-a29d-4cf6-8820-62187bfd36ae,Ordered Granola Bar got wrong flavor,Granola Bar,Can 330ml,California,Wrong Flavor,Call Center,2026-01-16T08:59:00,0.78,False,
4ab618aa-ee55-40e4-8871-56f5b5b2fba7,Cookies Pack tastes stale from Northeast,Cookies Pack,Resealable Bag v2 - New Lid,Northeast,Stale Taste,Twitter,2026-01-16T09:08:00,0.79,False,
999e0313-b40b-4ce3-a9de-07f5b0da421b,Resealable Box 200g failed to close - Pacific Northwest,Granola Bar,Box 200g,Pacific Northwest,Seal Failure,Amazon Review,2026-01-16T09:08:00,0.72,False,
62573984-7e81-4898-9adc-57957a7d9ea8,Opened Soda Pop and it was stale,Soda Pop,Resealable Bag v2 - New Lid,Northeast,Stale Taste,Twitter,2026-01-16T09:15:00,0.63,False,
1413666c-c9a8-4908-b0d8-3b0bde5b21fe,Resealable Bag v1 half empty - Crunchy Chips,Crunchy Chips,Resealable Bag v1,Northeast,Low Fill,Amazon Review,2026-01-16T09:18:00,0.88,False,
e0b53e73-7c78-4642-8960-8487c992931d,"The Resealable Bag v1 won't close, goes stale in Texas",Granola Bar,Resealable Bag v1,Texas,Seal Failure,Twitter,2026-01-16T09:42:00,0.72,False,
36ac5e98-689e-4ca2-93bf-aa61618e3473,Opened Granola Bar and it was stale,Granola Bar,Resealable Bag v1,Northeast,Stale Taste,Amazon Review,2026-01-16T09:47:00,0.86,False,
2156f486-6052-4145-a357-e8dd9cf0d151,Can 330ml leaking in transit to Midwest,Granola Bar,Can 330ml,Midwest,Leaking,Amazon Review,2026-01-16T10:02:00,0.85,False,
b8f70da1-316a-49e6-928c-3bf1d29e3ca1,Opened Cookies Pack and it was stale,Cookies Pack,Resealable Bag v2 - New Lid,Texas,Stale Taste,Email,2026-01-16T10:10:00,0.86,False,
2d7aaa8a-8559-4084-aa53-e15e853343be,Opened Granola Bar and it was stale,Granola Bar,Resealable Bag v1,California,Stale Taste,Twitter,2026-01-16T10:29:00,0.75,False,
b15da439-b1ee-4eb8-b273-afeb13b8485b,Box crushed in shipping to Pacific Northwest,Granola Bar,Resealable Bag v1,Pacific Northwest,Damaged Pack,Twitter,2026-01-16T10:37:00,0.86,False,
34592bf2-f950-4b09-a8f2-a2d8356d2cc9,Resealable Can 330ml failed to close - Texas,Cookies Pack,Can 330ml,Texas,Seal Failure,Call Center,2026-01-16T10:45:00,0.84,False,
2c7e5707-7c0b-42c8-b6bd-09f2b340e55a,Resealable Box 200g failed to close - Midwest,Cookies Pack,Box 200g,Midwest,Seal Failure,Call Center,2026-01-16T11:18:00,0.78,False,
f90fe83d-0ed8-40ee-a15a-6653d6ea3cf5,New lid on Resealable Bag v2 - New Lid doesn't seal properly,Cookies Pack,Resealable Bag v2 - New Lid,California,Seal Failure,Email,2026-01-16T11:36:00,0.7,False,
7e6e1389-01f0-4fb2-aaab-acd3d7291ee6,Resealable Bag v1 leaking in transit to Texas,Soda Pop,Resealable Bag v1,Texas,Leaking,Twitter,2026-01-16T11:37:00,0.88,False,
2e23d875-84e4-4987-95dc-2cc839e6e470,Granola Bar tastes stale from Northeast,Granola Bar,Resealable Bag v2 - New Lid,Northeast,Stale Taste,Twitter,2026-01-16T11:42:00,0.9,False,
a86b6d8a-37f1-4e99-ba60-c652a8fe52ec,Granola Bar tastes stale from Texas,Granola Bar,Box 200g,Texas,Stale Taste,Email,2026-01-16T11:57:00,0.75,False,
42084f37-3ccf-40af-a1db-b6f649352573,Opened Cookies Pack and it was stale,Cookies Pack,Resealable Bag v1,Pacific Northwest,Stale Taste,Email,2026-01-16T12:13:00,0.8,False,
202d82db-a983-4a99-9ce8-563d3ff2daa0,Opened Crunchy Chips and it was stale,Crunchy Chips,Resealable Bag v2 - New Lid,Texas,Stale Taste,Call Center,2026-01-16T12:31:00,0.81,False,
e096e540-e70c-4845-9a07-51b1f0fa47ae,Can 330ml leaking in transit to California,Crunchy Chips,Can 330ml,California,Leaking,Amazon Review,2026-01-16T12:35:00,0.79,False,
89b7a365-424e-43a0-8113-c307486951e4,Ordered Cookies Pack got wrong flavor,Cookies Pack,Resealable Bag v2 - New Lid,Northeast,Wrong Flavor,Call Center,2026-01-16T13:13:00,0.81,False,
84bff049-5081-4cea-807d-14aa8c1f485e,Ordered Soda Pop got wrong flavor,Soda Pop,Resealable Bag v2 - New Lid,California,Wrong Flavor,Amazon Review,2026-01-16T13:17:00,0.92,False,
64e74ca3-50f5-49ad-b7c5-b647fa6b0fef,New lid on Resealable Bag v2 - New Lid doesn't seal properly,Cookies Pack,Resealable Bag v2 - New Lid,Midwest,Seal Failure,Email,2026-01-16T13:42:00,0.92,False,
603fd58d-6bdc-4ea8-8f24-b7fe698a68e6,Ordered Soda Pop got wrong flavor,Soda Pop,Can 330ml,Northeast,Wrong Flavor,Amazon Review,2026-01-16T13:53:00,0.65,False,
3d6fb65f-f897-4e0e-8071-9b90cf340054,Ordered Soda Pop got wrong flavor,Soda Pop,Box 200g,Pacific Northwest,Wrong Flavor,Twitter,2026-01-16T13:54:00,0.69,False,
ee64ea49-ff2d-4de8-be9f-777b9fea345a,Resealable Bag v2 - New Lid half empty - Crunchy Chips,Crunchy Chips,Resealable Bag v2 - New Lid,Midwest,Low Fill,Twitter,2026-01-16T13:56:00,0.72,False,
91f7d2a8-f4f6-45b2-b41f-e43c74100b61,Ordered Crunchy Chips got wrong flavor,Crunchy Chips,Resealable Bag v2 - New Lid,Pacific Northwest,Wrong Flavor,Call Center,2026-01-16T14:05:00,0.62,False,
50953eb1-daf6-4c7f-b378-f7456ccfd5b0,Crunchy Chips tastes stale from California,Crunchy Chips,Resealable Bag v1,California,Stale Taste,Email,2026-01-16T14:08:00,0.91,False,
21e0cdf9-a511-48ae-8914-bd68694b6194,Box 200g leaking in transit to Midwest,Soda Pop,Box 200g,Midwest,Leaking,Twitter,2026-01-16T14:11:00,0.74,False,
d8f8b015-57b2-4bfd-a103-54c58d2e0a1c,Box 200g half empty - Crunchy Chips,Crunchy Chips,Box 200g,California,Low Fill,Amazon Review,2026-01-16T14:36:00,0.82,False,
81774631-a742-49a5-8869-29dcb4e98d7d,Box 200g half empty - Crunchy Chips,Crunchy Chips,Box 200g,California,Low Fill,Amazon Review,2026-01-16T14:42:00,0.69,False,
03ed909e-109b-490f-9e46-1bee2d739125,Box 200g half empty - Granola Bar,Granola Bar,Box 200g,Midwest,Low Fill,Amazon Review,2026-01-16T14:52:00,0.85,False,
7f1905d2-0604-4029-89dd-15ac28420bbe,Stale Cookies Pack in Resealable Bag v2 - New Lid,Cookies Pack,Resealable Bag v2 - New Lid,California,Stale Taste,Email,2026-01-16T15:09:00,0.6,False,
46f898a4-1388-4fe0-8341-dda471d0fc4b,Resealable Bag v1 leaking in transit to Pacific Northwest,Crunchy Chips,Resealable Bag v1,Pacific Northwest,Leaking,Call Center,2026-01-16T15:13:00,0.88,False,
dcc4b4a5-8f26-4da3-a8c1-949f659e5caa,Stale Cookies Pack in Box 200g,Cookies Pack,Box 200g,Texas,Stale Taste,Email,2026-01-16T15:24:00,0.88,False,
7280a89e-5e83-41a9-85ac-3b6222bc9199,Can 330ml leaking in transit to Texas,Granola Bar,Can 330ml,Texas,Leaking,Twitter,2026-01-16T15:39:00,0.73,False,
0c0589fd-e1d3-47c6-a091-ae3e6bc90b24,Ordered Crunchy Chips got wrong flavor,Crunchy Chips,Resealable Bag v2 - New Lid,California,Wrong Flavor,Amazon Review,2026-01-16T15:56:00,0.77,False,
ed823f3a-d758-467d-98b9-7e05bb0b0798,Cookies Pack tastes stale from Pacific Northwest,Cookies Pack,Can 330ml,Pacific Northwest,Stale Taste,Email,2026-01-16T16:02:00,0.88,False,
75dc8629-d90b-44d0-9c1a-1b1fe017adfb,Resealable Bag v1 half empty - Soda Pop,Soda Pop,Resealable Bag v1,Northeast,Low Fill,Amazon Review,2026-01-16T16:15:00,0.95,False,
9db39f64-dd38-43a7-be61-faba179c5410,Opened Cookies Pack and it was stale,Cookies Pack,Can 330ml,California,Stale Taste,Email,2026-01-16T16:24:00,0.7,False,
e0f14d46-a04b-4b45-b70d-1e3922ad145f,Stale Crunchy Chips in Can 330ml,Crunchy Chips,Can 330ml,Midwest,Stale Taste,Call Center,2026-01-16T16:30:00,0.82,False,
d7b9620f-6349-4434-b8d0-9ebf1a192f20,Resealable Bag v2 - New Lid leaking in transit to Northeast,Crunchy Chips,Resealable Bag v2 - New Lid,Northeast,Leaking,Amazon Review,2026-01-16T16:35:00,0.78,False,
c15eaaff-b6d3-47c5-960c-a150a1373cef,Granola Bar tastes stale from California,Granola Bar,Box 200g,California,Stale Taste,Amazon Review,2026-01-16T16:56:00,0.84,False,
7090451c-f47a-439a-88f4-7aba529fc9d2,Box crushed in shipping to Texas,Granola Bar,Can 330ml,Texas,Damaged Pack,Amazon Review,2026-01-16T16:57:00,0.68,False,
a1fd6bfa-0cfd-46cc-9ee4-8991e2e7d788,Ordered Cookies Pack got wrong flavor,Cookies Pack,Box 200g,Texas,Wrong Flavor,Call Center,2026-01-16T17:03:00,0.92,False,
0fbf4dc2-cd5b-47bd-8227-a98bc53643fe,Box crushed in shipping to Northeast,Granola Bar,Resealable Bag v2 - New Lid,Northeast,Damaged Pack,Email,2026-01-16T17:07:00,0.71,False,
2b3dd3ad-6328-49df-a028-8eea7308b7e8,New lid on Resealable Bag v1 doesn't seal properly,Soda Pop,Resealable Bag v1,Texas,Seal Failure,Twitter,2026-01-16T17:13:00,0.89,False,
30acfd6f-319c-4bcd-a56a-c941ae83069e,Box 200g half empty - Cookies Pack,Cookies Pack,Box 200g,Texas,Low Fill,Email,2026-01-16T17:21:00,0.71,False,
63df6b13-c89c-49fe-a897-75204bb68f61,Resealable Bag v1 arrived torn,Cookies Pack,Resealable Bag v1,Midwest,Damaged Pack,Email,2026-01-16T17:23:00,0.81,False,
de23979d-d7e0-4ff2-8661-fe5df9d00f19,Ordered Soda Pop got wrong flavor,Soda Pop,Resealable Bag v1,Pacific Northwest,Wrong Flavor,Call Center,2026-01-16T17:31:00,0.94,False,
9aaf620d-23e6-4305-abd5-fc249407a073,Box crushed in shipping to Northeast,Granola Bar,Resealable Bag v1,Northeast,Damaged Pack,Amazon Review,2026-01-16T18:06:00,0.66,False,
3961e173-ad14-43f0-8d98-3a0deb903c53,Ordered Granola Bar got wrong flavor,Granola Bar,Can 330ml,Texas,Wrong Flavor,Twitter,2026-01-16T18:15:00,0.61,False,
ba63bf00-f46d-494a-8ae7-c739072d0f1f,Ordered Crunchy Chips got wrong flavor,Crunchy Chips,Resealable Bag v2 - New Lid,Northeast,Wrong Flavor,Amazon Review,2026-01-16T18:17:00,0.68,False,
5ba11fdf-9172-4ee0-bf72-76fd0068a3d3,Ordered Crunchy Chips got wrong flavor,Crunchy Chips,Can 330ml,Pacific Northwest,Wrong Flavor,Amazon Review,2026-01-16T18:25:00,0.68,False,
08fe7f85-7173-4eeb-a91e-e1a6d1b3aaee,Resealable Bag v1 arrived torn,Granola Bar,Resealable Bag v1,California,Damaged Pack,Email,2026-01-16T18:57:00,0.78,False,
bfcd5423-1306-4eaa-a8ac-f328ca6aca23,Ordered Crunchy Chips got wrong flavor,Crunchy Chips,Resealable Bag v1,Pacific Northwest,Wrong Flavor,Call Center,2026-01-16T19:12:00,0.61,False,
18f353d3-25b9-4a6f-b2a2-1d48e7af6aea,Ordered Crunchy Chips got wrong flavor,Crunchy Chips,Resealable Bag v1,California,Wrong Flavor,Call Center,2026-01-16T19:12:00,0.78,False,
b992aa25-6732-4f8f-b00c-da91e288b1f9,Box 200g half empty - Cookies Pack,Cookies Pack,Box 200g,Pacific Northwest,Low Fill,Email,2026-01-16T19:14:00,0.66,False,
2bd2fb09-a6ac-44cd-b217-b15c30a9529f,Resealable Bag v2 - New Lid half empty - Cookies Pack,Cookies Pack,Resealable Bag v2 - New Lid,Texas,Low Fill,Email,2026-01-16T19:43:00,0.64,False,
57a7b552-c667-48c5-9c48-b82340b66d54,Resealable Bag v2 - New Lid leaking in transit to Northeast,Soda Pop,Resealable Bag v2 - New Lid,Northeast,Leaking,Twitter,2026-01-16T19:53:00,0.82,False,
1d38734f-524d-4fe8-b660-65cd2fafb5da,Resealable Box 200g failed to close - Northeast,Crunchy Chips,Box 200g,Northeast,Seal Failure,Amazon Review,2026-01-16T19:54:00,0.73,False,
13517b0a-a766-4cde-934f-99101eb93ad2,Can 330ml half empty - Crunchy Chips,Crunchy Chips,Can 330ml,Texas,Low Fill,Call Center,2026-01-16T19:56:00,0.84,False,
3e38de1f-ffb8-43a1-9d4f-653acfda9701,Opened Cookies Pack and it was stale,Cookies Pack,Box 200g,California,Stale Taste,Twitter,2026-01-16T20:03:00,0.7,False,
4f6b8a2f-981d-40d7-ae04-a58c5aace3b4,Can 330ml leaking in transit to Texas,Cookies Pack,Can 330ml,Texas,Leaking,Call Center,2026-01-16T20:06:00,0.92,False,
b0aee708-46a4-409e-b12f-0cad046587f9,Resealable Bag v1 half empty - Crunchy Chips,Crunchy Chips,Resealable Bag v1,Northeast,Low Fill,Amazon Review,2026-01-16T20:08:00,0.72,False,
67e694c8-95bf-45fd-befa-f58375739855,Crunchy Chips tastes stale from Texas,Crunchy Chips,Resealable Bag v1,Texas,Stale Taste,Amazon Review,2026-01-16T20:10:00,0.7,False,
ccc6915b-e17b-425e-a5af-b6f200a20758,Crunchy Chips tastes stale from Midwest,Crunchy Chips,Can 330ml,Midwest,Stale Taste,Email,2026-01-16T20:18:00,0.63,False,
97002d38-b663-4935-82ed-9854c1f70330,Resealable Bag v2 - New Lid half empty - Crunchy Chips,Crunchy Chips,Resealable Bag v2 - New Lid,California,Low Fill,Call Center,2026-01-16T20:36:00,0.93,False,
ed10765f-084f-4326-9d72-fba154b500d3,Resealable Bag v1 leaking in transit to Northeast,Cookies Pack,Resealable Bag v1,Northeast,Leaking,Twitter,2026-01-16T20:49:00,0.69,False,
4e2249df-f8d2-4eb0-8bb5-c6dca421d022,New lid on Resealable Bag v2 - New Lid doesn't seal properly,Cookies Pack,Resealable Bag v2 - New Lid,Texas,Seal Failure,Amazon Review,2026-01-16T21:08:00,0.91,False,
5ac43362-6e81-4c63-bbbb-0445a2f97bef,Stale Granola Bar in Can 330ml,Granola Bar,Can 330ml,Pacific Northwest,Stale Taste,Email,2026-01-16T21:17:00,0.84,False,
27353030-8b74-44db-a398-50025d695746,Can 330ml arrived torn,Crunchy Chips,Can 330ml,California,Damaged Pack,Call Center,2026-01-16T21:19:00,0.82,False,
263a5818-3c4e-4a3a-b1ec-bc7caa4d47ac,Resealable Bag v1 half empty - Cookies Pack,Cookies Pack,Resealable Bag v1,California,Low Fill,Amazon Review,2026-01-16T21:26:00,0.71,False,
7532bab9-e957-498c-b876-7c4dd285bee7,Resealable Bag v1 leaking in transit to Texas,Crunchy Chips,Resealable Bag v1,Texas,Leaking,Twitter,2026-01-16T21:30:00,0.79,False,
c53e9ddd-45aa-4d79-ac02-6bfe4de01430,Box 200g leaking in transit to Texas,Crunchy Chips,Box 200g,Texas,Leaking,Twitter,2026-01-16T22:00:00,0.89,False,
36816c14-ae3a-4502-90ee-40079dbbb613,Ordered Soda Pop got wrong flavor,Soda Pop,Resealable Bag v1,Texas,Wrong Flavor,Call Center,2026-01-16T22:02:00,0.91,False,
1d280ba2-788b-4c7e-96ea-8a3ebbadd4c3,Can 330ml leaking in transit to Texas,Crunchy Chips,Can 330ml,Texas,Leaking,Twitter,2026-01-16T22:04:00,0.93,False,
d83a4947-4e23-4ebd-9ef6-6a144e42d96a,Box 200g leaking in transit to Midwest,Crunchy Chips,Box 200g,Midwest,Leaking,Twitter,2026-01-16T22:07:00,0.73,False,
7414ce96-495c-49a2-a558-f90e6423cbc5,Resealable Can 330ml failed to close - Pacific Northwest,Soda Pop,Can 330ml,Pacific Northwest,Seal Failure,Twitter,2026-01-16T22:08:00,0.72,False,
dd0872b5-3f8d-4f51-a4d7-044b68b293ea,Can 330ml leaking in transit to California,Cookies Pack,Can 330ml,California,Leaking,Call Center,2026-01-16T22:10:00,0.71,False,
7228f452-8290-4cab-bad7-0a20aef222c9,Box 200g half empty - Soda Pop,Soda Pop,Box 200g,Northeast,Low Fill,Amazon Review,2026-01-16T22:14:00,0.94,False,
f26f6aab-0b85-434b-95da-883a7283c7fb,Ordered Crunchy Chips got wrong flavor,Crunchy Chips,Resealable Bag v2 - New Lid,Northeast,Wrong Flavor,Twitter,2026-01-16T22:21:00,0.8,False,
7ba5751e-ce10-435c-a256-8915a8ebae0f,Resealable Bag v2 - New Lid leaking in transit to Northeast,Cookies Pack,Resealable Bag v2 - New Lid,Northeast,Leaking,Amazon Review,2026-01-16T22:28:00,0.75,False,
aa91d006-4980-48b8-94dd-c0ce92a84a72,Box crushed in shipping to Texas,Soda Pop,Resealable Bag v2 - New Lid,Texas,Damaged Pack,Email,2026-01-16T22:36:00,0.86,False,
41c827ec-3282-4f1a-9198-796cca09acb1,Ordered Cookies Pack got wrong flavor,Cookies Pack,Box 200g,Midwest,Wrong Flavor,Call Center,2026-01-16T22:58:00,0.78,False,
db01325e-ebab-4ad9-8b60-51495de3838c,Resealable Bag v1 arrived torn,Cookies Pack,Resealable Bag v1,Pacific Northwest,Damaged Pack,Call Center,2026-01-16T23:09:00,0.73,False,
b13f32d5-5202-4d71-8499-445a53aad259,Can 330ml half empty - Soda Pop,Soda Pop,Can 330ml,Midwest,Low Fill,Call Center,2026-01-16T23:21:00,0.81,False,
77300dc4-7b6b-4da2-af98-c9b0dd68f3f2,Ordered Soda Pop got wrong flavor,Soda Pop,Box 200g,Midwest,Wrong Flavor,Call Center,2026-01-16T23:22:00,0.93,False,
ef3fc0e4-15dd-42fd-8d31-681e33f61a5b,Opened Granola Bar and it was stale,Granola Bar,Box 200g,California,Stale Taste,Email,2026-01-17T00:00:00,0.75,False,
d86169d5-b458-4ec5-8ea0-5888b10c0fcb,New lid on Resealable Bag v2 - New Lid doesn't seal properly,Cookies Pack,Resealable Bag v2 - New Lid,Midwest,Seal Failure,Twitter,2026-01-17T00:04:00,0.79,False,
cb800722-1d8c-4265-8e25-a6476cc2a53d,Opened Crunchy Chips and it was stale,Crunchy Chips,Box 200g,Northeast,Stale Taste,Email,2026-01-17T00:07:00,0.83,False,
47ab8f19-ef7a-4b54-b3fb-895535d1dc49,Ordered Crunchy Chips got wrong flavor,Crunchy Chips,Box 200g,Northeast,Wrong Flavor,Twitter,2026-01-17T00:12:00,0.8,False,
d3f90efc-1aaa-4cc1-8bed-3372bee83116,Resealable Resealable Bag v1 failed to close - Pacific Northwest,Soda Pop,Resealable Bag v1,Pacific Northwest,Seal Failure,Email,2026-01-17T00:14:00,0.8,False,
33cb3237-1d1d-4ec6-b51d-bf4bc676ebde,Box 200g half empty - Granola Bar,Granola Bar,Box 200g,Texas,Low Fill,Twitter,2026-01-17T00:14:00,0.92,False,
7e8831d1-6623-477d-96c0-db0aff9c5b5f,Resealable Bag v1 half empty - Granola Bar,Granola Bar,Resealable Bag v1,Texas,Low Fill,Twitter,2026-01-17T00:32:00,0.65,False,
4651182e-1919-4e7c-8e6c-438b9913c203,Box 200g leaking in transit to Pacific Northwest,Soda Pop,Box 200g,Pacific Northwest,Leaking,Amazon Review,2026-01-17T00:51:00,0.76,False,
d0429a8f-34db-4386-a07d-d14acef337c9,Resealable Bag v1 half empty - Soda Pop,Soda Pop,Resealable Bag v1,California,Low Fill,Amazon Review,2026-01-17T01:00:00,0.7,False,
c1f07acb-dbfe-4684-b1fa-e54f21c898dc,Can 330ml half empty - Cookies Pack,Cookies Pack,Can 330ml,Texas,Low Fill,Amazon Review,2026-01-17T01:07:00,0.67,False,
33d1efde-fd0e-4f68-96f7-cee78ae53018,Can 330ml arrived torn,Soda Pop,Can 330ml,Northeast,Damaged Pack,Twitter,2026-01-17T01:10:00,0.93,False,
c94c3108-bb98-43b3-ae7a-1041739a2e04,Can 330ml half empty - Soda Pop,Soda Pop,Can 330ml,Midwest,Low Fill,Twitter,2026-01-17T01:18:00,0.79,False,
e1adc92e-0616-4749-b80e-75a3a0c18a01,"The Resealable Bag v1 won't close, goes stale in Texas",Crunchy Chips,Resealable Bag v1,Texas,Seal Failure,Call Center,2026-01-17T01:19:00,0.69,False,
480857e4-1941-4324-bf89-8f89f0f139e4,Ordered Soda Pop got wrong flavor,Soda Pop,Box 200g,California,Wrong Flavor,Twitter,2026-01-17T01:40:00,0.86,False,
381e4bed-c2ac-4081-b87a-660b841bcf21,Resealable Box 200g failed to close - Pacific Northwest,Cookies Pack,Box 200g,Pacific Northwest,Seal Failure,Twitter,2026-01-17T02:00:00,0.91,False,
dc8f05b1-4374-4b91-a314-bc441a4662e5,Box 200g leaking in transit to Northeast,Cookies Pack,Box 200g,Northeast,Leaking,Email,2026-01-17T02:23:00,0.81,False,
7a473656-7309-46fd-a70d-e234ce81820d,Resealable Can 330ml failed to close - Northeast,Soda Pop,Can 330ml,Northeast,Seal Failure,Email,2026-01-17T02:33:00,0.73,False,
ece48afc-9fd8-4817-b7c6-a56298f89149,Granola Bar tastes stale from Texas,Granola Bar,Can 330ml,Texas,Stale Taste,Email,2026-01-17T02:34:00,0.67,False,
4f24052d-3620-4fff-8a14-d3df8cfc699d,Box 200g arrived torn,Crunchy Chips,Box 200g,Texas,Damaged Pack,Amazon Review,2026-01-17T02:41:00,0.86,False,
ddc55d88-e318-4b70-a931-6aa2f254795a,Resealable Bag v1 arrived torn,Cookies Pack,Resealable Bag v1,Midwest,Damaged Pack,Amazon Review,2026-01-17T02:47:00,0.92,False,
fb751af0-7110-4f94-aa15-fb15035c882f,New lid on Can 330ml doesn't seal properly,Crunchy Chips,Can 330ml,Pacific Northwest,Seal Failure,Amazon Review,2026-01-17T03:10:00,0.89,False,
b3526305-6ef7-489d-b2a0-a53cc4860dfd,Ordered Granola Bar got wrong flavor,Granola Bar,Can 330ml,Midwest,Wrong Flavor,Email,2026-01-17T03:13:00,0.72,False,
4711a1a4-652d-4977-ab55-9a06abfb9068,Ordered Soda Pop got wrong flavor,Soda Pop,Box 200g,Midwest,Wrong Flavor,Email,2026-01-17T03:28:00,0.71,False,
99d01d35-09d5-49ff-af36-30286ff81d9c,Box 200g leaking in transit to Northeast,Crunchy Chips,Box 200g,Northeast,Leaking,Twitter,2026-01-17T03:48:00,0.92,False,
3c289daa-0ee4-4203-a717-60135e42a076,New lid on Resealable Bag v1 doesn't seal properly,Granola Bar,Resealable Bag v1,California,Seal Failure,Twitter,2026-01-17T03:58:00,0.85,False,
ba425df7-9c48-4aa8-b9af-f10ac396e64c,Box 200g half empty - Cookies Pack,Cookies Pack,Box 200g,Pacific Northwest,Low Fill,Amazon Review,2026-01-17T04:00:00,0.66,False,
e2bc3e4f-352c-4744-8621-8400528f00f8,Box crushed in shipping to Texas,Soda Pop,Can 330ml,Texas,Damaged Pack,Amazon Review,2026-01-17T04:08:00,0.67,False,
f56b8470-b85d-4cdd-a1c9-e21acad4971e,Ordered Granola Bar got wrong flavor,Granola Bar,Can 330ml,Northeast,Wrong Flavor,Twitter,2026-01-17T04:13:00,0.79,False,
53f53510-6c8b-4bc8-aa80-dba72e799264,Box 200g arrived torn,Cookies Pack,Box 200g,Midwest,Damaged Pack,Amazon Review,2026-01-17T04:16:00,0.64,False,
bc0f8168-e651-41dd-9dc5-1ca187770f59,Box crushed in shipping to Midwest,Soda Pop,Resealable Bag v1,Midwest,Damaged Pack,Twitter,2026-01-17T04:18:00,0.72,False,
92c6b88f-5223-41b1-9413-d8aad46d9147,Resealable Bag v2 - New Lid half empty - Cookies Pack,Cookies Pack,Resealable Bag v2 - New Lid,Pacific Northwest,Low Fill,Email,2026-01-17T04:30:00,0.89,False,
1df3141f-cefb-473c-812f-c630f5d70f76,Box crushed in shipping to Pacific Northwest,Crunchy Chips,Can 330ml,Pacific Northwest,Damaged Pack,Call Center,2026-01-17T04:41:00,0.86,False,
53414e0b-700e-42d5-8f54-c6f3cc7da6ad,Box 200g half empty - Soda Pop,Soda Pop,Box 200g,Midwest,Low Fill,Call Center,2026-01-17T04:45:00,0.63,False,
8c040737-e7cd-41fe-a811-18eb062bc372,Resealable Bag v2 - New Lid half empty - Cookies Pack,Cookies Pack,Resealable Bag v2 - New Lid,Northeast,Low Fill,Amazon Review,2026-01-17T04:51:00,0.65,False,
bb5c5edd-bee9-4f3c-8336-eaac9be16fce,Resealable Bag v1 leaking in transit to Texas,Soda Pop,Resealable Bag v1,Texas,Leaking,Email,2026-01-17T04:57:00,0.84,False,
46064102-6a5d-41a8-8d6d-d0acb882bb2b,Stale Granola Bar in Can 330ml,Granola Bar,Can 330ml,Pacific Northwest,Stale Taste,Amazon Review,2026-01-17T05:08:00,0.78,False,
bb18b9eb-5969-42bb-b725-275d5966185c,New lid on Box 200g doesn't seal properly,Crunchy Chips,Box 200g,Pacific Northwest,Seal Failure,Call Center,2026-01-17T05:33:00,0.73,False,
594af9c8-d3cc-44e9-bee4-aa8a3ddc2f2d,Box crushed in shipping to Pacific Northwest,Cookies Pack,Box 200g,Pacific Northwest,Damaged Pack,Twitter,2026-01-17T05:37:00,0.75,False,
30f8e925-a20e-4aea-ae43-6839da71687c,"The Resealable Bag v1 won't close, goes stale in Midwest",Crunchy Chips,Resealable Bag v1,Midwest,Seal Failure,Email,2026-01-17T05:40:00,0.93,False,
b8bc31d1-d1a2-48e5-a188-98b99c1e13ec,Resealable Bag v1 arrived torn,Soda Pop,Resealable Bag v1,Midwest,Damaged Pack,Email,2026-01-17T05:41:00,0.85,False,
d8150112-aa91-451f-a648-d6f76a335a5c,Resealable Bag v2 - New Lid half empty - Granola Bar,Granola Bar,Resealable Bag v2 - New Lid,California,Low Fill,Email,2026-01-17T05:50:00,0.68,False,
34ceb202-8fc3-4a89-884d-bcae22ccd53d,Resealable Bag v2 - New Lid leaking in transit to Texas,Granola Bar,Resealable Bag v2 - New Lid,Texas,Leaking,Twitter,2026-01-17T06:06:00,0.76,False,
2715d753-d4d3-432e-9470-1ade615d1413,Ordered Cookies Pack got wrong flavor,Cookies Pack,Resealable Bag v2 - New Lid,Northeast,Wrong Flavor,Twitter,2026-01-17T06:06:00,0.67,False,
3a7fabbd-925d-42b6-b79c-ba4f84b5f180,Resealable Bag v2 - New Lid half empty - Soda Pop,Soda Pop,Resealable Bag v2 - New Lid,Midwest,Low Fill,Twitter,2026-01-17T06:08:00,0.87,False,
5b943175-dce6-488f-8afc-5c10bd61ae9a,Box crushed in shipping to Texas,Soda Pop,Resealable Bag v2 - New Lid,Texas,Damaged Pack,Call Center,2026-01-17T06:21:00,0.71,False,
d1bbae89-240c-4e0a-ad76-130f74f6ab56,Ordered Cookies Pack got wrong flavor,Cookies Pack,Resealable Bag v2 - New Lid,Texas,Wrong Flavor,Email,2026-01-17T06:29:00,0.67,False,
2a3b9818-7dc6-4838-9a3c-c90b145b9b81,Resealable Bag v2 - New Lid leaking in transit to Northeast,Soda Pop,Resealable Bag v2 - New Lid,Northeast,Leaking,Amazon Review,2026-01-17T06:48:00,0.64,False,
cf57cca2-4b13-45f3-af31-40ba138d00ac,"The Resealable Bag v2 - New Lid won't close, goes stale in California",Cookies Pack,Resealable Bag v2 - New Lid,California,Seal Failure,Call Center,2026-01-17T06:53:00,0.77,False,
9c4a30bd-3247-4da5-a45d-9b5e07d3c914,Ordered Granola Bar got wrong flavor,Granola Bar,Resealable Bag v2 - New Lid,California,Wrong Flavor,Twitter,2026-01-17T06:58:00,0.85,False,
2dcc339a-54b7-4b1a-84e5-66dc0f58acc8,New lid on Resealable Bag v2 - New Lid doesn't seal properly,Crunchy Chips,Resealable Bag v2 - New Lid,Northeast,Seal Failure,Amazon Review,2026-01-17T07:06:00,0.69,False,
0404e0ac-e1d9-4b73-886d-5546e9b14587,Box 200g arrived torn,Cookies Pack,Box 200g,California,Damaged Pack,Twitter,2026-01-17T07:46:00,0.69,False,
c29a15f6-9bef-4f68-aa48-520510ab5125,"The Box 200g won't close, goes stale in Midwest",Soda Pop,Box 200g,Midwest,Seal Failure,Amazon Review,2026-01-17T07:47:00,0.94,False,
f00e1dd2-4af8-4702-bd29-0ef637e41702,Box crushed in shipping to Texas,Crunchy Chips,Can 330ml,Texas,Damaged Pack,Twitter,2026-01-17T07:51:00,0.82,False,
c4e8c17a-94fa-47a2-9ac4-80b416266ea0,Box crushed in shipping to Midwest,Soda Pop,Resealable Bag v2 - New Lid,Midwest,Damaged Pack,Email,2026-01-17T07:52:00,0.9,False,
519155db-8f33-4abb-a460-69adfc55172a,Box 200g half empty - Cookies Pack,Cookies Pack,Box 200g,Northeast,Low Fill,Twitter,2026-01-17T07:56:00,0.72,False,
7bced1f4-28a9-4f82-a3f2-1d31176c2e63,Can 330ml arrived torn,Crunchy Chips,Can 330ml,Pacific Northwest,Damaged Pack,Amazon Review,2026-01-17T08:20:00,0.78,False,
f6fc652a-9835-49b1-8d8a-a51bca220411,New lid on Resealable Bag v2 - New Lid doesn't seal properly,Cookies Pack,Resealable Bag v2 - New Lid,California,Seal Failure,Call Center,2026-01-17T08:22:00,0.68,False,
23722974-69a5-4e85-8ae8-346ce9d79afc,Resealable Bag v1 half empty - Granola Bar,Granola Bar,Resealable Bag v1,California,Low Fill,Twitter,2026-01-17T08:30:00,0.7,False,
f41616c0-bb1d-41fb-9510-0d9a6e73e5a5,New lid on Box 200g doesn't seal properly,Granola Bar,Box 200g,Texas,Seal Failure,Email,2026-01-17T08:38:00,0.8,False,
0a052f24-9325-4789-9184-3ef606d7109c,Can 330ml half empty - Cookies Pack,Cookies Pack,Can 330ml,Texas,Low Fill,Twitter,2026-01-17T08:42:00,0.88,False,
467ebb22-2fe5-4da4-95df-6916ebc1acfd,Ordered Crunchy Chips got wrong flavor,Crunchy Chips,Resealable Bag v2 - New Lid,Midwest,Wrong Flavor,Twitter,2026-01-17T09:06:00,0.94,False,
f7727fd3-741b-44f0-b018-b4fd65502fe0,Box 200g leaking in transit to Texas,Soda Pop,Box 200g,Texas,Leaking,Email,2026-01-17T09:07:00,0.68,False,
38ae6f6a-e4e9-4d15-bc38-b62bb8f6b7c7,Resealable Bag v1 leaking in transit to Midwest,Crunchy Chips,Resealable Bag v1,Midwest,Leaking,Amazon Review,2026-01-17T09:21:00,0.89,False,
bbadcc4b-d5fd-4567-88b2-0875b119a6da,New lid on Box 200g doesn't seal properly,Crunchy Chips,Box 200g,California,Seal Failure,Email,2026-01-17T09:21:00,0.6,False,
deb73b0d-cb5f-4e3f-9553-b61b7b203af1,Can 330ml leaking in transit to Northeast,Crunchy Chips,Can 330ml,Northeast,Leaking,Email,2026-01-17T09:28:00,0.69,False,
41eafba3-a594-423f-884e-0a746d8e0da5,Ordered Granola Bar got wrong flavor,Granola Bar,Resealable Bag v2 - New Lid,Pacific Northwest,Wrong Flavor,Call Center,2026-01-17T09:28:00,0.71,False,
ad123c3a-c22d-4a7f-b2d6-24b45bffaaab,Can 330ml arrived torn,Crunchy Chips,Can 330ml,Texas,Damaged Pack,Amazon Review,2026-01-17T09:28:00,0.68,False,
414cf8b9-8c18-42a9-b32e-612d5bb83f92,"The Can 330ml won't close, goes stale in Texas",Crunchy Chips,Can 330ml,Texas,Seal Failure,Amazon Review,2026-01-17T09:45:00,0.84,False,
116b4543-f0d6-46ac-b740-80ce41d45787,Ordered Crunchy Chips got wrong flavor,Crunchy Chips,Can 330ml,Northeast,Wrong Flavor,Twitter,2026-01-17T09:55:00,0.87,False,
7c99bff8-a781-4236-9deb-570dad8afa73,"The Resealable Bag v1 won't close, goes stale in California",Crunchy Chips,Resealable Bag v1,California,Seal Failure,Amazon Review,2026-01-17T10:08:00,0.66,False,
5cfce146-201b-451b-ae74-f0c02312fe57,"The Resealable Bag v2 - New Lid won't close, goes stale in Midwest",Granola Bar,Resealable Bag v2 - New Lid,Midwest,Seal Failure,Amazon Review,2026-01-17T10:17:00,0.75,False,
5ddb42af-ab38-4257-96c7-6f97a1671448,Can 330ml leaking in transit to Midwest,Soda Pop,Can 330ml,Midwest,Leaking,Email,2026-01-17T10:30:00,0.86,False,
295ba0d0-1ee2-4c32-895a-68b2c47f4a67,Ordered Crunchy Chips got wrong flavor,Crunchy Chips,Resealable Bag v1,Northeast,Wrong Flavor,Call Center,2026-01-17T10:32:00,0.9,False,
dd3aee09-18b1-46dd-abc4-7334c6ed1748,Box crushed in shipping to California,Cookies Pack,Can 330ml,California,Damaged Pack,Twitter,2026-01-17T10:44:00,0.77,False,
1545a260-bce2-4333-9a70-405611ca99d7,Resealable Bag v2 - New Lid leaking in transit to California,Soda Pop,Resealable Bag v2 - New Lid,California,Leaking,Amazon Review,2026-01-17T10:51:00,0.83,False,
9174e3b3-6dec-470b-a940-215d492f85b0,Resealable Bag v1 half empty - Cookies Pack,Cookies Pack,Resealable Bag v1,Midwest,Low Fill,Email,2026-01-17T10:56:00,0.95,False,
093519ae-a6fd-4707-92c4-726d9ecb51d5,New lid on Can 330ml doesn't seal properly,Cookies Pack,Can 330ml,California,Seal Failure,Amazon Review,2026-01-17T11:32:00,0.68,False,
be253d99-197a-4ce7-9f8a-62e2caed9dd6,Resealable Bag v2 - New Lid arrived torn,Cookies Pack,Resealable Bag v2 - New Lid,California,Damaged Pack,Call Center,2026-01-17T11:37:00,0.86,False,
1379d8f2-420e-484d-93d2-fe5f90c7e7f5,Opened Soda Pop and it was stale,Soda Pop,Resealable Bag v2 - New Lid,Midwest,Stale Taste,Call Center,2026-01-17T11:39:00,0.67,False,
906b5a51-b7d9-4a43-822f-2fdcbc4c00f7,Resealable Resealable Bag v2 - New Lid failed to close - Midwest,Crunchy Chips,Resealable Bag v2 - New Lid,Midwest,Seal Failure,Twitter,2026-01-17T11:43:00,0.9,False,
22866742-7bcb-40fc-acc0-9565c79b88e1,Box crushed in shipping to Midwest,Granola Bar,Resealable Bag v2 - New Lid,Midwest,Damaged Pack,Email,2026-01-17T12:00:00,0.9,False,
af9fbb67-5c14-43a6-addb-83eb98fb0327,Stale Cookies Pack in Box 200g,Cookies Pack,Box 200g,California,Stale Taste,Twitter,2026-01-17T12:07:00,0.84,False,
47da51ff-5fcd-4648-87a5-93851fdadec7,Ordered Granola Bar got wrong flavor,Granola Bar,Can 330ml,Pacific Northwest,Wrong Flavor,Twitter,2026-01-17T12:19:00,0.61,False,
2e21eea4-98d6-4897-8ba5-8958b75c1f60,Ordered Soda Pop got wrong flavor,Soda Pop,Can 330ml,Pacific Northwest,Wrong Flavor,Twitter,2026-01-17T12:35:00,0.87,False,
1d0d2552-87fa-4704-8b5e-0037aad39f98,Ordered Crunchy Chips got wrong flavor,Crunchy Chips,Resealable Bag v2 - New Lid,Texas,Wrong Flavor,Twitter,2026-01-17T12:39:00,0.66,False,
cbddb181-a4d7-48cb-bd01-6067740e5c09,Box 200g half empty - Soda Pop,Soda Pop,Box 200g,California,Low Fill,Call Center,2026-01-17T12:39:00,0.88,False,
d7d6f40e-f623-45f9-a396-e758f53cbf7f,Resealable Bag v2 - New Lid leaking in transit to Northeast,Soda Pop,Resealable Bag v2 - New Lid,Northeast,Leaking,Amazon Review,2026-01-17T12:48:00,0.65,False,
a75b7ee0-4665-4510-a91f-5ec9d08de64d,Box 200g half empty - Cookies Pack,Cookies Pack,Box 200g,Northeast,Low Fill,Amazon Review,2026-01-17T12:49:00,0.69,False,
5f3d1ef3-016d-4d01-a160-52bf3f081286,Box 200g half empty - Granola Bar,Granola Bar,Box 200g,Texas,Low Fill,Twitter,2026-01-17T12:51:00,0.65,False,
33b20a30-08e0-4138-947c-28cdc26a6ea2,Ordered Cookies Pack got wrong flavor,Cookies Pack,Resealable Bag v2 - New Lid,California,Wrong Flavor,Call Center,2026-01-17T12:58:00,0.78,False,
a9e5eafc-a356-4a83-a407-7d60d3735a67,Box 200g arrived torn,Cookies Pack,Box 200g,Northeast,Damaged Pack,Amazon Review,2026-01-17T13:06:00,0.69,False,
1969d8e5-a741-4cbc-99cb-b22094edfe1f,Resealable Bag v1 arrived torn,Granola Bar,Resealable Bag v1,Northeast,Damaged Pack,Amazon Review,2026-01-17T13:06:00,0.94,False,
447cfa48-d158-4b4b-9a1c-415d165fa9dc,Granola Bar tastes stale from Texas,Granola Bar,Resealable Bag v2 - New Lid,Texas,Stale Taste,Twitter,2026-01-17T13:10:00,0.81,False,
cac6e2a2-2902-4ded-8fa1-e16539d7db22,Ordered Cookies Pack got wrong flavor,Cookies Pack,Resealable Bag v2 - New Lid,Northeast,Wrong Flavor,Call Center,2026-01-17T13:10:00,0.76,False,
f8c8a164-28d8-4b86-99bb-2396c0cf067d,Ordered Cookies Pack got wrong flavor,Cookies Pack,Box 200g,Texas,Wrong Flavor,Call Center,2026-01-17T13:30:00,0.82,False,
80eb4f92-13c0-4c35-aa21-9beca5bb0721,Resealable Bag v2 - New Lid half empty - Crunchy Chips,Crunchy Chips,Resealable Bag v2 - New Lid,California,Low Fill,Amazon Review,2026-01-17T13:33:00,0.66,False,
a9f2f54f-18ba-4fce-82a5-125f711e5360,"The Resealable Bag v2 - New Lid won't close, goes stale in Pacific Northwest",Soda Pop,Resealable Bag v2 - New Lid,Pacific Northwest,Seal Failure,Amazon Review,2026-01-17T13:42:00,0.67,False,
594c3c17-cfc8-40a7-8502-861c3de9d9eb,Box crushed in shipping to California,Cookies Pack,Can 330ml,California,Damaged Pack,Amazon Review,2026-01-17T13:48:00,0.62,False,
838f993b-24ff-4e96-aaf1-e8ffdf964559,Stale Granola Bar in Can 330ml,Granola Bar,Can 330ml,Texas,Stale Taste,Email,2026-01-17T14:12:00,0.85,False,
25144836-75c6-4c8a-b293-494a75bb3122,Can 330ml half empty - Crunchy Chips,Crunchy Chips,Can 330ml,Texas,Low Fill,Call Center,2026-01-17T14:18:00,0.7,False,
077a0f8b-f0ec-4d45-b618-2b654bf6cc80,Resealable Bag v1 leaking in transit to Texas,Soda Pop,Resealable Bag v1,Texas,Leaking,Twitter,2026-01-17T14:25:00,0.67,False,
d1f9aae3-8f06-4b94-abd8-6d4046b29ae6,Resealable Bag v1 leaking in transit to Northeast,Soda Pop,Resealable Bag v1,Northeast,Leaking,Email,2026-01-17T14:26:00,0.66,False,
4d625430-3bb0-43b1-8220-22e4e222e3ee,Can 330ml half empty - Crunchy Chips,Crunchy Chips,Can 330ml,Midwest,Low Fill,Amazon Review,2026-01-17T14:30:00,0.75,False,
0b27a09b-7479-4e84-b12f-9336e7ac12bd,Box crushed in shipping to Midwest,Granola Bar,Resealable Bag v2 - New Lid,Midwest,Damaged Pack,Email,2026-01-17T14:35:00,0.82,False,
cbb99e86-06f1-42b6-8e66-06b75fc6943a,Resealable Bag v2 - New Lid half empty - Crunchy Chips,Crunchy Chips,Resealable Bag v2 - New Lid,Texas,Low Fill,Call Center,2026-01-17T14:53:00,0.74,False,
0fa3a723-90e3-4f58-9f28-61fe8e54692f,Ordered Cookies Pack got wrong flavor,Cookies Pack,Can 330ml,Northeast,Wrong Flavor,Amazon Review,2026-01-17T15:13:00,0.74,False,
0c7b5080-9bfd-45bc-8f23-dbf4acfdd6a7,Ordered Granola Bar got wrong flavor,Granola Bar,Can 330ml,Midwest,Wrong Flavor,Amazon Review,2026-01-17T15:14:00,0.78,False,
854291d8-d4cb-4367-b385-0c3431486915,New lid on Can 330ml doesn't seal properly,Soda Pop,Can 330ml,California,Seal Failure,Amazon Review,2026-01-17T15:24:00,0.72,False,
f4feaa40-8e88-4206-911c-b4abedae659e,Ordered Granola Bar got wrong flavor,Granola Bar,Can 330ml,Northeast,Wrong Flavor,Call Center,2026-01-17T15:28:00,0.88,False,
f6a22418-73b8-4f56-b240-b2b53ab52adf,Soda Pop tastes stale from Midwest,Soda Pop,Box 200g,Midwest,Stale Taste,Amazon Review,2026-01-17T15:41:00,0.67,False,
05ebaa79-a9e1-4dad-8b3a-c121c423f695,Ordered Soda Pop got wrong flavor,Soda Pop,Can 330ml,California,Wrong Flavor,Twitter,2026-01-17T15:45:00,0.68,False,
5a12c333-34fd-4ac4-8f36-40a5cf4fc8db,Box 200g arrived torn,Cookies Pack,Box 200g,Pacific Northwest,Damaged Pack,Email,2026-01-17T16:01:00,0.89,False,
b6ddf340-3f19-49e3-8674-b77c7b0b7c7c,Resealable Bag v2 - New Lid leaking in transit to Texas,Soda Pop,Resealable Bag v2 - New Lid,Texas,Leaking,Amazon Review,2026-01-17T16:01:00,0.73,False,
f3b0b7c8-4703-4042-9390-d371ab0b4f4e,Resealable Resealable Bag v1 failed to close - Midwest,Cookies Pack,Resealable Bag v1,Midwest,Seal Failure,Twitter,2026-01-17T16:05:00,0.63,False,
c2f5b6e6-2b00-4ccd-a7bc-684dac9a7e71,Resealable Bag v2 - New Lid half empty - Cookies Pack,Cookies Pack,Resealable Bag v2 - New Lid,Texas,Low Fill,Call Center,2026-01-17T16:23:00,0.77,False,
2eb573ca-976c-4ac6-b07b-f6dceb334575,Ordered Cookies Pack got wrong flavor,Cookies Pack,Can 330ml,Pacific Northwest,Wrong Flavor,Email,2026-01-17T16:40:00,0.89,False,
5e241f88-a6ea-49c0-a8a2-2fdc615cd5c3,Box crushed in shipping to California,Granola Bar,Resealable Bag v2 - New Lid,California,Damaged Pack,Call Center,2026-01-17T16:40:00,0.61,False,
fe1739aa-5b8e-4f6a-a9bb-b156e34004a2,Can 330ml half empty - Soda Pop,Soda Pop,Can 330ml,Pacific Northwest,Low Fill,Email,2026-01-17T16:46:00,0.68,False,
708d57be-1818-45fb-b078-e7399f2053c4,Can 330ml half empty - Crunchy Chips,Crunchy Chips,Can 330ml,California,Low Fill,Email,2026-01-17T16:52:00,0.71,False,
50745ac1-511b-4851-b220-d451068e8163,New lid on Resealable Bag v2 - New Lid doesn't seal properly,Crunchy Chips,Resealable Bag v2 - New Lid,Northeast,Seal Failure,Email,2026-01-17T16:56:00,0.72,False,
38648915-b704-4115-ae50-6248949505f2,Ordered Granola Bar got wrong flavor,Granola Bar,Can 330ml,Pacific Northwest,Wrong Flavor,Amazon Review,2026-01-17T17:04:00,0.82,False,
41c40e5b-40fb-4b4f-8558-9ca3a6ed78dc,Box 200g arrived torn,Cookies Pack,Box 200g,Northeast,Damaged Pack,Call Center,2026-01-17T17:08:00,0.7,False,
93677913-a7d7-47d8-b965-7fc14312d2b5,Box crushed in shipping to Texas,Granola Bar,Box 200g,Texas,Damaged Pack,Amazon Review,2026-01-17T17:12:00,0.7,False,
ad8bcbd7-62e5-4511-8fd9-1bcafdf2f6d9,Box 200g half empty - Soda Pop,Soda Pop,Box 200g,Midwest,Low Fill,Email,2026-01-17T17:27:00,0.92,False,
d114d958-e9ab-434a-a367-865549ce5c46,Can 330ml leaking in transit to Northeast,Crunchy Chips,Can 330ml,Northeast,Leaking,Email,2026-01-17T17:28:00,0.69,False,
8002a75c-a649-4e25-b30f-e18b754f4fa5,Resealable Can 330ml failed to close - Midwest,Granola Bar,Can 330ml,Midwest,Seal Failure,Call Center,2026-01-17T17:28:00,0.94,False,
5de72610-d332-4f89-a650-2dfdcb002d1f,"The Can 330ml won't close, goes stale in Northeast",Cookies Pack,Can 330ml,Northeast,Seal Failure,Amazon Review,2026-01-17T17:33:00,0.81,False,
7974a69a-851e-4a5b-9f1e-34bc0e25772d,Box 200g leaking in transit to Northeast,Crunchy Chips,Box 200g,Northeast,Leaking,Call Center,2026-01-17T17:33:00,0.86,False,
d22a6a2a-e054-4a79-9b52-08e94170eaa2,Stale Soda Pop in Box 200g,Soda Pop,Box 200g,Midwest,Stale Taste,Amazon Review,2026-01-17T17:34:00,0.67,False,
e5c1ca87-528e-4498-97ae-8fb5a3822517,Resealable Bag v2 - New Lid half empty - Crunchy Chips,Crunchy Chips,Resealable Bag v2 - New Lid,Texas,Low Fill,Amazon Review,2026-01-17T17:41:00,0.89,False,
b122d3b0-bd4a-4874-99b6-7ec40ac64070,Resealable Bag v1 arrived torn,Granola Bar,Resealable Bag v1,Texas,Damaged Pack,Call Center,2026-01-17T18:03:00,0.77,False,
a05fb66c-d79d-4281-86aa-83ed60b17e36,Opened Soda Pop and it was stale,Soda Pop,Can 330ml,Northeast,Stale Taste,Twitter,2026-01-17T18:07:00,0.86,False,
d10278ed-004f-4a0c-b08b-d017754ba342,Resealable Can 330ml failed to close - Pacific Northwest,Granola Bar,Can 330ml,Pacific Northwest,Seal Failure,Call Center,2026-01-17T18:26:00,0.82,False,
11c64fd8-a7da-4775-b8eb-f1ba1cc67a97,Ordered Soda Pop got wrong flavor,Soda Pop,Can 330ml,Midwest,Wrong Flavor,Call Center,2026-01-17T18:30:00,0.72,False,
8fbfefab-ad4e-4ffd-b094-6fdd4739de87,Opened Crunchy Chips and it was stale,Crunchy Chips,Resealable Bag v1,Pacific Northwest,Stale Taste,Twitter,2026-01-17T18:52:00,0.9,False,
dd95b629-9ddf-44b2-919e-1ed8a2791d0c,Resealable Bag v1 arrived torn,Cookies Pack,Resealable Bag v1,Pacific Northwest,Damaged Pack,Amazon Review,2026-01-17T18:53:00,0.94,False,
39128af9-35d0-4406-90ba-bb25af59af2e,Box crushed in shipping to Pacific Northwest,Crunchy Chips,Box 200g,Pacific Northwest,Damaged Pack,Call Center,2026-01-17T19:06:00,0.8,False,
03262552-931e-4b38-a9dd-530a66b03476,New lid on Can 330ml doesn't seal properly,Crunchy Chips,Can 330ml,California,Seal Failure,Amazon Review,2026-01-17T19:07:00,0.76,False,
6a25c3fd-a9b0-4de8-8911-6d8241c53e92,Resealable Bag v1 leaking in transit to Pacific Northwest,Soda Pop,Resealable Bag v1,Pacific Northwest,Leaking,Call Center,2026-01-17T19:17:00,0.8,False,
ecdd2c9a-11f5-47f8-b75a-b5a068ac88fd,Box 200g half empty - Granola Bar,Granola Bar,Box 200g,California,Low Fill,Email,2026-01-17T19:19:00,0.71,False,
0919209e-2d14-4646-8949-66f9efc45a17,Box 200g arrived torn,Crunchy Chips,Box 200g,Pacific Northwest,Damaged Pack,Call Center,2026-01-17T19:19:00,0.86,False,
03fd3c2f-d492-41c8-937c-e45da8411678,Resealable Bag v2 - New Lid half empty - Soda Pop,Soda Pop,Resealable Bag v2 - New Lid,California,Low Fill,Twitter,2026-01-17T19:26:00,0.8,False,
239252f5-e29e-4013-afbd-735537589a51,Resealable Bag v1 arrived torn,Crunchy Chips,Resealable Bag v1,Northeast,Damaged Pack,Call Center,2026-01-17T19:34:00,0.7,False,
43f48be9-fd3c-4241-94e5-824a5aef9dcd,Resealable Bag v1 leaking in transit to Northeast,Crunchy Chips,Resealable Bag v1,Northeast,Leaking,Amazon Review,2026-01-17T19:35:00,0.78,False,
7130ad6f-3285-4d0a-ac2b-b32428625859,Can 330ml leaking in transit to Northeast,Soda Pop,Can 330ml,Northeast,Leaking,Twitter,2026-01-17T19:43:00,0.91,False,
76873358-df0f-4d4f-85a4-9cc976114294,Can 330ml half empty - Granola Bar,Granola Bar,Can 330ml,Texas,Low Fill,Call Center,2026-01-17T19:51:00,0.88,False,
692a799b-209e-4308-b1f1-6e58caf4855a,Can 330ml leaking in transit to Midwest,Crunchy Chips,Can 330ml,Midwest,Leaking,Call Center,2026-01-17T20:04:00,0.69,False,
48a28193-d45d-4fd9-ab74-59690b559ca9,Resealable Bag v2 - New Lid leaking in transit to Northeast,Granola Bar,Resealable Bag v2 - New Lid,Northeast,Leaking,Call Center,2026-01-17T20:10:00,0.87,False,
294cbf74-ab55-4912-bb03-df261639e665,Resealable Box 200g failed to close - Midwest,Crunchy Chips,Box 200g,Midwest,Seal Failure,Call Center,2026-01-17T20:21:00,0.66,False,
3164f30d-44b5-4824-9631-a704e5c98cf1,Box crushed in shipping to Texas,Cookies Pack,Can 330ml,Texas,Damaged Pack,Twitter,2026-01-17T20:25:00,0.79,False,
a1a53d6f-ea7e-4752-ad5f-a12d689f4fd1,Can 330ml leaking in transit to Texas,Cookies Pack,Can 330ml,Texas,Leaking,Amazon Review,2026-01-17T20:28:00,0.82,False,
f30b3767-49ab-4578-a82c-ea65b652cb93,Box crushed in shipping to Northeast,Crunchy Chips,Resealable Bag v1,Northeast,Damaged Pack,Amazon Review,2026-01-17T20:36:00,0.75,False,
51aa04d1-2d66-471f-bfbc-f1a840d9cff5,Can 330ml leaking in transit to Midwest,Granola Bar,Can 330ml,Midwest,Leaking,Email,2026-01-17T20:37:00,0.63,False,
db0c433d-ab78-41bc-a1fa-285909455b2c,Box crushed in shipping to Pacific Northwest,Granola Bar,Resealable Bag v1,Pacific Northwest,Damaged Pack,Twitter,2026-01-17T20:38:00,0.8,False,
d91331cc-ed56-46c3-8aa9-e87a92424042,Box 200g leaking in transit to Midwest,Crunchy Chips,Box 200g,Midwest,Leaking,Email,2026-01-17T20:56:00,0.68,False,
cb60aad1-0e55-488b-88be-e9c38e696878,Resealable Box 200g failed to close - Pacific Northwest,Granola Bar,Box 200g,Pacific Northwest,Seal Failure,Twitter,2026-01-17T21:00:00,0.68,False,
667c66bd-c175-4266-919f-e17e07a75906,Resealable Bag v1 half empty - Cookies Pack,Cookies Pack,Resealable Bag v1,Texas,Low Fill,Call Center,2026-01-17T21:24:00,0.73,False,
2d00d977-8059-4409-b7e7-780b5b2ce1d4,Resealable Resealable Bag v2 - New Lid failed to close - Pacific Northwest,Soda Pop,Resealable Bag v2 - New Lid,Pacific Northwest,Seal Failure,Email,2026-01-17T21:37:00,0.92,False,
a3f06dbb-f1fb-4774-be3a-65be66ba83d5,New lid on Can 330ml doesn't seal properly,Soda Pop,Can 330ml,California,Seal Failure,Email,2026-01-17T21:41:00,0.9,False,
9c5f0992-a519-410f-ac90-0742a9b866d9,Can 330ml half empty - Crunchy Chips,Crunchy Chips,Can 330ml,Texas,Low Fill,Call Center,2026-01-17T21:50:00,0.62,False,
52747863-2cf9-4b1b-82e1-669fd3a93596,Resealable Bag v2 - New Lid half empty - Granola Bar,Granola Bar,Resealable Bag v2 - New Lid,Texas,Low Fill,Twitter,2026-01-17T22:19:00,0.88,False,
37373bf7-5906-4f26-a2ea-6c01ad077172,Ordered Granola Bar got wrong flavor,Granola Bar,Resealable Bag v2 - New Lid,Texas,Wrong Flavor,Amazon Review,2026-01-17T22:33:00,0.78,False,
3dcb514a-5402-4fdd-8eb8-da24e6598981,Resealable Bag v1 half empty - Cookies Pack,Cookies Pack,Resealable Bag v1,Northeast,Low Fill,Amazon Review,2026-01-17T22:42:00,0.61,False,
16c634b9-3f2a-422f-a087-7d2421b76d2c,Resealable Bag v1 half empty - Granola Bar,Granola Bar,Resealable Bag v1,Pacific Northwest,Low Fill,Email,2026-01-17T22:48:00,0.64,False,
b9107c23-649a-48db-a7ed-7925fda23adf,Resealable Bag v2 - New Lid leaking in transit to California,Soda Pop,Resealable Bag v2 - New Lid,California,Leaking,Email,2026-01-17T22:53:00,0.81,False,
e685c8fc-5afb-4a64-97c1-1cb0203e6f34,Opened Soda Pop and it was stale,Soda Pop,Can 330ml,Northeast,Stale Taste,Email,2026-01-17T23:02:00,0.87,False,
1e3ab54d-0247-4d8b-aa16-e454b886c002,Resealable Bag v2 - New Lid half empty - Soda Pop,Soda Pop,Resealable Bag v2 - New Lid,Pacific Northwest,Low Fill,Call Center,2026-01-17T23:03:00,0.61,False,
cb0ec905-9443-441e-bfc3-ca43801f8358,Resealable Bag v1 leaking in transit to Northeast,Soda Pop,Resealable Bag v1,Northeast,Leaking,Email,2026-01-17T23:11:00,0.82,False,
73e3e980-d64e-4f09-b750-4ec3c537ae21,Stale Crunchy Chips in Can 330ml,Crunchy Chips,Can 330ml,Texas,Stale Taste,Email,2026-01-17T23:31:00,0.81,False,
c432eda3-7ff5-42d3-9273-4696a9c82e51,Ordered Soda Pop got wrong flavor,Soda Pop,Can 330ml,Pacific Northwest,Wrong Flavor,Email,2026-01-17T23:53:00,0.71,False,
6246daf7-66a0-47c5-ae0a-ee2213382203,Ordered Soda Pop got wrong flavor,Soda Pop,Box 200g,California,Wrong Flavor,Twitter,2026-01-18T00:05:00,0.81,False,
8a702bb3-8c76-4ee1-8354-b9def91d0010,Can 330ml arrived torn,Crunchy Chips,Can 330ml,Northeast,Damaged Pack,Email,2026-01-18T00:23:00,0.84,False,
f3a100c4-47ae-41ae-af60-b9c8fbd0f3da,Box 200g half empty - Granola Bar,Granola Bar,Box 200g,California,Low Fill,Amazon Review,2026-01-18T00:39:00,0.63,False,
b66ab6eb-3189-4b27-9060-364f6b70bca3,Crunchy Chips tastes stale from Northeast,Crunchy Chips,Resealable Bag v2 - New Lid,Northeast,Stale Taste,Call Center,2026-01-18T00:45:00,0.68,False,
eb844e34-6fb7-4084-8e39-72747e852618,Ordered Granola Bar got wrong flavor,Granola Bar,Resealable Bag v2 - New Lid,Pacific Northwest,Wrong Flavor,Email,2026-01-18T00:57:00,0.85,False,
43226fa5-af51-4eb9-8c22-ae57fc02de16,Soda Pop tastes stale from Texas,Soda Pop,Box 200g,Texas,Stale Taste,Email,2026-01-18T00:57:00,0.75,False,
deffdd68-efd2-44c6-a811-52a1e426e1da,Stale Granola Bar in Resealable Bag v1,Granola Bar,Resealable Bag v1,Midwest,Stale Taste,Amazon Review,2026-01-18T01:09:00,0.67,False,
47659876-313b-469d-9b25-95381f65e65a,Cookies Pack tastes stale from Pacific Northwest,Cookies Pack,Resealable Bag v1,Pacific Northwest,Stale Taste,Amazon Review,2026-01-18T02:09:00,0.64,False,
9b3cc4b6-1d20-4e3d-a58c-db70bbcecd0d,Ordered Soda Pop got wrong flavor,Soda Pop,Resealable Bag v2 - New Lid,Midwest,Wrong Flavor,Twitter,2026-01-18T02:10:00,0.8,False,
f31186b5-401f-4caa-b173-d39cd2a50697,Ordered Granola Bar got wrong flavor,Granola Bar,Resealable Bag v1,Texas,Wrong Flavor,Email,2026-01-18T02:12:00,0.77,False,
2d48b567-0775-4215-a221-c737d12b6151,Resealable Bag v2 - New Lid half empty - Soda Pop,Soda Pop,Resealable Bag v2 - New Lid,Northeast,Low Fill,Email,2026-01-18T02:15:00,0.82,False,
f3703028-4b53-479d-b64a-32cce414f6b0,Resealable Bag v1 half empty - Granola Bar,Granola Bar,Resealable Bag v1,Northeast,Low Fill,Email,2026-01-18T02:36:00,0.71,False,
d6d1f359-497f-4f70-964a-af4769a1c033,Resealable Bag v1 leaking in transit to Texas,Soda Pop,Resealable Bag v1,Texas,Leaking,Amazon Review,2026-01-18T02:49:00,0.87,False,
ae77c707-4a3f-46b7-9ed0-bb3bd16b5dab,Resealable Box 200g failed to close - Northeast,Crunchy Chips,Box 200g,Northeast,Seal Failure,Call Center,2026-01-18T02:56:00,0.69,False,
28274189-8f33-46ec-ae70-d742012dee6e,Can 330ml half empty - Cookies Pack,Cookies Pack,Can 330ml,Midwest,Low Fill,Amazon Review,2026-01-18T03:13:00,0.83,False,
e409bce8-230e-4f4f-884f-9c60fcca92a4,Opened Soda Pop and it was stale,Soda Pop,Resealable Bag v1,Midwest,Stale Taste,Amazon Review,2026-01-18T03:20:00,0.89,False,
6739498c-0c2c-4c92-a0ee-abc5a04f29b7,Box 200g half empty - Crunchy Chips,Crunchy Chips,Box 200g,Texas,Low Fill,Twitter,2026-01-18T03:28:00,0.95,False,
850c90d5-ef84-4459-b8ef-078dc278285e,Ordered Cookies Pack got wrong flavor,Cookies Pack,Resealable Bag v2 - New Lid,Pacific Northwest,Wrong Flavor,Email,2026-01-18T03:35:00,0.84,False,
f7c6f9dc-c14b-4102-8e30-f272257ae8d3,Box 200g arrived torn,Soda Pop,Box 200g,Pacific Northwest,Damaged Pack,Call Center,2026-01-18T03:53:00,0.61,False,
55f724b1-9de2-488b-818f-9286e881fb88,"The Resealable Bag v1 won't close, goes stale in California",Crunchy Chips,Resealable Bag v1,California,Seal Failure,Twitter,2026-01-18T04:11:00,0.62,False,
ca59b759-d35b-4585-bf48-b0d14e9966c1,Crunchy Chips tastes stale from Midwest,Crunchy Chips,Resealable Bag v2 - New Lid,Midwest,Stale Taste,Email,2026-01-18T04:12:00,0.61,False,
aaaf1644-161d-4b51-9fb6-945b24cdc619,Can 330ml leaking in transit to Midwest,Cookies Pack,Can 330ml,Midwest,Leaking,Call Center,2026-01-18T04:16:00,0.63,False,
9cfde896-d6d3-4f05-9d0a-c79bdf90d248,Box 200g half empty - Crunchy Chips,Crunchy Chips,Box 200g,Northeast,Low Fill,Twitter,2026-01-18T04:25:00,0.63,False,
07ec8b60-caef-454d-adc8-0f62d484b3e7,Resealable Bag v2 - New Lid half empty - Granola Bar,Granola Bar,Resealable Bag v2 - New Lid,Midwest,Low Fill,Amazon Review,2026-01-18T05:17:00,0.83,False,
462a31cc-40b7-44f2-bfaa-7dda3aa182b6,Soda Pop tastes stale from Midwest,Soda Pop,Can 330ml,Midwest,Stale Taste,Twitter,2026-01-18T05:27:00,0.62,False,
d88ab145-fcd8-47b5-8d72-7b7c8388d616,Ordered Crunchy Chips got wrong flavor,Crunchy Chips,Can 330ml,Midwest,Wrong Flavor,Email,2026-01-18T05:43:00,0.89,False,
a16abd66-35ab-4ee8-8ca4-84e7f40b53bf,Resealable Bag v1 arrived torn,Granola Bar,Resealable Bag v1,Texas,Damaged Pack,Email,2026-01-18T05:45:00,0.63,False,
e936ba6a-0d75-4a5d-999f-82faeb4f85c1,Stale Granola Bar in Resealable Bag v1,Granola Bar,Resealable Bag v1,Northeast,Stale Taste,Twitter,2026-01-18T05:45:00,0.61,False,
f392ea4f-2e93-443c-a184-d3f989c97bff,Resealable Bag v2 - New Lid leaking in transit to California,Cookies Pack,Resealable Bag v2 - New Lid,California,Leaking,Call Center,2026-01-18T05:48:00,0.82,False,
cdcdb2a4-563a-4a92-a9ff-872e5eff6f6d,Resealable Bag v2 - New Lid half empty - Granola Bar,Granola Bar,Resealable Bag v2 - New Lid,Texas,Low Fill,Call Center,2026-01-18T05:57:00,0.9,False,
53634183-de4b-4a70-acd1-cdcbf17dbdeb,Resealable Bag v2 - New Lid arrived torn,Cookies Pack,Resealable Bag v2 - New Lid,Texas,Damaged Pack,Call Center,2026-01-18T06:01:00,0.65,False,
5f4f96e1-f92f-4239-addd-3f585b36e50e,Box crushed in shipping to Texas,Cookies Pack,Can 330ml,Texas,Damaged Pack,Twitter,2026-01-18T06:05:00,0.93,False,
6454dfbe-3ecd-4e27-8d95-1df0b431120e,New lid on Can 330ml doesn't seal properly,Soda Pop,Can 330ml,Midwest,Seal Failure,Amazon Review,2026-01-18T06:16:00,0.87,False,
0df9c4d2-b30b-47c4-ae6d-9b414f488781,"The Resealable Bag v2 - New Lid won't close, goes stale in Midwest",Granola Bar,Resealable Bag v2 - New Lid,Midwest,Seal Failure,Twitter,2026-01-18T06:30:00,0.69,False,
1f8a5cd1-ad47-41e4-900b-0ba8480de8ce,Can 330ml half empty - Cookies Pack,Cookies Pack,Can 330ml,Pacific Northwest,Low Fill,Email,2026-01-18T06:46:00,0.93,False,
483fff9f-5b50-403c-9ec3-11eccb5e7e17,Ordered Soda Pop got wrong flavor,Soda Pop,Box 200g,Midwest,Wrong Flavor,Email,2026-01-18T06:46:00,0.92,False,
6cd94df6-7cc2-4d37-a2c9-e9fff869267c,Resealable Can 330ml failed to close - Northeast,Cookies Pack,Can 330ml,Northeast,Seal Failure,Call Center,2026-01-18T06:58:00,0.78,False,
64dd3de2-6d10-4354-87c1-0f276517255f,Resealable Bag v2 - New Lid half empty - Soda Pop,Soda Pop,Resealable Bag v2 - New Lid,Pacific Northwest,Low Fill,Twitter,2026-01-18T07:05:00,0.9,False,
04643e2e-0090-4c0b-bd09-57690f688faa,Can 330ml half empty - Granola Bar,Granola Bar,Can 330ml,Pacific Northwest,Low Fill,Twitter,2026-01-18T07:06:00,0.7,False,
3809da81-6e2a-4b49-bc8c-65b87c769a16,Box 200g arrived torn,Granola Bar,Box 200g,Texas,Damaged Pack,Amazon Review,2026-01-18T07:16:00,0.94,False,
c1e3ca05-2832-4687-a33f-3336a93c9207,Cookies Pack tastes stale from California,Cookies Pack,Resealable Bag v2 - New Lid,California,Stale Taste,Call Center,2026-01-18T07:18:00,0.78,False,
aa41940b-69be-4e91-a1c8-68566ecb2a9d,Ordered Soda Pop got wrong flavor,Soda Pop,Box 200g,Northeast,Wrong Flavor,Email,2026-01-18T07:19:00,0.84,False,
f5980255-1d02-43f3-a737-20396b5043b4,"The Resealable Bag v2 - New Lid won't close, goes stale in Texas",Cookies Pack,Resealable Bag v2 - New Lid,Texas,Seal Failure,Twitter,2026-01-18T07:23:00,0.61,False,
b3685c84-1b72-4b8a-9624-d5abf824f11c,New lid on Box 200g doesn't seal properly,Crunchy Chips,Box 200g,Texas,Seal Failure,Twitter,2026-01-18T07:54:00,0.75,False,
03c176d5-dfd3-4a4e-8f36-a3b970083fc9,Ordered Cookies Pack got wrong flavor,Cookies Pack,Resealable Bag v1,California,Wrong Flavor,Email,2026-01-18T07:59:00,0.8,False,
8892d29e-b12e-485f-9a6a-f05b4c2071bd,Resealable Bag v1 arrived torn,Granola Bar,Resealable Bag v1,California,Damaged Pack,Call Center,2026-01-18T08:15:00,0.6,False,
7300e46d-5ae1-4d87-8b15-97445f0df881,Ordered Crunchy Chips got wrong flavor,Crunchy Chips,Resealable Bag v2 - New Lid,Midwest,Wrong Flavor,Amazon Review,2026-01-18T08:15:00,0.76,False,
ce63807c-9b20-4850-9ff4-08ec7cbc97c6,Resealable Bag v2 - New Lid leaking in transit to Northeast,Granola Bar,Resealable Bag v2 - New Lid,Northeast,Leaking,Twitter,2026-01-18T08:17:00,0.73,False,
1d43d7e1-a8e2-46a4-ad43-d5f833480e3e,New lid on Can 330ml doesn't seal properly,Crunchy Chips,Can 330ml,Pacific Northwest,Seal Failure,Call Center,2026-01-18T08:27:00,0.68,False,
4187a273-72ea-40b5-8749-49365e4af19b,Stale Cookies Pack in Resealable Bag v2 - New Lid,Cookies Pack,Resealable Bag v2 - New Lid,California,Stale Taste,Twitter,2026-01-18T08:31:00,0.88,False,
e60a921d-401d-4f36-bfaa-e8e74c50b6ab,Opened Crunchy Chips and it was stale,Crunchy Chips,Resealable Bag v1,Northeast,Stale Taste,Email,2026-01-18T09:00:00,0.94,False,
50b472cd-9b48-4dfb-8ecf-60f2ac26e8f5,Ordered Cookies Pack got wrong flavor,Cookies Pack,Can 330ml,California,Wrong Flavor,Email,2026-01-18T09:09:00,0.78,False,
3e921dac-4be9-487d-9042-b1472b8aeb35,Box 200g leaking in transit to California,Crunchy Chips,Box 200g,California,Leaking,Email,2026-01-18T09:11:00,0.69,False,
e22d5245-ebb3-457a-8f72-f343b67f3ea4,Resealable Resealable Bag v1 failed to close - Pacific Northwest,Granola Bar,Resealable Bag v1,Pacific Northwest,Seal Failure,Email,2026-01-18T09:18:00,0.71,False,
2ca2ab77-e410-464a-b0d0-088ec7bd6a15,Resealable Bag v1 half empty - Crunchy Chips,Crunchy Chips,Resealable Bag v1,California,Low Fill,Call Center,2026-01-18T09:29:00,0.73,False,
130282ca-97ca-4bb3-8a4b-5a9cc14bf3c2,Ordered Cookies Pack got wrong flavor,Cookies Pack,Can 330ml,Texas,Wrong Flavor,Email,2026-01-18T09:37:00,0.76,False,
d604bb72-7b16-407c-8d8c-e57c3795eb8d,Ordered Granola Bar got wrong flavor,Granola Bar,Box 200g,Midwest,Wrong Flavor,Email,2026-01-18T09:51:00,0.65,False,
f213a613-38b1-4a98-8f48-475d9e9a238e,Box crushed in shipping to California,Soda Pop,Resealable Bag v2 - New Lid,California,Damaged Pack,Email,2026-01-18T10:07:00,0.6,False,
d4635564-bd42-4d6c-b1c1-dce548d69f78,Resealable Bag v2 - New Lid half empty - Soda Pop,Soda Pop,Resealable Bag v2 - New Lid,Northeast,Low Fill,Amazon Review,2026-01-18T10:42:00,0.94,False,
d0e4944e-012d-47cb-aecb-f16590d9c4e6,New lid on Resealable Bag v2 - New Lid doesn't seal properly,Granola Bar,Resealable Bag v2 - New Lid,Texas,Seal Failure,Twitter,2026-01-18T11:08:00,0.72,False,
e1029fd6-c6f4-4e69-8687-20a0d41a979f,Box crushed in shipping to Northeast,Cookies Pack,Box 200g,Northeast,Damaged Pack,Email,2026-01-18T11:15:00,0.82,False,
811b8113-93aa-4ac0-939c-66c526f33c8a,Resealable Resealable Bag v2 - New Lid failed to close - Northeast,Granola Bar,Resealable Bag v2 - New Lid,Northeast,Seal Failure,Amazon Review,2026-01-18T11:17:00,0.83,False,
46dcc428-c6fe-47b2-b479-528eccc3bed9,Opened Soda Pop and it was stale,Soda Pop,Resealable Bag v1,Pacific Northwest,Stale Taste,Call Center,2026-01-18T11:19:00,0.92,False,
6e8cd2db-3341-49d9-abe3-f53f0b2bd63a,Cookies Pack tastes stale from California,Cookies Pack,Box 200g,California,Stale Taste,Amazon Review,2026-01-18T11:26:00,0.75,False,
e326cbed-1667-4756-b802-afda2d8c6cc7,Resealable Bag v2 - New Lid half empty - Crunchy Chips,Crunchy Chips,Resealable Bag v2 - New Lid,Texas,Low Fill,Twitter,2026-01-18T11:30:00,0.91,False,
b2469be4-da5a-44bb-80a4-d9d74dd75572,Ordered Crunchy Chips got wrong flavor,Crunchy Chips,Resealable Bag v2 - New Lid,Northeast,Wrong Flavor,Amazon Review,2026-01-18T11:32:00,0.88,False,
384e3652-5a48-4c80-9c32-776afa865af8,Opened Cookies Pack and it was stale,Cookies Pack,Box 200g,California,Stale Taste,Email,2026-01-18T11:51:00,0.93,False,
83230319-fe34-4c88-939a-6bba24a17c3f,Box crushed in shipping to Texas,Crunchy Chips,Resealable Bag v2 - New Lid,Texas,Damaged Pack,Amazon Review,2026-01-18T11:54:00,0.85,False,
030a68ac-cf46-4261-8cbc-f7aed34ce3e3,Box crushed in shipping to Northeast,Soda Pop,Can 330ml,Northeast,Damaged Pack,Amazon Review,2026-01-18T11:55:00,0.72,False,
c46b6984-b02d-4751-a83d-9054e41cc545,Resealable Can 330ml failed to close - Pacific Northwest,Soda Pop,Can 330ml,Pacific Northwest,Seal Failure,Call Center,2026-01-18T12:02:00,0.89,False,
dff692fb-bdb4-408b-8a6d-c1f47931e5a4,Box crushed in shipping to Pacific Northwest,Cookies Pack,Resealable Bag v1,Pacific Northwest,Damaged Pack,Call Center,2026-01-18T12:05:00,0.94,False,
56407f93-237f-40b7-8293-aa5fa98b1627,Resealable Bag v1 arrived torn,Cookies Pack,Resealable Bag v1,Midwest,Damaged Pack,Call Center,2026-01-18T12:15:00,0.76,False,
f37a22d0-870e-40f4-a12e-a54c59cd2219,Resealable Bag v2 - New Lid arrived torn,Cookies Pack,Resealable Bag v2 - New Lid,Midwest,Damaged Pack,Amazon Review,2026-01-18T12:27:00,0.86,False,
193f0dd5-3e4a-44a1-9899-5367733bd62b,Resealable Bag v1 half empty - Cookies Pack,Cookies Pack,Resealable Bag v1,Midwest,Low Fill,Amazon Review,2026-01-18T12:34:00,0.9,False,
ae6b9508-8aa8-4708-88e7-8f9337407e1c,"The Box 200g won't close, goes stale in Pacific Northwest",Soda Pop,Box 200g,Pacific Northwest,Seal Failure,Call Center,2026-01-18T12:50:00,0.65,False,
22343c4b-8d66-4a9c-8418-be576a23cee7,Ordered Soda Pop got wrong flavor,Soda Pop,Box 200g,California,Wrong Flavor,Email,2026-01-18T13:18:00,0.81,False,
c07cffe7-ae4d-49a9-aa14-3042c7a307b8,"The Can 330ml won't close, goes stale in Pacific Northwest",Cookies Pack,Can 330ml,Pacific Northwest,Seal Failure,Amazon Review,2026-01-18T13:19:00,0.61,False,
4b6014a9-c137-4a00-b507-877bc15bc425,Resealable Bag v1 half empty - Crunchy Chips,Crunchy Chips,Resealable Bag v1,Pacific Northwest,Low Fill,Email,2026-01-18T13:20:00,0.87,False,
12492260-0725-48f3-857a-22363f01b40c,Resealable Bag v1 leaking in transit to Midwest,Crunchy Chips,Resealable Bag v1,Midwest,Leaking,Amazon Review,2026-01-18T13:38:00,0.68,False,
d4221f08-9187-45e1-b06d-c055bb7d0340,New lid on Resealable Bag v1 doesn't seal properly,Soda Pop,Resealable Bag v1,Northeast,Seal Failure,Twitter,2026-01-18T13:40:00,0.75,False,
e0d15369-dbc4-4755-b7bb-499abff5e892,Box 200g half empty - Granola Bar,Granola Bar,Box 200g,Texas,Low Fill,Amazon Review,2026-01-18T13:44:00,0.85,False,
312c46e5-20dd-4bdb-89e4-b70598b111c0,Box crushed in shipping to Northeast,Crunchy Chips,Can 330ml,Northeast,Damaged Pack,Twitter,2026-01-18T13:45:00,0.85,False,
f0564f1b-5360-4a7b-bba9-c0b2e918cabd,Resealable Box 200g failed to close - Pacific Northwest,Cookies Pack,Box 200g,Pacific Northwest,Seal Failure,Twitter,2026-01-18T13:52:00,0.67,False,
a305fa0b-9817-4ffe-810b-c8ef89b54e5a,Cookies Pack tastes stale from California,Cookies Pack,Can 330ml,California,Stale Taste,Twitter,2026-01-18T13:52:00,0.92,False,
cdad5dd6-6d10-43be-ac1b-a318c0c99a10,Ordered Granola Bar got wrong flavor,Granola Bar,Can 330ml,Northeast,Wrong Flavor,Email,2026-01-18T13:54:00,0.87,False,
7f5e6bb3-f00b-422d-9b84-3e864efc36ff,Box 200g leaking in transit to California,Granola Bar,Box 200g,California,Leaking,Twitter,2026-01-18T13:57:00,0.81,False,
e7d4a0c4-1ec3-47eb-bd26-f66e2df0e8c7,Ordered Crunchy Chips got wrong flavor,Crunchy Chips,Box 200g,Northeast,Wrong Flavor,Twitter,2026-01-18T14:03:00,0.89,False,
e900bdc3-36e8-4ae8-8c89-30d04d551ab6,New lid on Resealable Bag v1 doesn't seal properly,Soda Pop,Resealable Bag v1,Pacific Northwest,Seal Failure,Twitter,2026-01-18T14:17:00,0.65,False,
bf55af8f-f085-4768-98b5-d23a99c7a49c,"The Can 330ml won't close, goes stale in Northeast",Soda Pop,Can 330ml,Northeast,Seal Failure,Amazon Review,2026-01-18T14:18:00,0.78,False,
fa34f5b4-47d6-4f7d-abe3-65abda42b63b,New lid on Resealable Bag v2 - New Lid doesn't seal properly,Soda Pop,Resealable Bag v2 - New Lid,Northeast,Seal Failure,Email,2026-01-18T14:34:00,0.77,False,
68458871-6672-4d2d-b10e-3a7684caf5bf,Resealable Bag v2 - New Lid leaking in transit to Texas,Cookies Pack,Resealable Bag v2 - New Lid,Texas,Leaking,Amazon Review,2026-01-18T15:00:00,0.65,False,
78bb59f2-7267-47ee-a473-6e66966621d3,Box crushed in shipping to Pacific Northwest,Crunchy Chips,Box 200g,Pacific Northwest,Damaged Pack,Email,2026-01-18T15:07:00,0.72,False,
c4d66d42-0300-4f5d-bfb8-8b7846b1934f,"The Box 200g won't close, goes stale in Midwest",Soda Pop,Box 200g,Midwest,Seal Failure,Email,2026-01-18T15:08:00,0.78,False,
1d725b9e-0997-4a31-83c8-53f870c443b9,Resealable Bag v1 half empty - Crunchy Chips,Crunchy Chips,Resealable Bag v1,Northeast,Low Fill,Email,2026-01-18T15:12:00,0.77,False,
94f5cff1-a54c-4087-a043-ff4026d2898c,Can 330ml leaking in transit to Northeast,Granola Bar,Can 330ml,Northeast,Leaking,Call Center,2026-01-18T15:16:00,0.62,False,
45db1587-9413-4399-8c93-eebc0b532278,Box crushed in shipping to Northeast,Soda Pop,Resealable Bag v1,Northeast,Damaged Pack,Amazon Review,2026-01-18T15:30:00,0.83,False,
03ae2d12-2103-4c36-a74f-1586d3b2d8af,Opened Soda Pop and it was stale,Soda Pop,Box 200g,Midwest,Stale Taste,Amazon Review,2026-01-18T15:31:00,0.88,False,
ba357ddc-d2ee-4785-bc3e-b55c769b7d24,Resealable Can 330ml failed to close - California,Granola Bar,Can 330ml,California,Seal Failure,Amazon Review,2026-01-18T15:34:00,0.83,False,
2d632fdb-14df-4267-bae6-196f0ac463be,New lid on Resealable Bag v2 - New Lid doesn't seal properly,Crunchy Chips,Resealable Bag v2 - New Lid,Northeast,Seal Failure,Call Center,2026-01-18T15:42:00,0.77,False,
1b8cb2ab-f5e6-42b4-b0c3-7692d3f8a3c8,Opened Soda Pop and it was stale,Soda Pop,Box 200g,Northeast,Stale Taste,Twitter,2026-01-18T16:04:00,0.74,False,
4a095ef8-eb4c-4a53-bf04-f995b8ec0e8f,Ordered Granola Bar got wrong flavor,Granola Bar,Resealable Bag v1,Northeast,Wrong Flavor,Amazon Review,2026-01-18T16:19:00,0.88,False,
885b36f2-055c-4187-93cc-07235497a2ca,Crunchy Chips tastes stale from Northeast,Crunchy Chips,Resealable Bag v2 - New Lid,Northeast,Stale Taste,Twitter,2026-01-18T16:36:00,0.73,False,
766abddf-4f19-4977-810f-da8e6f9923ad,Can 330ml leaking in transit to Texas,Granola Bar,Can 330ml,Texas,Leaking,Twitter,2026-01-18T16:45:00,0.65,False,
bc05f8a8-02e7-4ca1-a951-a5a289e25ccf,"The Box 200g won't close, goes stale in California",Crunchy Chips,Box 200g,California,Seal Failure,Email,2026-01-18T16:46:00,0.76,False,
b1378dbc-0e5f-4b60-ba78-0513d5b8d91e,Opened Crunchy Chips and it was stale,Crunchy Chips,Resealable Bag v2 - New Lid,Pacific Northwest,Stale Taste,Email,2026-01-18T16:56:00,0.78,False,
320e03b9-8716-450d-a967-dd4db6a621ea,Ordered Cookies Pack got wrong flavor,Cookies Pack,Box 200g,Northeast,Wrong Flavor,Amazon Review,2026-01-18T17:17:00,0.65,False,
522b000e-8613-423f-a540-14156cb0e08c,Box 200g arrived torn,Granola Bar,Box 200g,California,Damaged Pack,Amazon Review,2026-01-18T17:18:00,0.63,False,
36cb073c-2fd4-418f-b610-ba885744c378,Can 330ml half empty - Granola Bar,Granola Bar,Can 330ml,Texas,Low Fill,Amazon Review,2026-01-18T17:24:00,0.79,False,
8b27226b-640c-4e21-9823-62232534ef05,Ordered Granola Bar got wrong flavor,Granola Bar,Resealable Bag v2 - New Lid,California,Wrong Flavor,Twitter,2026-01-18T17:32:00,0.94,False,
911ea244-ad99-4789-ae01-c6ede3d7cfbf,Resealable Bag v2 - New Lid half empty - Granola Bar,Granola Bar,Resealable Bag v2 - New Lid,Texas,Low Fill,Twitter,2026-01-18T17:39:00,0.76,False,
dcf85ab4-7827-413f-8b06-26a0fb13fb33,Resealable Bag v2 - New Lid half empty - Soda Pop,Soda Pop,Resealable Bag v2 - New Lid,Midwest,Low Fill,Amazon Review,2026-01-18T18:04:00,0.79,False,
5be8c548-f862-4cb1-a09e-de049737a1a2,Ordered Crunchy Chips got wrong flavor,Crunchy Chips,Resealable Bag v1,California,Wrong Flavor,Twitter,2026-01-18T18:04:00,0.68,False,
a3bcb7a5-a741-43d4-ab07-e7631191da6a,New lid on Resealable Bag v2 - New Lid doesn't seal properly,Granola Bar,Resealable Bag v2 - New Lid,California,Seal Failure,Twitter,2026-01-18T18:17:00,0.77,False,
51b441d9-b1da-42e2-b4e7-d7d5771cca88,New lid on Can 330ml doesn't seal properly,Crunchy Chips,Can 330ml,California,Seal Failure,Twitter,2026-01-18T18:23:00,0.84,False,
49824f8d-dbb7-44f4-a760-159c85cd7df7,Ordered Soda Pop got wrong flavor,Soda Pop,Resealable Bag v2 - New Lid,Northeast,Wrong Flavor,Call Center,2026-01-18T18:27:00,0.69,False,
c714710f-5d1e-4a22-93a9-a438d1e7e2c2,Opened Granola Bar and it was stale,Granola Bar,Can 330ml,Northeast,Stale Taste,Email,2026-01-18T18:28:00,0.71,False,
55591226-2b60-4f7c-a2e1-ade81d781497,Ordered Crunchy Chips got wrong flavor,Crunchy Chips,Box 200g,Northeast,Wrong Flavor,Twitter,2026-01-18T18:33:00,0.93,False,
68f8814d-ffcd-4187-88fb-c4feaa3ed9f8,Resealable Bag v2 - New Lid leaking in transit to Midwest,Cookies Pack,Resealable Bag v2 - New Lid,Midwest,Leaking,Email,2026-01-18T18:36:00,0.78,False,
8604c6bf-0fbd-451c-8903-0590b7406bf0,Can 330ml leaking in transit to California,Cookies Pack,Can 330ml,California,Leaking,Twitter,2026-01-18T18:46:00,0.68,False,
c6972913-b177-4ced-8828-2a3025ff131f,Opened Crunchy Chips and it was stale,Crunchy Chips,Can 330ml,Pacific Northwest,Stale Taste,Call Center,2026-01-18T18:52:00,0.73,False,
0f7c9cc9-7ccf-4433-9322-d52acf947dc4,Resealable Bag v2 - New Lid half empty - Crunchy Chips,Crunchy Chips,Resealable Bag v2 - New Lid,Midwest,Low Fill,Amazon Review,2026-01-18T19:11:00,0.94,False,
2a77a463-bea6-4873-b78d-eb050218f3a4,"The Resealable Bag v1 won't close, goes stale in Northeast",Soda Pop,Resealable Bag v1,Northeast,Seal Failure,Email,2026-01-18T19:19:00,0.82,False,
59c20a04-ca4b-4d80-8f6c-0c79f97d886c,Resealable Can 330ml failed to close - California,Crunchy Chips,Can 330ml,California,Seal Failure,Email,2026-01-18T19:26:00,0.94,False,
d0f1c1c7-fc1d-4bb7-93fa-e0badc810d8b,Resealable Bag v1 leaking in transit to Pacific Northwest,Granola Bar,Resealable Bag v1,Pacific Northwest,Leaking,Email,2026-01-18T19:29:00,0.69,False,
da4bae29-0cf6-4e55-b348-ec17069b0937,Box 200g arrived torn,Soda Pop,Box 200g,California,Damaged Pack,Call Center,2026-01-18T19:32:00,0.92,False,
54bbf37d-fe3d-4c9b-b29e-80472723f735,Granola Bar tastes stale from Midwest,Granola Bar,Can 330ml,Midwest,Stale Taste,Amazon Review,2026-01-18T19:55:00,0.85,False,
311922ee-b7b3-4b3f-8166-509590707709,Can 330ml half empty - Cookies Pack,Cookies Pack,Can 330ml,Northeast,Low Fill,Twitter,2026-01-18T19:56:00,0.65,False,
8910ba3b-144c-45d7-b2c7-8f75dc9eecdf,Can 330ml leaking in transit to Texas,Cookies Pack,Can 330ml,Texas,Leaking,Email,2026-01-18T19:58:00,0.74,False,
2fbf959e-7fd2-4db8-8f47-03229c2f009c,Box crushed in shipping to California,Granola Bar,Resealable Bag v1,California,Damaged Pack,Call Center,2026-01-18T20:10:00,0.76,False,
08c7eee9-943c-400e-bdb4-86cc63287f94,"The Box 200g won't close, goes stale in Texas",Cookies Pack,Box 200g,Texas,Seal Failure,Twitter,2026-01-18T20:13:00,0.63,False,
6b862c5e-f399-4b80-a170-c49cca52bf64,Resealable Bag v1 leaking in transit to Texas,Cookies Pack,Resealable Bag v1,Texas,Leaking,Twitter,2026-01-18T20:13:00,0.87,False,
4ce741b9-f636-4ea3-82e4-3eef413c6051,Can 330ml leaking in transit to Midwest,Crunchy Chips,Can 330ml,Midwest,Leaking,Amazon Review,2026-01-18T20:30:00,0.65,False,
8b9783f1-0904-4fbd-ae8b-5dbbfacc9ea8,Ordered Crunchy Chips got wrong flavor,Crunchy Chips,Box 200g,Midwest,Wrong Flavor,Email,2026-01-18T20:42:00,0.77,False,
cef2928f-1ebf-42ab-97c5-c386a8b79bdd,Resealable Bag v2 - New Lid half empty - Crunchy Chips,Crunchy Chips,Resealable Bag v2 - New Lid,Northeast,Low Fill,Twitter,2026-01-18T20:50:00,0.91,False,
b66a37ad-1aec-4baa-9fcd-f1802f3454df,Resealable Bag v2 - New Lid half empty - Soda Pop,Soda Pop,Resealable Bag v2 - New Lid,Northeast,Low Fill,Amazon Review,2026-01-18T20:57:00,0.7,False,
9e147536-b6c2-492f-b255-e06162d690dd,Box 200g leaking in transit to Midwest,Cookies Pack,Box 200g,Midwest,Leaking,Amazon Review,2026-01-18T21:18:00,0.72,False,
de46ca9f-defd-4ce9-b7bb-0e5445c41586,Resealable Can 330ml failed to close - California,Granola Bar,Can 330ml,California,Seal Failure,Amazon Review,2026-01-18T21:40:00,0.72,False,
d244f4a0-05df-4487-adf0-5aa67d7c7330,Resealable Bag v1 half empty - Cookies Pack,Cookies Pack,Resealable Bag v1,California,Low Fill,Email,2026-01-18T21:47:00,0.73,False,
d600f7dd-881c-4f10-b6d5-32c22d4b64f9,Resealable Bag v2 - New Lid leaking in transit to Northeast,Cookies Pack,Resealable Bag v2 - New Lid,Northeast,Leaking,Email,2026-01-18T21:49:00,0.66,False,
371e433b-4810-4d59-a3da-14231ec67b11,Opened Granola Bar and it was stale,Granola Bar,Can 330ml,California,Stale Taste,Email,2026-01-18T21:50:00,0.86,False,
938ad4c0-444b-4c1d-9f83-32a2c83f8771,Resealable Bag v2 - New Lid leaking in transit to Northeast,Granola Bar,Resealable Bag v2 - New Lid,Northeast,Leaking,Email,2026-01-18T21:50:00,0.67,False,
05a69094-7c74-4a55-8c53-53ff769a87e7,Ordered Crunchy Chips got wrong flavor,Crunchy Chips,Resealable Bag v2 - New Lid,Pacific Northwest,Wrong Flavor,Twitter,2026-01-18T21:51:00,0.89,False,
86b055e0-47a4-44bf-8312-04c8364d4099,Resealable Bag v1 half empty - Crunchy Chips,Crunchy Chips,Resealable Bag v1,California,Low Fill,Amazon Review,2026-01-18T21:55:00,0.65,False,
ac75473c-fc33-4cec-8840-047365cc11e7,Resealable Bag v1 half empty - Cookies Pack,Cookies Pack,Resealable Bag v1,California,Low Fill,Amazon Review,2026-01-18T21:57:00,0.88,False,
4be8462a-2f4f-46f5-a6db-171d027fc6d4,Box 200g leaking in transit to Northeast,Granola Bar,Box 200g,Northeast,Leaking,Email,2026-01-18T22:22:00,0.91,False,
27960d91-8038-4af4-8b00-b6ccfd0e5ecc,Ordered Granola Bar got wrong flavor,Granola Bar,Can 330ml,Texas,Wrong Flavor,Twitter,2026-01-18T22:22:00,0.76,False,
b7573c85-19bc-4268-ab42-68de08237cb4,"The Resealable Bag v2 - New Lid won't close, goes stale in Northeast",Soda Pop,Resealable Bag v2 - New Lid,Northeast,Seal Failure,Call Center,2026-01-18T22:39:00,0.8,False,
7f457689-0061-490d-8e93-ed67103c1457,New lid on Resealable Bag v1 doesn't seal properly,Crunchy Chips,Resealable Bag v1,Northeast,Seal Failure,Twitter,2026-01-18T22:42:00,0.84,False,
0859ee61-1d9c-49eb-a2ea-c16f4f0bdc8a,Box crushed in shipping to Midwest,Crunchy Chips,Resealable Bag v2 - New Lid,Midwest,Damaged Pack,Call Center,2026-01-18T22:43:00,0.92,False,
291b527d-5323-4b0b-94b1-2c12f337c782,Box crushed in shipping to California,Granola Bar,Resealable Bag v2 - New Lid,California,Damaged Pack,Email,2026-01-18T23:05:00,0.73,False,
5b1c65d4-cb14-4f4c-8eaa-2e4bf3040b58,Ordered Crunchy Chips got wrong flavor,Crunchy Chips,Can 330ml,Northeast,Wrong Flavor,Call Center,2026-01-18T23:10:00,0.84,False,
3a54fd45-725f-4ddc-ab4d-d349f0fd1a6c,Resealable Bag v2 - New Lid leaking in transit to Midwest,Granola Bar,Resealable Bag v2 - New Lid,Midwest,Leaking,Call Center,2026-01-18T23:11:00,0.66,False,
65a60c51-7468-4d6e-bb5f-a4bca0fca2c7,New lid on Box 200g doesn't seal properly,Crunchy Chips,Box 200g,Pacific Northwest,Seal Failure,Call Center,2026-01-18T23:19:00,0.94,False,
f0786a4c-b672-4595-b3d4-58bbe029cd70,Box crushed in shipping to Northeast,Crunchy Chips,Resealable Bag v1,Northeast,Damaged Pack,Twitter,2026-01-18T23:27:00,0.65,False,
47582621-7de0-41bd-b4f2-fdf981810913,Box crushed in shipping to California,Granola Bar,Resealable Bag v1,California,Damaged Pack,Twitter,2026-01-18T23:31:00,0.65,False,
c9fb2507-009d-4587-8026-16d1869adf73,Box 200g half empty - Granola Bar,Granola Bar,Box 200g,Northeast,Low Fill,Call Center,2026-01-18T23:41:00,0.71,False,
665bd8b5-779b-4c1b-bcc5-88343d485d1d,Box 200g arrived torn,Soda Pop,Box 200g,Midwest,Damaged Pack,Amazon Review,2026-01-18T23:46:00,0.82,False,
91abeeb2-8c4e-4c90-a8ec-6fb9537c720f,Box 200g arrived torn,Granola Bar,Box 200g,Northeast,Damaged Pack,Twitter,2026-01-18T23:49:00,0.71,False,
02ea1719-4ff7-4e5b-91c7-a0b545082fa5,Resealable Resealable Bag v2 - New Lid failed to close - California,Cookies Pack,Resealable Bag v2 - New Lid,California,Seal Failure,Email,2026-01-19T00:08:00,0.82,False,
cccbb2ec-6415-456f-b928-7fcf6c6b460f,Can 330ml leaking in transit to Midwest,Granola Bar,Can 330ml,Midwest,Leaking,Email,2026-01-19T00:28:00,0.68,False,
49511008-2570-49c5-b801-103987298307,Can 330ml half empty - Cookies Pack,Cookies Pack,Can 330ml,Northeast,Low Fill,Amazon Review,2026-01-19T00:30:00,0.81,False,
4f08c2e3-16c5-4172-983f-fc4a97c2645e,Soda Pop tastes stale from Pacific Northwest,Soda Pop,Can 330ml,Pacific Northwest,Stale Taste,Call Center,2026-01-19T00:37:00,0.64,False,
ca1b7dd6-45c3-4afc-a5d0-cc31e9ac91d6,Box 200g arrived torn,Granola Bar,Box 200g,Texas,Damaged Pack,Call Center,2026-01-19T00:57:00,0.83,False,
8c790420-4d96-4b75-a51d-9572764237a1,Box crushed in shipping to Northeast,Granola Bar,Resealable Bag v1,Northeast,Damaged Pack,Twitter,2026-01-19T00:58:00,0.92,False,
d06f864f-c26e-465d-ab0d-605ad430641a,Box 200g half empty - Cookies Pack,Cookies Pack,Box 200g,California,Low Fill,Email,2026-01-19T01:03:00,0.69,False,
a56c31d7-27b3-4d20-b3d8-8942b4d37b85,Box crushed in shipping to California,Granola Bar,Resealable Bag v2 - New Lid,California,Damaged Pack,Call Center,2026-01-19T01:04:00,0.86,False,
a32c9ee8-c862-495a-ac37-f70bdb57db3d,Resealable Bag v1 arrived torn,Granola Bar,Resealable Bag v1,Northeast,Damaged Pack,Email,2026-01-19T01:20:00,0.81,False,
42cc38ec-e2c9-4734-ac87-8e9078ba9deb,Resealable Resealable Bag v2 - New Lid failed to close - California,Crunchy Chips,Resealable Bag v2 - New Lid,California,Seal Failure,Twitter,2026-01-19T01:39:00,0.9,False,
0a32828e-e396-475c-889c-fb1528454296,Ordered Crunchy Chips got wrong flavor,Crunchy Chips,Resealable Bag v2 - New Lid,Pacific Northwest,Wrong Flavor,Call Center,2026-01-19T01:40:00,0.88,False,
4ca55dd5-544e-4c68-b62a-056c5bbc3c12,Box 200g half empty - Cookies Pack,Cookies Pack,Box 200g,Texas,Low Fill,Twitter,2026-01-19T01:44:00,0.71,False,
fd4dfd6d-5276-4675-bbb6-651b89fc908d,Box crushed in shipping to Midwest,Granola Bar,Resealable Bag v2 - New Lid,Midwest,Damaged Pack,Email,2026-01-19T01:53:00,0.9,False,
c305af12-f90e-44af-a43f-59f6e09a1f7b,Ordered Soda Pop got wrong flavor,Soda Pop,Can 330ml,Texas,Wrong Flavor,Call Center,2026-01-19T01:54:00,0.6,False,
0ae24bee-1b33-4ad6-bc02-b4cb219ca276,Can 330ml half empty - Soda Pop,Soda Pop,Can 330ml,Texas,Low Fill,Amazon Review,2026-01-19T02:23:00,0.83,False,
341781a7-303e-43a7-b71c-62b6fd384f9a,Resealable Can 330ml failed to close - Texas,Soda Pop,Can 330ml,Texas,Seal Failure,Email,2026-01-19T02:32:00,0.66,False,
d911fbd6-5810-4997-8230-ab929bc74786,"The Resealable Bag v2 - New Lid won't close, goes stale in Texas",Cookies Pack,Resealable Bag v2 - New Lid,Texas,Seal Failure,Call Center,2026-01-19T02:59:00,0.75,False,
6fd8d57c-7f61-4414-97e8-8b2c61aa01b8,Ordered Crunchy Chips got wrong flavor,Crunchy Chips,Can 330ml,Northeast,Wrong Flavor,Email,2026-01-19T03:01:00,0.66,False,
5bd0504f-f1f5-42e8-a38f-cd686177dc37,Can 330ml half empty - Soda Pop,Soda Pop,Can 330ml,California,Low Fill,Twitter,2026-01-19T03:08:00,0.86,False,
49ddaecb-652a-4710-bfa3-a1b86d5b37c2,Resealable Bag v2 - New Lid half empty - Cookies Pack,Cookies Pack,Resealable Bag v2 - New Lid,Northeast,Low Fill,Twitter,2026-01-19T03:14:00,0.77,False,
da7cf206-bc60-45cd-9111-f502346d692d,Resealable Resealable Bag v2 - New Lid failed to close - Northeast,Crunchy Chips,Resealable Bag v2 - New Lid,Northeast,Seal Failure,Email,2026-01-19T03:15:00,0.64,False,
50d489b2-55bd-4680-8997-f0a02aa85d3f,Box 200g leaking in transit to Midwest,Crunchy Chips,Box 200g,Midwest,Leaking,Call Center,2026-01-19T03:17:00,0.75,False,
6a5f5758-289d-448f-94df-20012cc16bf6,Crunchy Chips tastes stale from Pacific Northwest,Crunchy Chips,Resealable Bag v2 - New Lid,Pacific Northwest,Stale Taste,Amazon Review,2026-01-19T03:26:00,0.8,False,
2a121e1a-7848-40c2-82fe-cb2b259bb8c3,Resealable Resealable Bag v2 - New Lid failed to close - Texas,Cookies Pack,Resealable Bag v2 - New Lid,Texas,Seal Failure,Twitter,2026-01-19T03:27:00,0.83,False,
62cd0e0f-fa8e-4fc2-a6be-4fb67582120d,Resealable Bag v2 - New Lid half empty - Cookies Pack,Cookies Pack,Resealable Bag v2 - New Lid,Pacific Northwest,Low Fill,Twitter,2026-01-19T03:29:00,0.84,False,
7f2e0895-ddc8-438d-a6d5-5ea85d175216,Resealable Bag v2 - New Lid leaking in transit to California,Soda Pop,Resealable Bag v2 - New Lid,California,Leaking,Email,2026-01-19T03:37:00,0.71,False,
0232d479-2cd9-452e-84e9-935a6783909f,Ordered Soda Pop got wrong flavor,Soda Pop,Resealable Bag v2 - New Lid,California,Wrong Flavor,Email,2026-01-19T03:46:00,0.93,False,
ffe38a7a-ab4f-4620-b186-428d49a74275,Resealable Bag v2 - New Lid half empty - Crunchy Chips,Crunchy Chips,Resealable Bag v2 - New Lid,Northeast,Low Fill,Call Center,2026-01-19T03:51:00,0.65,False,
a3ebd76b-8b04-4455-ad7c-3094ce7fc8e9,Resealable Resealable Bag v1 failed to close - Northeast,Cookies Pack,Resealable Bag v1,Northeast,Seal Failure,Twitter,2026-01-19T03:51:00,0.76,False,
7a094508-4532-45f5-b366-d56e266835ae,Stale Cookies Pack in Resealable Bag v2 - New Lid,Cookies Pack,Resealable Bag v2 - New Lid,Northeast,Stale Taste,Email,2026-01-19T03:55:00,0.81,False,
9e5c2e4a-3afb-4314-9353-bc8d9368f0b4,Ordered Granola Bar got wrong flavor,Granola Bar,Can 330ml,California,Wrong Flavor,Call Center,2026-01-19T03:57:00,0.63,False,
58cb54f7-d8fb-4937-936a-396c7d7791a7,"The Can 330ml won't close, goes stale in Midwest",Cookies Pack,Can 330ml,Midwest,Seal Failure,Email,2026-01-19T04:16:00,0.78,False,
53f9451d-f0e4-4768-9d17-443796ac838d,Box 200g half empty - Soda Pop,Soda Pop,Box 200g,Midwest,Low Fill,Email,2026-01-19T04:25:00,0.77,False,
806a7384-beb7-4b9a-8edd-011f84d66612,New lid on Box 200g doesn't seal properly,Cookies Pack,Box 200g,Texas,Seal Failure,Call Center,2026-01-19T04:52:00,0.95,False,
2eafd7f2-62b1-4c9f-a320-004cafe69b61,Crunchy Chips tastes stale from Pacific Northwest,Crunchy Chips,Resealable Bag v2 - New Lid,Pacific Northwest,Stale Taste,Amazon Review,2026-01-19T05:27:00,0.8,False,
cc0deff9-d613-4c9d-b166-beec5a33f53e,Ordered Crunchy Chips got wrong flavor,Crunchy Chips,Resealable Bag v1,Northeast,Wrong Flavor,Email,2026-01-19T05:40:00,0.65,False,
70b5f62e-e2ad-4735-be11-71c1bdbebf8f,"The Resealable Bag v1 won't close, goes stale in Northeast",Soda Pop,Resealable Bag v1,Northeast,Seal Failure,Call Center,2026-01-19T06:05:00,0.76,False,
ac27a88f-8513-4c8e-83c2-31f6f259a08a,Ordered Crunchy Chips got wrong flavor,Crunchy Chips,Box 200g,California,Wrong Flavor,Email,2026-01-19T06:05:00,0.92,False,
984eda94-0d7d-448c-b7d9-328bea766ca1,Resealable Can 330ml failed to close - California,Cookies Pack,Can 330ml,California,Seal Failure,Email,2026-01-19T06:07:00,0.68,False,
6d0bd35d-f309-4257-b9a4-d89ac46e5a6c,Resealable Bag v2 - New Lid half empty - Cookies Pack,Cookies Pack,Resealable Bag v2 - New Lid,Northeast,Low Fill,Email,2026-01-19T06:15:00,0.64,False,
56ded71b-5c32-4888-b847-4d196cd0c5af,Can 330ml leaking in transit to Texas,Soda Pop,Can 330ml,Texas,Leaking,Call Center,2026-01-19T06:21:00,0.77,False,
8cb2fb73-3918-44e2-8c80-2a8db7404144,Opened Granola Bar and it was stale,Granola Bar,Can 330ml,California,Stale Taste,Amazon Review,2026-01-19T06:26:00,0.91,False,
44466ab6-b76c-4434-a108-990ae87c4fd7,Box crushed in shipping to California,Cookies Pack,Resealable Bag v1,California,Damaged Pack,Amazon Review,2026-01-19T06:31:00,0.63,False,
b0b29124-f286-4b07-94af-4617d903417d,Ordered Crunchy Chips got wrong flavor,Crunchy Chips,Box 200g,Pacific Northwest,Wrong Flavor,Email,2026-01-19T06:34:00,0.81,False,
00202b96-1ed6-4a8b-91c4-e9ce50ff6e0c,Resealable Can 330ml failed to close - California,Crunchy Chips,Can 330ml,California,Seal Failure,Email,2026-01-19T06:36:00,0.66,False,
f915f7f0-816f-46c0-921f-2c7430c12782,Box 200g half empty - Crunchy Chips,Crunchy Chips,Box 200g,Pacific Northwest,Low Fill,Twitter,2026-01-19T06:46:00,0.84,False,
5e062d84-e4ac-4e75-959f-1e93bea222e6,Ordered Cookies Pack got wrong flavor,Cookies Pack,Can 330ml,Texas,Wrong Flavor,Email,2026-01-19T06:52:00,0.91,False,
9ac15955-e862-4eb7-980f-136b26d26617,Resealable Bag v2 - New Lid arrived torn,Soda Pop,Resealable Bag v2 - New Lid,Northeast,Damaged Pack,Twitter,2026-01-19T07:05:00,0.85,False,
bc080fad-e31c-48d2-aa7c-85998d7a86b1,Resealable Bag v1 leaking in transit to California,Crunchy Chips,Resealable Bag v1,California,Leaking,Amazon Review,2026-01-19T07:07:00,0.68,False,
03e22c24-fee3-4047-8aa7-a715a5f70d56,Resealable Can 330ml failed to close - Midwest,Soda Pop,Can 330ml,Midwest,Seal Failure,Call Center,2026-01-19T07:08:00,0.61,False,
9309eb23-f7b7-4665-b71c-894c553afd6f,Opened Cookies Pack and it was stale,Cookies Pack,Resealable Bag v1,California,Stale Taste,Twitter,2026-01-19T07:18:00,0.62,False,
741dbe52-6c0a-4ed7-8fc0-1206670e52e2,New lid on Resealable Bag v2 - New Lid doesn't seal properly,Cookies Pack,Resealable Bag v2 - New Lid,Northeast,Seal Failure,Email,2026-01-19T07:25:00,0.7,False,
9e7bfda4-3bdd-45b0-8fd9-6040b72c5d33,Cookies Pack tastes stale from California,Cookies Pack,Resealable Bag v1,California,Stale Taste,Call Center,2026-01-19T07:38:00,0.76,False,
4ac2a9e6-bcab-4d1e-9776-003e2326ea27,Resealable Bag v2 - New Lid leaking in transit to Pacific Northwest,Cookies Pack,Resealable Bag v2 - New Lid,Pacific Northwest,Leaking,Twitter,2026-01-19T07:57:00,0.83,False,
65642d43-62e6-4616-9f04-d1037231dcb2,Stale Soda Pop in Can 330ml,Soda Pop,Can 330ml,California,Stale Taste,Amazon Review,2026-01-19T08:05:00,0.63,False,
f3b13dec-d047-4996-a3fa-911615e67c4c,Resealable Box 200g failed to close - California,Soda Pop,Box 200g,California,Seal Failure,Call Center,2026-01-19T08:11:00,0.78,False,
d62a0241-b661-42a6-ba78-52d493e004d9,Opened Cookies Pack and it was stale,Cookies Pack,Box 200g,Northeast,Stale Taste,Call Center,2026-01-19T08:25:00,0.79,False,
1742d930-95f8-41a1-9de2-7a10381b600f,Box 200g half empty - Granola Bar,Granola Bar,Box 200g,California,Low Fill,Amazon Review,2026-01-19T08:25:00,0.79,False,
92fefaf0-0239-4ad1-8ce5-e1887f0327b1,Box 200g leaking in transit to Northeast,Cookies Pack,Box 200g,Northeast,Leaking,Amazon Review,2026-01-19T08:26:00,0.93,False,
38b75e70-774c-4917-b071-4e2e66124402,Box 200g leaking in transit to Northeast,Crunchy Chips,Box 200g,Northeast,Leaking,Email,2026-01-19T08:40:00,0.69,False,
11c2b24e-b118-416e-b670-21f9d7f1443e,Resealable Can 330ml failed to close - Pacific Northwest,Cookies Pack,Can 330ml,Pacific Northwest,Seal Failure,Twitter,2026-01-19T08:43:00,0.78,False,
f52f833c-923d-4c69-8e5e-8dc0b90e821d,Resealable Bag v1 half empty - Granola Bar,Granola Bar,Resealable Bag v1,Northeast,Low Fill,Twitter,2026-01-19T08:44:00,0.9,False,
f21dbd1e-2a3c-4dc2-81f2-f47ba1b324b2,New lid on Resealable Bag v2 - New Lid doesn't seal properly,Granola Bar,Resealable Bag v2 - New Lid,Northeast,Seal Failure,Call Center,2026-01-19T08:45:00,0.77,False,
4afd3d82-51bf-4795-b92c-2fc47402ea96,Ordered Crunchy Chips got wrong flavor,Crunchy Chips,Resealable Bag v2 - New Lid,Midwest,Wrong Flavor,Call Center,2026-01-19T09:01:00,0.72,False,
b0e2e99f-2f29-48fa-9660-d7fd2bd9779a,Can 330ml half empty - Crunchy Chips,Crunchy Chips,Can 330ml,California,Low Fill,Email,2026-01-19T09:06:00,0.78,False,
bef1dac1-3908-4a30-855f-6e7a3391b5a4,Resealable Bag v1 leaking in transit to Northeast,Soda Pop,Resealable Bag v1,Northeast,Leaking,Amazon Review,2026-01-19T09:19:00,0.72,False,
88801c65-aa67-4980-b053-49c630c5fb13,Box 200g arrived torn,Granola Bar,Box 200g,Northeast,Damaged Pack,Email,2026-01-19T09:23:00,0.74,False,
22764b4a-4d6d-445d-be0b-3cd25d4f0efe,Box 200g half empty - Granola Bar,Granola Bar,Box 200g,Northeast,Low Fill,Amazon Review,2026-01-19T09:28:00,0.67,False,
14b470e8-d05e-40f4-8945-eb8d0558f899,Ordered Cookies Pack got wrong flavor,Cookies Pack,Can 330ml,Texas,Wrong Flavor,Email,2026-01-19T09:37:00,0.62,False,
7d8f5616-ee9b-471d-b5c1-08666751ace0,Box 200g leaking in transit to Northeast,Cookies Pack,Box 200g,Northeast,Leaking,Twitter,2026-01-19T09:41:00,0.72,False,
8825e72e-6382-4a20-8893-1bd31099cf70,Can 330ml half empty - Crunchy Chips,Crunchy Chips,Can 330ml,California,Low Fill,Call Center,2026-01-19T09:55:00,0.8,False,
e09a0f9f-7d1f-4d7d-b610-7d2cb153d7e0,Resealable Bag v2 - New Lid leaking in transit to Pacific Northwest,Crunchy Chips,Resealable Bag v2 - New Lid,Pacific Northwest,Leaking,Amazon Review,2026-01-19T09:59:00,0.78,False,
cef735cb-f6d2-4434-9be6-20934b548079,"The Can 330ml won't close, goes stale in Northeast",Cookies Pack,Can 330ml,Northeast,Seal Failure,Call Center,2026-01-19T10:05:00,0.82,False,
bd61b42f-8405-4c7d-94e9-dc643c6a6b70,Resealable Bag v1 leaking in transit to Northeast,Soda Pop,Resealable Bag v1,Northeast,Leaking,Email,2026-01-19T10:11:00,0.76,False,
d8a8e76e-9025-46c0-95f7-3e554a653e64,Ordered Soda Pop got wrong flavor,Soda Pop,Resealable Bag v2 - New Lid,Northeast,Wrong Flavor,Email,2026-01-19T10:23:00,0.72,False,
d56e1f3a-fc04-4cc0-8fc4-a130d58fff7e,Box 200g half empty - Cookies Pack,Cookies Pack,Box 200g,Texas,Low Fill,Amazon Review,2026-01-19T10:25:00,0.75,False,
b940ed77-ecc9-49cf-9c11-28d9dd018f2d,"The Can 330ml won't close, goes stale in Texas",Granola Bar,Can 330ml,Texas,Seal Failure,Email,2026-01-19T10:43:00,0.6,False,
2845e9e7-bb54-492f-8b1a-c099f6ac3e80,Resealable Bag v2 - New Lid arrived torn,Cookies Pack,Resealable Bag v2 - New Lid,Pacific Northwest,Damaged Pack,Amazon Review,2026-01-19T10:53:00,0.93,False,
289bc2cd-195d-4b12-9c87-01b23d86cfb9,Ordered Soda Pop got wrong flavor,Soda Pop,Can 330ml,Midwest,Wrong Flavor,Call Center,2026-01-19T11:06:00,0.77,False,
049d41b0-0437-4475-b998-4bb4cd1372b5,Ordered Crunchy Chips got wrong flavor,Crunchy Chips,Resealable Bag v1,Pacific Northwest,Wrong Flavor,Email,2026-01-19T11:08:00,0.61,False,
d34aae2d-224d-42cb-8339-ddf36d175b13,Resealable Bag v2 - New Lid leaking in transit to Midwest,Soda Pop,Resealable Bag v2 - New Lid,Midwest,Leaking,Email,2026-01-19T11:20:00,0.89,False,
ea7a3eaf-975d-4924-841b-d44fea3f9592,Box crushed in shipping to Pacific Northwest,Cookies Pack,Can 330ml,Pacific Northwest,Damaged Pack,Twitter,2026-01-19T11:43:00,0.74,False,
9e299cd1-9f90-468a-9bc5-8c0b05ccb58c,Resealable Box 200g failed to close - Midwest,Cookies Pack,Box 200g,Midwest,Seal Failure,Twitter,2026-01-19T11:55:00,0.89,False,
7e59c4ca-7d2d-4518-92e9-4ec58b310750,Box crushed in shipping to Northeast,Crunchy Chips,Box 200g,Northeast,Damaged Pack,Email,2026-01-19T12:03:00,0.67,False,
1908f615-bbb0-4f34-b117-0335440f00e3,"The Resealable Bag v2 - New Lid won't close, goes stale in Northeast",Granola Bar,Resealable Bag v2 - New Lid,Northeast,Seal Failure,Amazon Review,2026-01-19T12:10:00,0.76,False,
1630cbee-6d5e-4e7f-85fa-af6ab5098b99,Cookies Pack tastes stale from Pacific Northwest,Cookies Pack,Box 200g,Pacific Northwest,Stale Taste,Twitter,2026-01-19T12:22:00,0.66,False,
08e6b419-8230-4432-82ca-9087bd5f8895,Ordered Soda Pop got wrong flavor,Soda Pop,Resealable Bag v2 - New Lid,Pacific Northwest,Wrong Flavor,Amazon Review,2026-01-19T12:28:00,0.71,False,
e8e9efaf-e9e4-40db-9cdf-75587481e19b,Ordered Crunchy Chips got wrong flavor,Crunchy Chips,Resealable Bag v2 - New Lid,Pacific Northwest,Wrong Flavor,Twitter,2026-01-19T12:29:00,0.72,False,
dd651778-13e7-4b38-ac3d-86bf61734daa,Resealable Box 200g failed to close - Texas,Crunchy Chips,Box 200g,Texas,Seal Failure,Call Center,2026-01-19T12:42:00,0.77,False,
78327f2f-b802-476b-ac86-6a821ca214d2,Ordered Granola Bar got wrong flavor,Granola Bar,Resealable Bag v2 - New Lid,California,Wrong Flavor,Call Center,2026-01-19T12:48:00,0.89,False,
fdd9c800-f0d4-427c-a6c9-7585540f122b,Resealable Bag v2 - New Lid half empty - Granola Bar,Granola Bar,Resealable Bag v2 - New Lid,Northeast,Low Fill,Twitter,2026-01-19T12:49:00,0.84,False,
0398ee7c-afa2-40ae-9e1a-e5ed1d32435e,Ordered Crunchy Chips got wrong flavor,Crunchy Chips,Can 330ml,Midwest,Wrong Flavor,Email,2026-01-19T12:52:00,0.85,False,
fc600027-5861-4e43-83ec-450ad003b4aa,Box crushed in shipping to Texas,Crunchy Chips,Box 200g,Texas,Damaged Pack,Twitter,2026-01-19T13:00:00,0.91,False,
456c4368-4747-4777-92d4-2d9768d28ddb,Box crushed in shipping to Northeast,Crunchy Chips,Resealable Bag v1,Northeast,Damaged Pack,Amazon Review,2026-01-19T13:02:00,0.82,False,
4ed22e0f-50da-4a12-9b1b-2b780273ada3,Cookies Pack tastes stale from Midwest,Cookies Pack,Resealable Bag v2 - New Lid,Midwest,Stale Taste,Email,2026-01-19T13:11:00,0.94,False,
5c8a70b1-5ab4-4ce7-9374-742cd1c47ccd,Resealable Bag v1 arrived torn,Cookies Pack,Resealable Bag v1,Texas,Damaged Pack,Email,2026-01-19T13:13:00,0.73,False,
4e9ad792-e10e-4050-aed7-01e06995fa3b,Crunchy Chips tastes stale from Pacific Northwest,Crunchy Chips,Can 330ml,Pacific Northwest,Stale Taste,Call Center,2026-01-19T13:14:00,0.62,False,
c7d48a4c-d8d2-498f-90f8-037e5dea1869,Resealable Box 200g failed to close - Pacific Northwest,Soda Pop,Box 200g,Pacific Northwest,Seal Failure,Twitter,2026-01-19T13:15:00,0.69,False,
cfc65044-0d4b-4d68-b2d4-217851750dd7,"The Resealable Bag v1 won't close, goes stale in Northeast",Cookies Pack,Resealable Bag v1,Northeast,Seal Failure,Call Center,2026-01-19T13:17:00,0.66,False,
36417031-83f5-4c8f-88bf-38d2e199e9ec,Ordered Granola Bar got wrong flavor,Granola Bar,Box 200g,Pacific Northwest,Wrong Flavor,Amazon Review,2026-01-19T13:23:00,0.75,False,
5d3a39e5-07dd-46c7-b958-842bbd74623c,Can 330ml leaking in transit to Northeast,Cookies Pack,Can 330ml,Northeast,Leaking,Email,2026-01-19T13:38:00,0.85,False,
25fcfaeb-8a0f-4e7e-8df3-2ada6c0f97b3,Ordered Cookies Pack got wrong flavor,Cookies Pack,Can 330ml,Midwest,Wrong Flavor,Email,2026-01-19T13:43:00,0.87,False,
9e4425f1-c03d-41ad-8b41-afce3e0f00fd,Box crushed in shipping to Northeast,Cookies Pack,Resealable Bag v1,Northeast,Damaged Pack,Email,2026-01-19T13:52:00,0.79,False,
70c9b4b5-591c-45e4-ade8-6eb2cb1c8c1f,Box crushed in shipping to Midwest,Crunchy Chips,Can 330ml,Midwest,Damaged Pack,Call Center,2026-01-19T14:16:00,0.8,False,
f2fb74d7-d2c5-4cf9-acff-3a6e0f675a5a,Resealable Resealable Bag v1 failed to close - Northeast,Soda Pop,Resealable Bag v1,Northeast,Seal Failure,Call Center,2026-01-19T14:41:00,0.62,False,
a20d2c1e-8177-42c7-a840-749938681018,Opened Cookies Pack and it was stale,Cookies Pack,Resealable Bag v1,Pacific Northwest,Stale Taste,Amazon Review,2026-01-19T14:58:00,0.87,False,
bac11f06-5334-426b-aba9-78b6f5d2c2db,Resealable Bag v1 arrived torn,Soda Pop,Resealable Bag v1,Pacific Northwest,Damaged Pack,Amazon Review,2026-01-19T15:00:00,0.77,False,
9ed82d72-e71c-4519-8cbc-785c13eae191,Ordered Crunchy Chips got wrong flavor,Crunchy Chips,Resealable Bag v2 - New Lid,Midwest,Wrong Flavor,Email,2026-01-19T15:01:00,0.78,False,
7eb1f457-2ebe-4789-9824-cce254b15f08,Crunchy Chips tastes stale from California,Crunchy Chips,Box 200g,California,Stale Taste,Amazon Review,2026-01-19T15:13:00,0.8,False,
f830c600-f3d4-4e54-b36f-3c7152c3dbb7,New lid on Box 200g doesn't seal properly,Soda Pop,Box 200g,Pacific Northwest,Seal Failure,Twitter,2026-01-19T15:43:00,0.83,False,
e0b80efc-6032-47a9-97a9-ea53e8aea845,Resealable Can 330ml failed to close - Midwest,Granola Bar,Can 330ml,Midwest,Seal Failure,Amazon Review,2026-01-19T15:43:00,0.71,False,
7d2080f9-3b8e-4d7d-8371-65bb6071e8e1,Stale Soda Pop in Resealable Bag v1,Soda Pop,Resealable Bag v1,Northeast,Stale Taste,Call Center,2026-01-19T15:52:00,0.71,False,
5b339e4f-12d5-4bc4-a7af-ec242e96b374,Can 330ml leaking in transit to California,Soda Pop,Can 330ml,California,Leaking,Twitter,2026-01-19T16:13:00,0.74,False,
dd1bbf27-613f-4490-8a1b-23d5038c4b13,Resealable Resealable Bag v2 - New Lid failed to close - Midwest,Crunchy Chips,Resealable Bag v2 - New Lid,Midwest,Seal Failure,Call Center,2026-01-19T16:15:00,0.91,False,
b1c190a5-5d03-463b-9c17-08e597e7d587,Opened Soda Pop and it was stale,Soda Pop,Resealable Bag v2 - New Lid,Pacific Northwest,Stale Taste,Amazon Review,2026-01-19T16:19:00,0.9,False,
831741dc-0fc6-4814-a765-54fb9e0f3a07,Opened Granola Bar and it was stale,Granola Bar,Resealable Bag v2 - New Lid,Midwest,Stale Taste,Email,2026-01-19T16:28:00,0.66,False,
8be587b2-4088-4759-9c10-227e67061308,Ordered Cookies Pack got wrong flavor,Cookies Pack,Can 330ml,California,Wrong Flavor,Amazon Review,2026-01-19T16:35:00,0.69,False,
a18b11d6-9dfa-44d7-8bbb-c5ff9063ba19,Can 330ml half empty - Crunchy Chips,Crunchy Chips,Can 330ml,Texas,Low Fill,Twitter,2026-01-19T16:44:00,0.73,False,
c8ae6b1d-e0ab-4d79-8912-aea9aa602304,Ordered Soda Pop got wrong flavor,Soda Pop,Box 200g,California,Wrong Flavor,Email,2026-01-19T16:45:00,0.66,False,
46089a7d-3fc0-4b18-9c06-d24dfc0df1b0,Can 330ml half empty - Crunchy Chips,Crunchy Chips,Can 330ml,Pacific Northwest,Low Fill,Amazon Review,2026-01-19T16:47:00,0.62,False,
fb739346-73c7-4996-8854-e96a9cc902a7,Box crushed in shipping to Texas,Soda Pop,Box 200g,Texas,Damaged Pack,Call Center,2026-01-19T16:54:00,0.76,False,
7326a996-9bfb-4143-9130-ff8f8551c275,Ordered Granola Bar got wrong flavor,Granola Bar,Can 330ml,Texas,Wrong Flavor,Call Center,2026-01-19T17:06:00,0.62,False,
6201f2da-b9ca-42db-9223-15b91be362a4,Stale Crunchy Chips in Can 330ml,Crunchy Chips,Can 330ml,Texas,Stale Taste,Call Center,2026-01-19T17:06:00,0.65,False,
4d8be601-82dd-4080-b8d4-90d1c8bffb04,Opened Crunchy Chips and it was stale,Crunchy Chips,Can 330ml,Pacific Northwest,Stale Taste,Amazon Review,2026-01-19T17:07:00,0.7,False,
f618d9db-2142-425b-9fe0-61386dc4a038,Resealable Bag v1 half empty - Cookies Pack,Cookies Pack,Resealable Bag v1,Texas,Low Fill,Amazon Review,2026-01-19T17:46:00,0.83,False,
fa88ab19-ab86-4ed1-a7e6-820cd7b8065c,Resealable Bag v1 half empty - Crunchy Chips,Crunchy Chips,Resealable Bag v1,Texas,Low Fill,Email,2026-01-19T17:53:00,0.6,False,
27875a76-4483-4906-9ac3-9cddaba7e05b,Resealable Bag v1 half empty - Granola Bar,Granola Bar,Resealable Bag v1,California,Low Fill,Twitter,2026-01-19T17:55:00,0.8,False,
18d78488-bc8d-463c-8b9c-48f7eda07054,Opened Granola Bar and it was stale,Granola Bar,Box 200g,Pacific Northwest,Stale Taste,Email,2026-01-19T17:58:00,0.62,False,
f93b1d49-1532-4e33-962c-82d9e811fb34,Resealable Bag v1 leaking in transit to Midwest,Granola Bar,Resealable Bag v1,Midwest,Leaking,Call Center,2026-01-19T17:59:00,0.75,False,
f31311ba-1549-4231-bd77-e1c695894cca,Can 330ml arrived torn,Granola Bar,Can 330ml,Pacific Northwest,Damaged Pack,Twitter,2026-01-19T18:05:00,0.86,False,
4397657c-7b60-440e-922d-3a5d18a8a799,Can 330ml half empty - Soda Pop,Soda Pop,Can 330ml,Texas,Low Fill,Call Center,2026-01-19T18:31:00,0.8,False,
f6774e45-268c-440a-9ae8-6207c725bde9,New lid on Resealable Bag v2 - New Lid doesn't seal properly,Granola Bar,Resealable Bag v2 - New Lid,Midwest,Seal Failure,Call Center,2026-01-19T18:32:00,0.78,False,
86c26788-3994-476c-9f55-cdf7eb1ce6dd,Resealable Can 330ml failed to close - Texas,Soda Pop,Can 330ml,Texas,Seal Failure,Email,2026-01-19T18:38:00,0.92,False,
513bedea-336d-4401-abb4-ffcaf9993dee,"The Resealable Bag v2 - New Lid won't close, goes stale in California",Crunchy Chips,Resealable Bag v2 - New Lid,California,Seal Failure,Call Center,2026-01-19T18:52:00,0.84,False,
6ad79836-33a0-47ec-8024-e866191b09a0,Ordered Soda Pop got wrong flavor,Soda Pop,Resealable Bag v2 - New Lid,Northeast,Wrong Flavor,Amazon Review,2026-01-19T19:13:00,0.85,False,
fc521744-20d7-44d2-b617-28fecc52c9eb,Ordered Soda Pop got wrong flavor,Soda Pop,Resealable Bag v1,California,Wrong Flavor,Amazon Review,2026-01-19T19:15:00,0.82,False,
162b3cc2-c458-492b-8077-05fcdec02b02,Stale Cookies Pack in Box 200g,Cookies Pack,Box 200g,Midwest,Stale Taste,Email,2026-01-19T19:21:00,0.89,False,
f59e3e5d-6248-404a-9bf5-561d3ce9722c,Resealable Bag v2 - New Lid leaking in transit to Northeast,Crunchy Chips,Resealable Bag v2 - New Lid,Northeast,Leaking,Amazon Review,2026-01-19T19:26:00,0.68,False,
4e534aee-c4eb-4d51-88e1-5db59b5a3ff4,Box 200g half empty - Soda Pop,Soda Pop,Box 200g,Pacific Northwest,Low Fill,Email,2026-01-19T19:26:00,0.65,False,
b824c352-1d1b-407a-b529-cd2b444a811a,Opened Soda Pop and it was stale,Soda Pop,Can 330ml,Midwest,Stale Taste,Amazon Review,2026-01-19T19:30:00,0.71,False,
c6fa344c-e5e6-44b0-bec0-73cf79cffd09,Can 330ml arrived torn,Crunchy Chips,Can 330ml,California,Damaged Pack,Amazon Review,2026-01-19T19:38:00,0.95,False,
eba896f8-7314-4004-bdec-7add10b3d961,"The Resealable Bag v2 - New Lid won't close, goes stale in Northeast",Granola Bar,Resealable Bag v2 - New Lid,Northeast,Seal Failure,Amazon Review,2026-01-19T19:41:00,0.61,False,
21a43021-4c84-4714-9cf8-a6296a07768f,Box 200g half empty - Soda Pop,Soda Pop,Box 200g,Texas,Low Fill,Amazon Review,2026-01-19T19:42:00,0.75,False,
add3a030-6603-444c-bef0-da099477eece,Box 200g half empty - Soda Pop,Soda Pop,Box 200g,Texas,Low Fill,Email,2026-01-19T20:06:00,0.6,False,
3e6c1877-c9b1-4d64-b824-f86a8fe08b1a,Can 330ml leaking in transit to Midwest,Cookies Pack,Can 330ml,Midwest,Leaking,Email,2026-01-19T20:11:00,0.74,False,
6832485b-a797-4719-99b1-7624f30ceac3,Box 200g half empty - Crunchy Chips,Crunchy Chips,Box 200g,Northeast,Low Fill,Call Center,2026-01-19T20:18:00,0.75,False,
2b46b17a-5846-4621-aa1e-c541a193e802,Resealable Bag v2 - New Lid leaking in transit to Northeast,Soda Pop,Resealable Bag v2 - New Lid,Northeast,Leaking,Twitter,2026-01-19T20:18:00,0.89,False,
0a0be1f5-4ffa-4ac7-8224-0c90f99b4e26,Resealable Bag v1 arrived torn,Cookies Pack,Resealable Bag v1,California,Damaged Pack,Email,2026-01-19T20:25:00,0.8,False,
44c722f2-14f4-42f5-a8a5-0b9c77b4261f,New lid on Resealable Bag v1 doesn't seal properly,Crunchy Chips,Resealable Bag v1,Midwest,Seal Failure,Email,2026-01-19T20:27:00,0.69,False,
22b93687-5933-4bf0-bb91-71092d8f1da6,Box crushed in shipping to Texas,Soda Pop,Resealable Bag v1,Texas,Damaged Pack,Email,2026-01-19T20:28:00,0.73,False,
02f1c031-73e4-476c-a973-99a41c9508e4,Soda Pop tastes stale from Texas,Soda Pop,Resealable Bag v1,Texas,Stale Taste,Call Center,2026-01-19T20:35:00,0.91,False,
ca01fba8-8ac2-45d5-8f63-2105baef507b,Box 200g leaking in transit to Texas,Cookies Pack,Box 200g,Texas,Leaking,Twitter,2026-01-19T20:42:00,0.62,False,
7be1292d-437b-4428-8c25-21991d9a8c3a,Ordered Soda Pop got wrong flavor,Soda Pop,Can 330ml,Northeast,Wrong Flavor,Email,2026-01-19T20:59:00,0.76,False,
a393f7a7-da79-46f8-b1a3-2f6295c85635,Stale Crunchy Chips in Can 330ml,Crunchy Chips,Can 330ml,California,Stale Taste,Call Center,2026-01-19T21:00:00,0.67,False,
11355bfb-8a9e-4508-90a3-4220cf16b70e,Can 330ml arrived torn,Cookies Pack,Can 330ml,Pacific Northwest,Damaged Pack,Twitter,2026-01-19T21:01:00,0.83,False,
23f4bfd5-4089-4fc0-9dcb-a7c2d1b86a69,Opened Cookies Pack and it was stale,Cookies Pack,Box 200g,Texas,Stale Taste,Twitter,2026-01-19T21:09:00,0.8,False,
aef285b6-d1f6-43be-bf97-a085399b92eb,Ordered Cookies Pack got wrong flavor,Cookies Pack,Resealable Bag v2 - New Lid,California,Wrong Flavor,Amazon Review,2026-01-19T21:12:00,0.93,False,
8dc70ce3-2a91-472b-9e49-2434d96f9151,Resealable Can 330ml failed to close - Northeast,Cookies Pack,Can 330ml,Northeast,Seal Failure,Twitter,2026-01-19T21:43:00,0.87,False,
bac2456f-c061-421a-9c7d-2137dc780543,Granola Bar tastes stale from Midwest,Granola Bar,Resealable Bag v1,Midwest,Stale Taste,Twitter,2026-01-19T21:50:00,0.89,False,
71f863f7-0651-4d3e-84cf-cb0117f99c0b,Crunchy Chips tastes stale from Midwest,Crunchy Chips,Can 330ml,Midwest,Stale Taste,Amazon Review,2026-01-19T22:14:00,0.87,False,
44f79ad0-70fa-45fb-af1e-30a62b79f904,Ordered Soda Pop got wrong flavor,Soda Pop,Resealable Bag v1,Pacific Northwest,Wrong Flavor,Call Center,2026-01-19T22:26:00,0.63,False,
2e38ec5c-55f1-46ce-8843-1651afcc3271,New lid on Resealable Bag v1 doesn't seal properly,Granola Bar,Resealable Bag v1,California,Seal Failure,Call Center,2026-01-19T22:29:00,0.71,False,
0664de1c-f9d2-4939-b47c-d92e12c35907,New lid on Resealable Bag v2 - New Lid doesn't seal properly,Soda Pop,Resealable Bag v2 - New Lid,Texas,Seal Failure,Twitter,2026-01-19T22:32:00,0.77,False,
280e8b52-baaf-4541-b17c-b1fbf15c0f69,Resealable Resealable Bag v1 failed to close - Texas,Granola Bar,Resealable Bag v1,Texas,Seal Failure,Amazon Review,2026-01-19T22:53:00,0.91,False,
2f844478-bd08-4fec-81bb-758f839ec024,"The Can 330ml won't close, goes stale in California",Cookies Pack,Can 330ml,California,Seal Failure,Amazon Review,2026-01-19T23:05:00,0.74,False,
9b561baa-d3e0-4cd0-804a-b91d6e5b0f88,Can 330ml leaking in transit to California,Granola Bar,Can 330ml,California,Leaking,Email,2026-01-19T23:50:00,0.66,False,
38f7ebf5-950a-457c-8e80-d58c8cd36a42,"The Box 200g won't close, goes stale in Midwest",Cookies Pack,Box 200g,Midwest,Seal Failure,Amazon Review,2026-01-19T23:53:00,0.78,False,
634bc2ee-98f7-48b1-91e0-cbb5e0c92eec,Can 330ml half empty - Soda Pop,Soda Pop,Can 330ml,Pacific Northwest,Low Fill,Call Center,2026-01-19T23:55:00,0.68,False,
de68af98-f070-4da5-bd16-4e9a90db1410,Box 200g leaking in transit to Texas,Granola Bar,Box 200g,Texas,Leaking,Call Center,2026-01-20T00:08:00,0.94,False,
66efabf9-a291-42bc-9276-0e96ad92d9ca,Resealable Bag v1 arrived torn,Cookies Pack,Resealable Bag v1,Midwest,Damaged Pack,Email,2026-01-20T00:21:00,0.62,False,
de342b45-7241-403f-b133-dc6e2e8618f5,"The Box 200g won't close, goes stale in Pacific Northwest",Cookies Pack,Box 200g,Pacific Northwest,Seal Failure,Amazon Review,2026-01-20T00:32:00,0.76,False,
5ca33607-8035-49d0-a2b4-7c1c05408e36,Ordered Granola Bar got wrong flavor,Granola Bar,Resealable Bag v2 - New Lid,Pacific Northwest,Wrong Flavor,Twitter,2026-01-20T00:40:00,0.93,False,
38a94ef4-e978-4c2a-8e0b-15552e792884,Soda Pop tastes stale from Pacific Northwest,Soda Pop,Can 330ml,Pacific Northwest,Stale Taste,Amazon Review,2026-01-20T00:47:00,0.92,False,
d8c18da6-e195-47af-8473-6bebb350e9a3,Granola Bar tastes stale from Texas,Granola Bar,Resealable Bag v2 - New Lid,Texas,Stale Taste,Amazon Review,2026-01-20T01:01:00,0.82,False,
90d62b30-89f8-4e60-8c7e-4715ba27b23e,Crunchy Chips tastes stale from Midwest,Crunchy Chips,Resealable Bag v1,Midwest,Stale Taste,Email,2026-01-20T01:11:00,0.7,False,
d09f90d6-19a3-4262-b8a6-3b279a4603ae,Resealable Resealable Bag v2 - New Lid failed to close - Texas,Soda Pop,Resealable Bag v2 - New Lid,Texas,Seal Failure,Email,2026-01-20T01:14:00,0.9,False,
0299e9f3-1f9e-4a55-a246-74a978ac52b0,Box crushed in shipping to California,Granola Bar,Box 200g,California,Damaged Pack,Amazon Review,2026-01-20T01:18:00,0.65,False,
02d635b3-15d4-42e2-844f-7440b0e5cef2,Can 330ml leaking in transit to Pacific Northwest,Soda Pop,Can 330ml,Pacific Northwest,Leaking,Call Center,2026-01-20T01:23:00,0.91,False,
461c3f9d-80fa-433d-abf0-ed47e9a7b007,Ordered Crunchy Chips got wrong flavor,Crunchy Chips,Resealable Bag v2 - New Lid,California,Wrong Flavor,Amazon Review,2026-01-20T01:26:00,0.79,False,
bf8356dc-5bf2-4841-95c3-6f997c21dd9e,Resealable Resealable Bag v2 - New Lid failed to close - Midwest,Soda Pop,Resealable Bag v2 - New Lid,Midwest,Seal Failure,Twitter,2026-01-20T01:39:00,0.93,False,
af90664a-d611-42f4-a9bf-a0ba198abce3,Can 330ml arrived torn,Cookies Pack,Can 330ml,California,Damaged Pack,Amazon Review,2026-01-20T02:01:00,0.92,False,
3ab4c191-0e96-43df-8ac5-b5af05c94c36,Box 200g leaking in transit to Midwest,Crunchy Chips,Box 200g,Midwest,Leaking,Email,2026-01-20T02:22:00,0.81,False,
a59d8630-97e3-4ab5-b351-28e2f3e1d517,Resealable Bag v1 leaking in transit to Northeast,Crunchy Chips,Resealable Bag v1,Northeast,Leaking,Twitter,2026-01-20T02:25:00,0.68,False,
6f5d9bed-f335-439b-9060-45b1f86f720b,Soda Pop tastes stale from Northeast,Soda Pop,Resealable Bag v1,Northeast,Stale Taste,Email,2026-01-20T02:54:00,0.79,False,
0d80e8e2-92c9-4119-b922-ff66eb392d7c,Ordered Soda Pop got wrong flavor,Soda Pop,Resealable Bag v1,Texas,Wrong Flavor,Amazon Review,2026-01-20T03:04:00,0.75,False,
13205b82-d3e0-4f9c-bde1-4586e9d58c8b,New lid on Resealable Bag v2 - New Lid doesn't seal properly,Crunchy Chips,Resealable Bag v2 - New Lid,California,Seal Failure,Twitter,2026-01-20T03:13:00,0.74,False,
a25eb41b-8060-4c82-9fa7-4b35c70f343c,Can 330ml leaking in transit to Midwest,Cookies Pack,Can 330ml,Midwest,Leaking,Email,2026-01-20T03:15:00,0.62,False,
c01fd4d0-7f7c-4fe4-a15c-874c9f13c7d7,Box crushed in shipping to Texas,Soda Pop,Resealable Bag v2 - New Lid,Texas,Damaged Pack,Twitter,2026-01-20T03:17:00,0.61,False,
da8254f3-7596-433b-90ce-c181c4ce7afd,Resealable Bag v2 - New Lid leaking in transit to Pacific Northwest,Crunchy Chips,Resealable Bag v2 - New Lid,Pacific Northwest,Leaking,Email,2026-01-20T03:28:00,0.61,False,
75e839db-3292-4a38-aac4-3de6decc67be,Box 200g leaking in transit to Texas,Soda Pop,Box 200g,Texas,Leaking,Email,2026-01-20T03:30:00,0.79,False,
004e3a4e-d8b5-4f1a-9749-f9a80e747ee2,Box 200g leaking in transit to Pacific Northwest,Soda Pop,Box 200g,Pacific Northwest,Leaking,Email,2026-01-20T03:35:00,0.77,False,
1b653ff8-b0e1-4ecb-924e-a33754655a4c,Can 330ml arrived torn,Cookies Pack,Can 330ml,Texas,Damaged Pack,Email,2026-01-20T03:46:00,0.71,False,
20150757-361f-448c-9055-83f9c52f30ef,Box 200g leaking in transit to Pacific Northwest,Crunchy Chips,Box 200g,Pacific Northwest,Leaking,Amazon Review,2026-01-20T03:48:00,0.66,False,
9d58fb60-8dc3-45d4-9362-f7f04e66672a,Resealable Bag v2 - New Lid leaking in transit to Northeast,Granola Bar,Resealable Bag v2 - New Lid,Northeast,Leaking,Email,2026-01-20T04:01:00,0.73,False,
0e260b12-6a13-4743-9747-6dadfcdc1a1f,Stale Cookies Pack in Resealable Bag v1,Cookies Pack,Resealable Bag v1,Texas,Stale Taste,Email,2026-01-20T04:03:00,0.75,False,
7c6381a9-a073-47e8-886d-dd7393f8fdae,Ordered Granola Bar got wrong flavor,Granola Bar,Box 200g,Midwest,Wrong Flavor,Twitter,2026-01-20T04:16:00,0.78,False,
f5343528-1f7b-4434-abe6-f20f2da76e2b,Granola Bar tastes stale from Midwest,Granola Bar,Resealable Bag v2 - New Lid,Midwest,Stale Taste,Call Center,2026-01-20T04:25:00,0.88,False,
8c898a1a-c9be-4eb2-8fad-b02a0ec824e5,Ordered Crunchy Chips got wrong flavor,Crunchy Chips,Resealable Bag v2 - New Lid,Pacific Northwest,Wrong Flavor,Twitter,2026-01-20T04:36:00,0.72,False,
1f75a56e-48c3-4137-851a-0517d6ac8c36,Resealable Bag v1 leaking in transit to Pacific Northwest,Cookies Pack,Resealable Bag v1,Pacific Northwest,Leaking,Email,2026-01-20T04:42:00,0.9,False,
98004170-7ef5-4fd4-875c-06b4b981ffb9,Box 200g half empty - Cookies Pack,Cookies Pack,Box 200g,Midwest,Low Fill,Email,2026-01-20T04:42:00,0.89,False,
6971db80-91c8-4224-ad7b-427912914f97,Cookies Pack tastes stale from Pacific Northwest,Cookies Pack,Can 330ml,Pacific Northwest,Stale Taste,Call Center,2026-01-20T05:23:00,0.61,False,
4917eaf6-dd63-49b5-9ba6-062d17bf38b4,Resealable Resealable Bag v2 - New Lid failed to close - Midwest,Crunchy Chips,Resealable Bag v2 - New Lid,Midwest,Seal Failure,Twitter,2026-01-20T05:25:00,0.87,False,
1e506b3b-5003-4fc0-8952-b9558958221b,Resealable Can 330ml failed to close - Midwest,Granola Bar,Can 330ml,Midwest,Seal Failure,Call Center,2026-01-20T05:38:00,0.87,False,
d3a8abdc-6cae-4bd2-8af8-4d0f3443f5c1,Opened Soda Pop and it was stale,Soda Pop,Box 200g,Pacific Northwest,Stale Taste,Twitter,2026-01-20T05:49:00,0.72,False,
a0a06932-c687-493f-9a37-d90642ac9daf,Resealable Resealable Bag v1 failed to close - Pacific Northwest,Granola Bar,Resealable Bag v1,Pacific Northwest,Seal Failure,Call Center,2026-01-20T06:01:00,0.63,False,
f40c34f9-e219-4eef-8943-0d453345f012,Box crushed in shipping to Texas,Crunchy Chips,Resealable Bag v1,Texas,Damaged Pack,Call Center,2026-01-20T06:03:00,0.76,False,
1f0ef207-ade9-4aab-988b-29ffb07b99ad,Can 330ml half empty - Crunchy Chips,Crunchy Chips,Can 330ml,Texas,Low Fill,Call Center,2026-01-20T06:05:00,0.85,False,
15940c22-1035-409d-b0a8-4e027f4627c4,Resealable Bag v2 - New Lid leaking in transit to Pacific Northwest,Granola Bar,Resealable Bag v2 - New Lid,Pacific Northwest,Leaking,Call Center,2026-01-20T06:23:00,0.73,False,
5966bb3d-5017-4dd8-b15e-25aa907a0de0,Resealable Resealable Bag v1 failed to close - California,Soda Pop,Resealable Bag v1,California,Seal Failure,Amazon Review,2026-01-20T06:36:00,0.85,False,
00ca61bf-80a1-434e-8e7a-4b74ff695e2f,Resealable Bag v1 half empty - Cookies Pack,Cookies Pack,Resealable Bag v1,Texas,Low Fill,Call Center,2026-01-20T06:36:00,0.87,False,
12ae09e3-633b-403d-9676-9b33d3aac5ca,Can 330ml half empty - Cookies Pack,Cookies Pack,Can 330ml,Midwest,Low Fill,Amazon Review,2026-01-20T06:36:00,0.61,False,
6874a912-83c7-406f-91d0-49c13a26c267,Opened Granola Bar and it was stale,Granola Bar,Resealable Bag v2 - New Lid,California,Stale Taste,Email,2026-01-20T06:40:00,0.79,False,
58797abc-77ef-4812-b41d-c52e1c9071e3,"The Box 200g won't close, goes stale in California",Soda Pop,Box 200g,California,Seal Failure,Email,2026-01-20T06:53:00,0.72,False,
bf1bc6a8-8685-462b-b63f-f625c735134c,Resealable Bag v1 leaking in transit to Texas,Crunchy Chips,Resealable Bag v1,Texas,Leaking,Twitter,2026-01-20T06:55:00,0.64,False,
98ebb642-1bf4-44d4-9dd0-caa81cbd6271,Box 200g leaking in transit to Northeast,Granola Bar,Box 200g,Northeast,Leaking,Email,2026-01-20T06:56:00,0.87,False,
f778c301-dc0d-41bb-8b7e-874fe7e286f9,New lid on Resealable Bag v1 doesn't seal properly,Granola Bar,Resealable Bag v1,Texas,Seal Failure,Call Center,2026-01-20T07:17:00,0.72,False,
2834f84b-a5b1-4f9f-97bd-96aff2a499e3,Box 200g half empty - Soda Pop,Soda Pop,Box 200g,California,Low Fill,Twitter,2026-01-20T07:29:00,0.93,False,
fe9ef0e8-858e-461f-869a-c90d83f6cad4,New lid on Resealable Bag v1 doesn't seal properly,Granola Bar,Resealable Bag v1,Texas,Seal Failure,Amazon Review,2026-01-20T07:37:00,0.65,False,
deaf9901-8b5f-4407-b993-5df6c70bcfd5,Opened Cookies Pack and it was stale,Cookies Pack,Can 330ml,Texas,Stale Taste,Amazon Review,2026-01-20T07:45:00,0.69,False,
769867f9-a490-4a12-8448-d519f8db6a52,Resealable Bag v2 - New Lid leaking in transit to Midwest,Soda Pop,Resealable Bag v2 - New Lid,Midwest,Leaking,Twitter,2026-01-20T07:47:00,0.66,False,
76e6713a-799c-45eb-9868-9050f5fac471,Box 200g leaking in transit to Midwest,Cookies Pack,Box 200g,Midwest,Leaking,Call Center,2026-01-20T08:20:00,0.76,False,
c50bc908-ef9a-496c-acdd-175be566b511,Box crushed in shipping to Pacific Northwest,Crunchy Chips,Resealable Bag v2 - New Lid,Pacific Northwest,Damaged Pack,Amazon Review,2026-01-20T08:45:00,0.85,False,
c23f1f02-eb84-447b-978c-a8c924dba119,Box crushed in shipping to Texas,Soda Pop,Box 200g,Texas,Damaged Pack,Email,2026-01-20T08:48:00,0.76,False,
f844ae4a-1cb1-499d-a2bc-f98c0d2dd2d8,Resealable Bag v2 - New Lid half empty - Soda Pop,Soda Pop,Resealable Bag v2 - New Lid,Northeast,Low Fill,Amazon Review,2026-01-20T08:48:00,0.77,False,
158e5d5d-ad31-41f6-b075-b25bc888f063,Stale Cookies Pack in Box 200g,Cookies Pack,Box 200g,Northeast,Stale Taste,Twitter,2026-01-20T08:53:00,0.67,False,
ca186920-81a1-4407-8055-3a2a08fe8369,Resealable Resealable Bag v1 failed to close - Texas,Soda Pop,Resealable Bag v1,Texas,Seal Failure,Email,2026-01-20T08:58:00,0.76,False,
7d3ea552-af14-4aa5-a45a-aedfe30b8d29,Box 200g half empty - Cookies Pack,Cookies Pack,Box 200g,Pacific Northwest,Low Fill,Call Center,2026-01-20T09:01:00,0.65,False,
eb8a6b76-b936-42a6-a54c-151e50a00f91,New lid on Resealable Bag v1 doesn't seal properly,Crunchy Chips,Resealable Bag v1,California,Seal Failure,Call Center,2026-01-20T09:09:00,0.7,False,
9d5016fb-a144-42c1-90f1-80ac5d651613,Can 330ml half empty - Granola Bar,Granola Bar,Can 330ml,Texas,Low Fill,Amazon Review,2026-01-20T09:13:00,0.65,False,
bbed9b3c-cba5-4e38-a0dd-96f488e3bb50,Resealable Bag v2 - New Lid half empty - Soda Pop,Soda Pop,Resealable Bag v2 - New Lid,Pacific Northwest,Low Fill,Amazon Review,2026-01-20T09:54:00,0.67,False,
fd22e8f6-a046-438c-8f41-79bfe0d39405,Resealable Bag v1 half empty - Granola Bar,Granola Bar,Resealable Bag v1,California,Low Fill,Email,2026-01-20T10:02:00,0.94,False,
fc0e3233-6aaa-4590-abe3-8864453a45c5,"The Resealable Bag v1 won't close, goes stale in Pacific Northwest",Soda Pop,Resealable Bag v1,Pacific Northwest,Seal Failure,Call Center,2026-01-20T10:20:00,0.86,False,
fe0e3eb4-29f0-4d5f-ae4d-b0666cf14863,Resealable Can 330ml failed to close - California,Crunchy Chips,Can 330ml,California,Seal Failure,Amazon Review,2026-01-20T10:29:00,0.93,False,
6f95e474-7d6a-4ea4-91fe-6757824ab0ba,Opened Cookies Pack and it was stale,Cookies Pack,Box 200g,California,Stale Taste,Amazon Review,2026-01-20T10:31:00,0.65,False,
efe813ef-e55e-45c5-8234-1f819aca15a6,Ordered Crunchy Chips got wrong flavor,Crunchy Chips,Can 330ml,Northeast,Wrong Flavor,Call Center,2026-01-20T10:42:00,0.83,False,
c1a04865-2a6d-4aa9-a6be-5a17481f4539,Resealable Bag v1 arrived torn,Cookies Pack,Resealable Bag v1,Midwest,Damaged Pack,Twitter,2026-01-20T10:43:00,0.89,False,
e8280a77-100e-4015-83b8-fa660335221a,Can 330ml leaking in transit to Pacific Northwest,Crunchy Chips,Can 330ml,Pacific Northwest,Leaking,Call Center,2026-01-20T10:50:00,0.92,False,
10f1c394-2aeb-4c50-9a6f-0b4a1ff49d3b,Cookies Pack tastes stale from California,Cookies Pack,Can 330ml,California,Stale Taste,Twitter,2026-01-20T10:54:00,0.92,False,
a87f5b77-5890-4c42-b4b7-11af57b55145,Crunchy Chips tastes stale from Northeast,Crunchy Chips,Box 200g,Northeast,Stale Taste,Call Center,2026-01-20T10:59:00,0.9,False,
27d651f3-a86e-4208-a60f-42d66e851da0,New lid on Resealable Bag v1 doesn't seal properly,Cookies Pack,Resealable Bag v1,Midwest,Seal Failure,Email,2026-01-20T11:08:00,0.69,False,
a36c2713-9c48-43ff-a0cc-b185ae5b3e92,Resealable Bag v1 leaking in transit to Northeast,Cookies Pack,Resealable Bag v1,Northeast,Leaking,Amazon Review,2026-01-20T11:13:00,0.78,False,
64fd0110-47f9-48dd-9235-13e12df72292,Box crushed in shipping to Northeast,Cookies Pack,Can 330ml,Northeast,Damaged Pack,Email,2026-01-20T11:16:00,0.79,False,
699be9dd-a611-4c37-97fe-b32f46467225,Opened Cookies Pack and it was stale,Cookies Pack,Resealable Bag v1,Texas,Stale Taste,Call Center,2026-01-20T11:19:00,0.77,False,
5a2062a2-73fa-4471-b0a7-718dd998e2f8,Ordered Granola Bar got wrong flavor,Granola Bar,Resealable Bag v2 - New Lid,California,Wrong Flavor,Amazon Review,2026-01-20T11:31:00,0.76,False,
45a18626-e8e1-4986-a81a-6d30a79aa9c9,Cookies Pack tastes stale from Midwest,Cookies Pack,Box 200g,Midwest,Stale Taste,Call Center,2026-01-20T11:34:00,0.71,False,
0bcb00fc-7197-425b-84b6-a7677f09fcfe,Box 200g half empty - Crunchy Chips,Crunchy Chips,Box 200g,Pacific Northwest,Low Fill,Email,2026-01-20T11:42:00,0.62,False,
858771ab-c151-4dd1-8841-5cda7dc621a0,Box crushed in shipping to Pacific Northwest,Cookies Pack,Can 330ml,Pacific Northwest,Damaged Pack,Amazon Review,2026-01-20T11:49:00,0.89,False,
a09e0939-db19-4ccb-a32a-097508ce5218,Box crushed in shipping to California,Soda Pop,Resealable Bag v2 - New Lid,California,Damaged Pack,Call Center,2026-01-20T12:06:00,0.74,False,
cfab741f-1435-414b-a9b6-4640e3a9d03a,Stale Cookies Pack in Box 200g,Cookies Pack,Box 200g,California,Stale Taste,Twitter,2026-01-20T12:09:00,0.84,False,
a5be2325-c3c3-46b4-bb9e-16524b9c7092,Can 330ml leaking in transit to Pacific Northwest,Cookies Pack,Can 330ml,Pacific Northwest,Leaking,Twitter,2026-01-20T12:13:00,0.83,False,
4d2cdc45-717f-4547-ac84-6e8d8850cf88,Resealable Bag v2 - New Lid half empty - Soda Pop,Soda Pop,Resealable Bag v2 - New Lid,Northeast,Low Fill,Call Center,2026-01-20T12:27:00,0.89,False,
e9326b5b-5aaf-4349-836f-7abba55e3c3c,Resealable Bag v1 half empty - Cookies Pack,Cookies Pack,Resealable Bag v1,Midwest,Low Fill,Call Center,2026-01-20T12:29:00,0.93,False,
2bd2a677-7bac-400f-9464-ef3803746bf5,Resealable Box 200g failed to close - Northeast,Soda Pop,Box 200g,Northeast,Seal Failure,Twitter,2026-01-20T12:33:00,0.72,False,
dc786990-32eb-41f1-8315-e34534b358b5,Resealable Bag v2 - New Lid half empty - Cookies Pack,Cookies Pack,Resealable Bag v2 - New Lid,Northeast,Low Fill,Twitter,2026-01-20T12:44:00,0.81,False,
961ce8f1-66ba-4ce4-9e8c-c436f4cb1fc3,Opened Soda Pop and it was stale,Soda Pop,Box 200g,California,Stale Taste,Amazon Review,2026-01-20T12:54:00,0.77,False,
316080d7-e952-4ec9-8f66-2c23595d8ef6,Ordered Soda Pop got wrong flavor,Soda Pop,Can 330ml,Northeast,Wrong Flavor,Amazon Review,2026-01-20T13:01:00,0.92,False,
e89676c2-ebed-4915-97df-b19a0c370be0,Granola Bar tastes stale from Texas,Granola Bar,Resealable Bag v2 - New Lid,Texas,Stale Taste,Amazon Review,2026-01-20T13:05:00,0.84,False,
da554548-fbb3-48f0-a8bf-0a2da170bb4a,Resealable Bag v2 - New Lid leaking in transit to Northeast,Soda Pop,Resealable Bag v2 - New Lid,Northeast,Leaking,Call Center,2026-01-20T13:09:00,0.88,False,
242867c1-3a27-4808-8b75-b0b1fb8720a5,"The Resealable Bag v2 - New Lid won't close, goes stale in Pacific Northwest",Crunchy Chips,Resealable Bag v2 - New Lid,Pacific Northwest,Seal Failure,Amazon Review,2026-01-20T13:12:00,0.73,False,
c5ffb745-9396-477d-9291-d1742a56e5f6,Ordered Crunchy Chips got wrong flavor,Crunchy Chips,Can 330ml,California,Wrong Flavor,Email,2026-01-20T13:12:00,0.81,False,
09f8428e-59dc-4b4c-ac23-0508e3da42dd,Box 200g leaking in transit to California,Soda Pop,Box 200g,California,Leaking,Twitter,2026-01-20T13:14:00,0.73,False,
a0406030-614a-4785-a23a-8b7f68cfb555,Resealable Can 330ml failed to close - Northeast,Cookies Pack,Can 330ml,Northeast,Seal Failure,Amazon Review,2026-01-20T13:30:00,0.64,False,
f2a60dde-2d60-417f-b36f-93fc27e7ac8b,Resealable Bag v2 - New Lid leaking in transit to Midwest,Granola Bar,Resealable Bag v2 - New Lid,Midwest,Leaking,Twitter,2026-01-20T13:35:00,0.84,False,
3e14ff16-710d-4c63-b633-9ad996cfc6bb,"The Box 200g won't close, goes stale in California",Soda Pop,Box 200g,California,Seal Failure,Call Center,2026-01-20T13:40:00,0.67,False,
964d187b-0979-478a-a3c7-16900a34344e,Box crushed in shipping to Pacific Northwest,Crunchy Chips,Can 330ml,Pacific Northwest,Damaged Pack,Amazon Review,2026-01-20T13:48:00,0.61,False,
6cfdc09e-f39f-4c57-bd57-4cdd6238a4e3,Ordered Cookies Pack got wrong flavor,Cookies Pack,Box 200g,Pacific Northwest,Wrong Flavor,Email,2026-01-20T13:55:00,0.71,False,
ceb1adbd-1142-47f4-b3ef-e43ae95839eb,Resealable Bag v2 - New Lid half empty - Soda Pop,Soda Pop,Resealable Bag v2 - New Lid,Pacific Northwest,Low Fill,Twitter,2026-01-20T14:00:00,0.88,False,
a6f4a262-ec9a-447a-8479-ba66211f5769,Can 330ml leaking in transit to Midwest,Granola Bar,Can 330ml,Midwest,Leaking,Call Center,2026-01-20T14:07:00,0.88,False,
b0b21320-3e28-4a50-82f0-0788cf2cd01b,Ordered Cookies Pack got wrong flavor,Cookies Pack,Resealable Bag v2 - New Lid,Texas,Wrong Flavor,Email,2026-01-20T14:09:00,0.94,False,
41dca099-df6f-49bb-9273-f0fe8198f608,Ordered Granola Bar got wrong flavor,Granola Bar,Can 330ml,Northeast,Wrong Flavor,Email,2026-01-20T14:15:00,0.63,False,
dcc93afa-47ac-4056-8ca0-391fe9e18d6b,Can 330ml half empty - Soda Pop,Soda Pop,Can 330ml,Midwest,Low Fill,Amazon Review,2026-01-20T14:20:00,0.73,False,
685910c6-6256-4b6b-bbb0-0202e4a7b4a1,Ordered Soda Pop got wrong flavor,Soda Pop,Box 200g,Texas,Wrong Flavor,Amazon Review,2026-01-20T14:43:00,0.86,False,
dfd16237-510b-406c-976e-6603792f2184,Can 330ml half empty - Granola Bar,Granola Bar,Can 330ml,Midwest,Low Fill,Email,2026-01-20T14:45:00,0.81,False,
67b6c7c7-2614-431c-af8c-c0e913eb70ca,Ordered Soda Pop got wrong flavor,Soda Pop,Resealable Bag v2 - New Lid,Pacific Northwest,Wrong Flavor,Email,2026-01-20T14:45:00,0.76,False,
c7712bf0-fa5a-4281-9534-7b05eb3fd2e9,Box 200g leaking in transit to California,Granola Bar,Box 200g,California,Leaking,Call Center,2026-01-20T15:00:00,0.72,False,
4ad7e717-d968-4809-9119-1c8400986483,Can 330ml half empty - Cookies Pack,Cookies Pack,Can 330ml,California,Low Fill,Amazon Review,2026-01-20T15:02:00,0.83,False,
f02f27d4-c1c2-4bb0-93f8-76c89693137c,Resealable Can 330ml failed to close - Northeast,Cookies Pack,Can 330ml,Northeast,Seal Failure,Amazon Review,2026-01-20T15:11:00,0.76,False,
66720c64-7d88-44c9-aa63-f7fa91320076,Resealable Resealable Bag v1 failed to close - Texas,Soda Pop,Resealable Bag v1,Texas,Seal Failure,Call Center,2026-01-20T15:44:00,0.7,False,
2e05c712-1c3b-486f-94cd-f29e1ee5cd78,Cookies Pack tastes stale from Pacific Northwest,Cookies Pack,Resealable Bag v1,Pacific Northwest,Stale Taste,Call Center,2026-01-20T15:47:00,0.75,False,
6b9fcd56-7aad-4cc8-9c84-0ce4b5df51e1,Can 330ml half empty - Cookies Pack,Cookies Pack,Can 330ml,Midwest,Low Fill,Call Center,2026-01-20T15:57:00,0.8,False,
13ee5a57-695f-468c-a352-38f5e1487744,Opened Granola Bar and it was stale,Granola Bar,Box 200g,Pacific Northwest,Stale Taste,Amazon Review,2026-01-20T15:59:00,0.87,False,
d46dac22-0f1c-4f9b-866d-1765c1d7c41d,Stale Soda Pop in Resealable Bag v1,Soda Pop,Resealable Bag v1,Midwest,Stale Taste,Twitter,2026-01-20T16:04:00,0.82,False,
7afc9e2a-013d-4009-8c5e-89787bd4df15,Resealable Bag v1 arrived torn,Granola Bar,Resealable Bag v1,California,Damaged Pack,Amazon Review,2026-01-20T16:25:00,0.86,False,
49f9c72a-9bb4-48cc-8031-7937c7d7354f,New lid on Resealable Bag v2 - New Lid doesn't seal properly,Granola Bar,Resealable Bag v2 - New Lid,California,Seal Failure,Twitter,2026-01-20T16:32:00,0.93,False,
97f09128-0b7a-4489-a887-3c2a35eb770d,Resealable Resealable Bag v1 failed to close - Northeast,Granola Bar,Resealable Bag v1,Northeast,Seal Failure,Call Center,2026-01-20T16:53:00,0.68,False,
3ece31cb-378a-4be2-b903-2880a3a8cbac,Resealable Bag v1 arrived torn,Soda Pop,Resealable Bag v1,Northeast,Damaged Pack,Call Center,2026-01-20T17:16:00,0.91,False,
1be890f2-50ab-4638-8b57-98798a81a8b7,Ordered Soda Pop got wrong flavor,Soda Pop,Resealable Bag v2 - New Lid,Pacific Northwest,Wrong Flavor,Amazon Review,2026-01-20T17:19:00,0.83,False,
2c1faf11-e170-4fb5-9696-a4e104f20ace,Granola Bar tastes stale from Pacific Northwest,Granola Bar,Resealable Bag v2 - New Lid,Pacific Northwest,Stale Taste,Amazon Review,2026-01-20T17:21:00,0.8,False,
1206dd84-0ed0-4b6b-879d-09e55935a59d,Soda Pop tastes stale from Northeast,Soda Pop,Box 200g,Northeast,Stale Taste,Amazon Review,2026-01-20T17:25:00,0.63,False,
b92a9fc6-d574-43c0-b5f3-44aa992fbce7,Resealable Bag v2 - New Lid leaking in transit to Northeast,Crunchy Chips,Resealable Bag v2 - New Lid,Northeast,Leaking,Call Center,2026-01-20T17:40:00,0.91,False,
c9a4fcd3-8642-41bd-bd9a-7dda3e56c196,Resealable Bag v1 half empty - Crunchy Chips,Crunchy Chips,Resealable Bag v1,Texas,Low Fill,Amazon Review,2026-01-20T17:44:00,0.78,False,
ab2835d0-eeaa-4bdb-af2f-52e00ebf63ab,Box 200g arrived torn,Soda Pop,Box 200g,Northeast,Damaged Pack,Amazon Review,2026-01-20T17:50:00,0.65,False,
2bc70725-4c7d-4e15-944a-d2332ed694b0,Ordered Crunchy Chips got wrong flavor,Crunchy Chips,Can 330ml,Texas,Wrong Flavor,Amazon Review,2026-01-20T17:54:00,0.7,False,
6d455ff7-1c9d-4117-84e5-da4aa8809e19,Box 200g arrived torn,Cookies Pack,Box 200g,California,Damaged Pack,Email,2026-01-20T18:09:00,0.84,False,
020e50c3-ef95-4f22-a7c5-938295c839c4,Resealable Bag v1 arrived torn,Crunchy Chips,Resealable Bag v1,Texas,Damaged Pack,Email,2026-01-20T18:19:00,0.85,False,
4af1d87f-fd40-4db5-91e1-6dec34c1dc3c,Can 330ml leaking in transit to Northeast,Granola Bar,Can 330ml,Northeast,Leaking,Twitter,2026-01-20T18:20:00,0.82,False,
d6bf6fe1-b86d-4d40-ab89-62621ac69e0e,Box crushed in shipping to Texas,Crunchy Chips,Box 200g,Texas,Damaged Pack,Twitter,2026-01-20T18:40:00,0.92,False,
d4d70b1c-a352-47d0-b3cb-5834deb2a3a3,Ordered Granola Bar got wrong flavor,Granola Bar,Can 330ml,Midwest,Wrong Flavor,Email,2026-01-20T18:41:00,0.77,False,
a20277e5-1521-48d2-bfe1-64f8d1987eaf,Box crushed in shipping to Pacific Northwest,Soda Pop,Box 200g,Pacific Northwest,Damaged Pack,Amazon Review,2026-01-20T18:45:00,0.88,False,
9dd73376-5741-4763-b10f-fa9542c1c350,Resealable Bag v1 half empty - Granola Bar,Granola Bar,Resealable Bag v1,Texas,Low Fill,Call Center,2026-01-20T18:49:00,0.66,False,
14acc0c1-86a3-488f-8466-32c16e9d5287,Granola Bar tastes stale from Northeast,Granola Bar,Resealable Bag v2 - New Lid,Northeast,Stale Taste,Email,2026-01-20T18:54:00,0.7,False,
34a33f75-f993-4d8b-b55b-a6199530f2c0,Resealable Bag v2 - New Lid half empty - Crunchy Chips,Crunchy Chips,Resealable Bag v2 - New Lid,Midwest,Low Fill,Email,2026-01-20T19:05:00,0.82,False,
823d80d4-2291-48ee-8847-a968e466882c,Ordered Crunchy Chips got wrong flavor,Crunchy Chips,Can 330ml,Pacific Northwest,Wrong Flavor,Call Center,2026-01-20T19:17:00,0.68,False,
f5eb8c2b-ce5b-4c4e-a348-326d9e657fd2,"The Box 200g won't close, goes stale in California",Soda Pop,Box 200g,California,Seal Failure,Call Center,2026-01-20T19:18:00,0.82,False,
4253196d-2678-43b3-8d85-356a8691f1a0,Box 200g half empty - Crunchy Chips,Crunchy Chips,Box 200g,Texas,Low Fill,Email,2026-01-20T19:29:00,0.88,False,
b3ffda74-3b57-4f18-9955-446e505bb2b0,Resealable Bag v1 arrived torn,Crunchy Chips,Resealable Bag v1,Pacific Northwest,Damaged Pack,Email,2026-01-20T19:45:00,0.79,False,
064ac192-0078-444d-8349-3c7e90ecba22,Can 330ml leaking in transit to Midwest,Crunchy Chips,Can 330ml,Midwest,Leaking,Email,2026-01-20T19:45:00,0.85,False,
16076c8c-7ed8-4ae9-aaf5-61798ac3f9c9,Resealable Box 200g failed to close - Midwest,Cookies Pack,Box 200g,Midwest,Seal Failure,Email,2026-01-20T19:45:00,0.87,False,
a7d56a2f-3f05-4c3c-9d1b-bd67f78922c0,Resealable Can 330ml failed to close - Pacific Northwest,Granola Bar,Can 330ml,Pacific Northwest,Seal Failure,Email,2026-01-20T19:46:00,0.75,False,
109228b5-3499-42f0-a1b1-3833b2b794b4,Box 200g arrived torn,Soda Pop,Box 200g,Northeast,Damaged Pack,Email,2026-01-20T19:51:00,0.92,False,
e2b4df4a-e120-4906-a6aa-85e8f68db795,Box 200g leaking in transit to Midwest,Soda Pop,Box 200g,Midwest,Leaking,Call Center,2026-01-20T20:07:00,0.66,False,
8d7f5e5e-c72e-4c44-9cb6-f353d643dd4a,Ordered Soda Pop got wrong flavor,Soda Pop,Resealable Bag v2 - New Lid,Midwest,Wrong Flavor,Email,2026-01-20T20:10:00,0.68,False,
97f0e14e-38af-4290-90ef-10c466caeda1,Resealable Bag v2 - New Lid leaking in transit to Pacific Northwest,Crunchy Chips,Resealable Bag v2 - New Lid,Pacific Northwest,Leaking,Call Center,2026-01-20T20:13:00,0.73,False,
a951b185-d772-4235-aeea-2edde49c5337,New lid on Resealable Bag v2 - New Lid doesn't seal properly,Cookies Pack,Resealable Bag v2 - New Lid,Northeast,Seal Failure,Amazon Review,2026-01-20T20:16:00,0.77,False,
26c569de-3c53-4c7b-94db-41c07b4b37f6,Box 200g leaking in transit to Northeast,Cookies Pack,Box 200g,Northeast,Leaking,Email,2026-01-20T20:19:00,0.82,False,
5d99263b-d417-4c7b-9124-14800586eebb,Box crushed in shipping to California,Crunchy Chips,Box 200g,California,Damaged Pack,Twitter,2026-01-20T20:22:00,0.66,False,
00beac40-1c63-4c9f-849b-a91df0bd558a,Ordered Crunchy Chips got wrong flavor,Crunchy Chips,Can 330ml,Texas,Wrong Flavor,Call Center,2026-01-20T20:23:00,0.9,False,
493b4144-e2e4-4861-a938-7d2681070a4a,Opened Soda Pop and it was stale,Soda Pop,Resealable Bag v2 - New Lid,Midwest,Stale Taste,Twitter,2026-01-20T20:24:00,0.89,False,
19a98dc3-ebcb-40df-9ad4-784799b9257e,Box crushed in shipping to Texas,Crunchy Chips,Resealable Bag v1,Texas,Damaged Pack,Email,2026-01-20T20:24:00,0.82,False,
2d51e53a-7fee-4aa6-be1a-5bcae94291db,Resealable Bag v2 - New Lid half empty - Granola Bar,Granola Bar,Resealable Bag v2 - New Lid,Midwest,Low Fill,Twitter,2026-01-20T20:27:00,0.89,False,
5ee129b5-ead1-4540-9b7b-527ae30c21a3,Resealable Can 330ml failed to close - Midwest,Soda Pop,Can 330ml,Midwest,Seal Failure,Twitter,2026-01-20T20:33:00,0.74,False,
d48f3e51-cd68-4e9a-bf2f-3f53752485b7,Resealable Bag v1 arrived torn,Crunchy Chips,Resealable Bag v1,California,Damaged Pack,Twitter,2026-01-20T20:48:00,0.7,False,
bc13f245-cdf4-4d7c-b4de-d982c1210ebe,Ordered Crunchy Chips got wrong flavor,Crunchy Chips,Resealable Bag v2 - New Lid,Midwest,Wrong Flavor,Email,2026-01-20T20:58:00,0.89,False,
0ed9d199-6442-42d2-b321-89d5425d8ba6,Cookies Pack tastes stale from California,Cookies Pack,Resealable Bag v2 - New Lid,California,Stale Taste,Email,2026-01-20T21:07:00,0.73,False,
e43cfe7f-8318-474c-ac70-909fc045a1e5,New lid on Resealable Bag v1 doesn't seal properly,Soda Pop,Resealable Bag v1,California,Seal Failure,Call Center,2026-01-20T21:14:00,0.85,False,
0ec4ea8a-9edc-4509-99ef-8f6f1d21f7fb,Resealable Bag v2 - New Lid half empty - Crunchy Chips,Crunchy Chips,Resealable Bag v2 - New Lid,Texas,Low Fill,Twitter,2026-01-20T21:23:00,0.72,False,
bac481e0-9ad3-493e-99c3-fb23b06b84dc,Crunchy Chips tastes stale from Northeast,Crunchy Chips,Can 330ml,Northeast,Stale Taste,Twitter,2026-01-20T21:24:00,0.83,False,
d01eaaf5-8790-4c94-804a-00b3b1d71771,Can 330ml half empty - Granola Bar,Granola Bar,Can 330ml,Northeast,Low Fill,Twitter,2026-01-20T21:37:00,0.9,False,
1945dc88-f7d6-4113-a474-d59fac2f17d3,Resealable Bag v2 - New Lid leaking in transit to Pacific Northwest,Cookies Pack,Resealable Bag v2 - New Lid,Pacific Northwest,Leaking,Call Center,2026-01-20T21:39:00,0.81,False,
fba8c650-2733-47f3-b077-5d19a28f0cd6,Box crushed in shipping to Northeast,Cookies Pack,Box 200g,Northeast,Damaged Pack,Call Center,2026-01-20T21:53:00,0.94,False,
54f1349c-1932-4eac-b5ef-34d380685c41,Ordered Granola Bar got wrong flavor,Granola Bar,Can 330ml,California,Wrong Flavor,Twitter,2026-01-20T22:04:00,0.62,False,
eb44a58a-1116-43f5-a991-bc4a049d055c,Ordered Cookies Pack got wrong flavor,Cookies Pack,Resealable Bag v2 - New Lid,Midwest,Wrong Flavor,Amazon Review,2026-01-20T22:15:00,0.79,False,
533a3c95-4ee4-4e81-806c-a5ea286331c9,Ordered Granola Bar got wrong flavor,Granola Bar,Can 330ml,California,Wrong Flavor,Amazon Review,2026-01-20T22:16:00,0.73,False,
9f567f40-7853-418b-8f87-9fd7a8c5a1f0,"The Box 200g won't close, goes stale in Texas",Granola Bar,Box 200g,Texas,Seal Failure,Twitter,2026-01-20T22:40:00,0.7,False,
637d2347-2dd3-4448-9336-dedbc17cf8d2,Resealable Bag v1 arrived torn,Crunchy Chips,Resealable Bag v1,Pacific Northwest,Damaged Pack,Twitter,2026-01-20T22:42:00,0.77,False,
34d22c77-e89f-48b3-bb87-026f6da45512,Crunchy Chips tastes stale from Texas,Crunchy Chips,Resealable Bag v1,Texas,Stale Taste,Call Center,2026-01-20T22:47:00,0.84,False,
27820a7b-e3b8-4022-8c73-03d845422185,Opened Crunchy Chips and it was stale,Crunchy Chips,Box 200g,Texas,Stale Taste,Email,2026-01-20T22:53:00,0.61,False,
bf21befb-57e9-432a-b950-b00eacb34777,Crunchy Chips tastes stale from Northeast,Crunchy Chips,Resealable Bag v2 - New Lid,Northeast,Stale Taste,Email,2026-01-20T23:04:00,0.7,False,
b7d776ea-dc3a-4783-9c73-d8eb4913d476,Can 330ml leaking in transit to Texas,Granola Bar,Can 330ml,Texas,Leaking,Amazon Review,2026-01-20T23:07:00,0.75,False,
c382c359-5dbe-45e5-8831-d761dd162977,Resealable Bag v1 half empty - Crunchy Chips,Crunchy Chips,Resealable Bag v1,Texas,Low Fill,Email,2026-01-20T23:14:00,0.79,False,
66b808fd-7032-4e73-9620-8fad3b6b846e,Ordered Crunchy Chips got wrong flavor,Crunchy Chips,Box 200g,Texas,Wrong Flavor,Twitter,2026-01-20T23:15:00,0.83,False,
1bfa8ad6-380c-4012-8612-d5e1bba66d40,New lid on Resealable Bag v2 - New Lid doesn't seal properly,Cookies Pack,Resealable Bag v2 - New Lid,Midwest,Seal Failure,Amazon Review,2026-01-20T23:30:00,0.81,False,
5dcddefd-568a-4f35-9915-57ccc18d7b60,Can 330ml arrived torn,Granola Bar,Can 330ml,Pacific Northwest,Damaged Pack,Amazon Review,2026-01-20T23:42:00,0.6,False,
886f0eac-6ca7-4d7b-8726-023128531842,Stale Granola Bar in Can 330ml,Granola Bar,Can 330ml,Pacific Northwest,Stale Taste,Amazon Review,2026-01-20T23:57:00,0.64,False,
444172a2-8729-4323-9c5e-80c6415debb5,Stale Cookies Pack in Can 330ml,Cookies Pack,Can 330ml,Pacific Northwest,Stale Taste,Twitter,2026-01-21T00:02:00,0.78,False,
8f5ef7d2-6e38-44f7-97e7-5508cd19dbe2,Ordered Cookies Pack got wrong flavor,Cookies Pack,Resealable Bag v1,Texas,Wrong Flavor,Call Center,2026-01-21T00:06:00,0.7,False,
41e4054b-1fdc-4230-82e1-91b38fa4d841,Stale Crunchy Chips in Resealable Bag v1,Crunchy Chips,Resealable Bag v1,Texas,Stale Taste,Amazon Review,2026-01-21T00:15:00,0.67,False,
9f8e0946-b534-49a5-beeb-3f3f428027d0,Stale Crunchy Chips in Box 200g,Crunchy Chips,Box 200g,Pacific Northwest,Stale Taste,Email,2026-01-21T00:34:00,0.92,False,
a68b31c8-8b19-4bbe-b79c-7cc8428fd632,Resealable Bag v1 leaking in transit to Pacific Northwest,Cookies Pack,Resealable Bag v1,Pacific Northwest,Leaking,Twitter,2026-01-21T00:36:00,0.73,False,
3cb7844f-f5af-47cf-8cea-c10b916a7556,Resealable Bag v1 half empty - Cookies Pack,Cookies Pack,Resealable Bag v1,California,Low Fill,Email,2026-01-21T00:37:00,0.61,False,
f24aa343-129a-48f9-b7d1-b938aad5744e,Box 200g half empty - Cookies Pack,Cookies Pack,Box 200g,Texas,Low Fill,Email,2026-01-21T01:03:00,0.83,False,
2791730d-d52b-436d-9f6c-f6a8e3aea924,Resealable Bag v2 - New Lid half empty - Soda Pop,Soda Pop,Resealable Bag v2 - New Lid,California,Low Fill,Twitter,2026-01-21T01:08:00,0.67,False,
a275ebcc-96b0-4c43-b7d1-6834339a0796,Can 330ml half empty - Cookies Pack,Cookies Pack,Can 330ml,Texas,Low Fill,Call Center,2026-01-21T01:10:00,0.75,False,
81b777a5-960c-49b1-b920-504e4dad2367,Box 200g leaking in transit to Midwest,Soda Pop,Box 200g,Midwest,Leaking,Twitter,2026-01-21T01:13:00,0.94,False,
42eccb5e-ded4-4374-9562-13dbcbb26b68,Opened Cookies Pack and it was stale,Cookies Pack,Box 200g,Texas,Stale Taste,Amazon Review,2026-01-21T01:19:00,0.79,False,
967951f2-80f7-48c6-a0d0-ad4d5c299021,Resealable Bag v1 half empty - Cookies Pack,Cookies Pack,Resealable Bag v1,Northeast,Low Fill,Twitter,2026-01-21T01:21:00,0.85,False,
62d7200f-8877-4065-baf7-f1b689d674a2,New lid on Can 330ml doesn't seal properly,Crunchy Chips,Can 330ml,Midwest,Seal Failure,Twitter,2026-01-21T01:26:00,0.69,False,
08f3aa1e-8094-45c4-a265-5e381f6e36ff,Can 330ml half empty - Cookies Pack,Cookies Pack,Can 330ml,Northeast,Low Fill,Email,2026-01-21T01:27:00,0.9,False,
421eb5f4-f2c3-4cf1-9531-30d0b9d7d4ab,New lid on Resealable Bag v2 - New Lid doesn't seal properly,Cookies Pack,Resealable Bag v2 - New Lid,Northeast,Seal Failure,Call Center,2026-01-21T01:39:00,0.78,False,
449a1f35-d77f-4c86-9499-7b306578dbbf,Ordered Soda Pop got wrong flavor,Soda Pop,Resealable Bag v1,Texas,Wrong Flavor,Amazon Review,2026-01-21T01:57:00,0.72,False,
ab8247d4-5c15-495c-a917-45a07b9052dc,Box 200g leaking in transit to Pacific Northwest,Cookies Pack,Box 200g,Pacific Northwest,Leaking,Email,2026-01-21T02:06:00,0.94,False,
3f8852e7-537c-404e-aa83-0331609319ef,Resealable Bag v2 - New Lid leaking in transit to California,Granola Bar,Resealable Bag v2 - New Lid,California,Leaking,Call Center,2026-01-21T02:14:00,0.86,False,
91f86ba9-508f-48db-94f6-9a4aa0c8aefe,Ordered Soda Pop got wrong flavor,Soda Pop,Resealable Bag v2 - New Lid,Midwest,Wrong Flavor,Email,2026-01-21T02:16:00,0.69,False,
5d252589-9ac7-4100-9993-592d18e6ab9e,Resealable Bag v2 - New Lid half empty - Crunchy Chips,Crunchy Chips,Resealable Bag v2 - New Lid,Midwest,Low Fill,Amazon Review,2026-01-21T02:19:00,0.79,False,
c353b230-8e0f-43a9-b826-a47eee58dd82,Can 330ml leaking in transit to Midwest,Granola Bar,Can 330ml,Midwest,Leaking,Email,2026-01-21T02:20:00,0.87,False,
4c532380-b406-47b1-a1cc-b32303c3ac1b,Ordered Soda Pop got wrong flavor,Soda Pop,Can 330ml,Pacific Northwest,Wrong Flavor,Twitter,2026-01-21T02:24:00,0.61,False,
de69d793-bec8-4265-8478-7b2d048fbd7d,New lid on Resealable Bag v2 - New Lid doesn't seal properly,Crunchy Chips,Resealable Bag v2 - New Lid,California,Seal Failure,Call Center,2026-01-21T02:40:00,0.88,False,
67416ffe-43f4-406d-966a-93a19fd858b6,Can 330ml leaking in transit to Pacific Northwest,Soda Pop,Can 330ml,Pacific Northwest,Leaking,Call Center,2026-01-21T02:46:00,0.71,False,
e42db858-1319-4a1f-94b9-08ad2531536e,Box 200g half empty - Crunchy Chips,Crunchy Chips,Box 200g,Texas,Low Fill,Amazon Review,2026-01-21T02:48:00,0.75,False,
fc554137-6b40-444e-8518-c158c39a5eb6,Can 330ml half empty - Crunchy Chips,Crunchy Chips,Can 330ml,Northeast,Low Fill,Amazon Review,2026-01-21T02:52:00,0.87,False,
4ce52787-481b-4626-acb3-c85119c86629,Box 200g leaking in transit to Texas,Crunchy Chips,Box 200g,Texas,Leaking,Call Center,2026-01-21T02:55:00,0.64,False,
ea040a8d-2801-4d12-ab63-09eeb94b110a,Box crushed in shipping to Texas,Crunchy Chips,Box 200g,Texas,Damaged Pack,Amazon Review,2026-01-21T03:12:00,0.78,False,
a12875d8-cd13-4962-a8c9-ad70770dafe2,Box 200g arrived torn,Granola Bar,Box 200g,Northeast,Damaged Pack,Email,2026-01-21T03:18:00,0.94,False,
f6409138-a579-4d98-8c60-4db8e1bf337c,Resealable Resealable Bag v1 failed to close - Midwest,Crunchy Chips,Resealable Bag v1,Midwest,Seal Failure,Amazon Review,2026-01-21T03:29:00,0.83,False,
17181790-37d4-4423-abab-62f2337d3414,Box 200g leaking in transit to Northeast,Cookies Pack,Box 200g,Northeast,Leaking,Email,2026-01-21T03:31:00,0.75,False,
5dbb62d9-7ada-4688-ae37-e5bd91fb4dfd,Box 200g half empty - Soda Pop,Soda Pop,Box 200g,Northeast,Low Fill,Email,2026-01-21T03:42:00,0.8,False,
42e54423-6dcc-4966-9df1-af3388ae6d9d,Soda Pop tastes stale from Texas,Soda Pop,Can 330ml,Texas,Stale Taste,Twitter,2026-01-21T04:10:00,0.84,False,
b85efbf3-737a-410f-88ba-e4857aa343de,Resealable Bag v2 - New Lid leaking in transit to Midwest,Cookies Pack,Resealable Bag v2 - New Lid,Midwest,Leaking,Call Center,2026-01-21T04:15:00,0.61,False,
8c995749-bb6d-41e1-89a0-9a50f168e9a8,Resealable Bag v1 leaking in transit to Texas,Granola Bar,Resealable Bag v1,Texas,Leaking,Call Center,2026-01-21T04:49:00,0.83,False,
a842a33e-b14b-4dfd-8b86-4ba201b3acec,Box 200g arrived torn,Crunchy Chips,Box 200g,Northeast,Damaged Pack,Call Center,2026-01-21T04:55:00,0.85,False,
6eb3e3d2-f474-40e0-bb7b-77f1655cbfc2,Box crushed in shipping to California,Soda Pop,Can 330ml,California,Damaged Pack,Twitter,2026-01-21T06:02:00,0.74,False,
de6dbf07-56b1-443e-8fab-b42cc879d306,Box crushed in shipping to California,Crunchy Chips,Can 330ml,California,Damaged Pack,Call Center,2026-01-21T06:05:00,0.64,False,
cd14ad0e-0018-4cc0-af8b-4947f9c42b11,Resealable Resealable Bag v2 - New Lid failed to close - California,Crunchy Chips,Resealable Bag v2 - New Lid,California,Seal Failure,Email,2026-01-21T06:09:00,0.77,False,
17cb5aaa-a038-4299-baa8-7e540322274f,New lid on Box 200g doesn't seal properly,Granola Bar,Box 200g,Northeast,Seal Failure,Call Center,2026-01-21T06:10:00,0.82,False,
6f47e77f-abfe-49a7-bb31-611d44e044a8,Can 330ml half empty - Cookies Pack,Cookies Pack,Can 330ml,California,Low Fill,Twitter,2026-01-21T06:38:00,0.9,False,
4ad129f1-9b13-4589-93b0-2f99ec4af73f,Resealable Bag v2 - New Lid half empty - Soda Pop,Soda Pop,Resealable Bag v2 - New Lid,Midwest,Low Fill,Twitter,2026-01-21T06:38:00,0.65,False,
7afb3e49-2e75-41df-a6b9-b0feabf253c0,Resealable Bag v2 - New Lid half empty - Crunchy Chips,Crunchy Chips,Resealable Bag v2 - New Lid,Texas,Low Fill,Call Center,2026-01-21T06:57:00,0.63,False,
b2788ef8-4724-488d-8a25-c7b1dddca447,Resealable Bag v1 half empty - Granola Bar,Granola Bar,Resealable Bag v1,Texas,Low Fill,Amazon Review,2026-01-21T06:58:00,0.76,False,
1e65d17b-63ab-47bc-8b0f-cdcb0eb6d110,Resealable Bag v1 leaking in transit to Pacific Northwest,Granola Bar,Resealable Bag v1,Pacific Northwest,Leaking,Twitter,2026-01-21T06:58:00,0.92,False,
8996e785-9fa1-427f-bd55-f72bfd92e48e,Can 330ml half empty - Crunchy Chips,Crunchy Chips,Can 330ml,Northeast,Low Fill,Amazon Review,2026-01-21T06:58:00,0.61,False,
237b9d2a-f10e-448f-ba26-683fe5954c42,Box crushed in shipping to Midwest,Crunchy Chips,Resealable Bag v2 - New Lid,Midwest,Damaged Pack,Twitter,2026-01-21T07:08:00,0.63,False,
a5a5eddf-3a0e-4c17-8903-d9fc9730e4d6,Ordered Granola Bar got wrong flavor,Granola Bar,Resealable Bag v1,Northeast,Wrong Flavor,Amazon Review,2026-01-21T07:14:00,0.76,False,
fbfed7d6-b8f1-4b22-a692-95793a479d04,Crunchy Chips tastes stale from Northeast,Crunchy Chips,Box 200g,Northeast,Stale Taste,Twitter,2026-01-21T07:21:00,0.79,False,
1fd50150-e195-41b1-9df9-63cfbca5ee04,Box 200g arrived torn,Soda Pop,Box 200g,Pacific Northwest,Damaged Pack,Email,2026-01-21T07:26:00,0.83,False,
d3fca68f-f30b-4c6e-9f3c-9ee55f5069eb,Resealable Bag v1 half empty - Soda Pop,Soda Pop,Resealable Bag v1,Pacific Northwest,Low Fill,Email,2026-01-21T07:29:00,0.64,False,
be500cb3-7d26-4a21-89e8-fb7bc26b8998,Ordered Cookies Pack got wrong flavor,Cookies Pack,Box 200g,Midwest,Wrong Flavor,Call Center,2026-01-21T07:30:00,0.75,False,
872a4b92-4b45-443a-937a-e7d4ca0c620f,"The Can 330ml won't close, goes stale in Northeast",Soda Pop,Can 330ml,Northeast,Seal Failure,Twitter,2026-01-21T07:33:00,0.61,False,
d7473915-3c9d-41ea-8f5c-47bfc3262b82,Resealable Bag v2 - New Lid half empty - Cookies Pack,Cookies Pack,Resealable Bag v2 - New Lid,Northeast,Low Fill,Email,2026-01-21T07:52:00,0.61,False,
e88c27cb-0250-4352-8c74-0914ba375292,Opened Crunchy Chips and it was stale,Crunchy Chips,Resealable Bag v1,Pacific Northwest,Stale Taste,Twitter,2026-01-21T07:55:00,0.6,False,
19ab6c68-5d89-4e42-8f81-f755b15cacfd,Can 330ml half empty - Granola Bar,Granola Bar,Can 330ml,Pacific Northwest,Low Fill,Call Center,2026-01-21T08:00:00,0.68,False,
08dd1c7f-d308-43b2-b748-b3207dcf9f65,Resealable Bag v2 - New Lid leaking in transit to Midwest,Granola Bar,Resealable Bag v2 - New Lid,Midwest,Leaking,Twitter,2026-01-21T08:01:00,0.87,False,
b897b968-0b37-4c06-838d-faedccbd282f,Ordered Cookies Pack got wrong flavor,Cookies Pack,Can 330ml,Midwest,Wrong Flavor,Twitter,2026-01-21T08:05:00,0.8,False,
ee555fc4-f01c-4877-a514-827fd4b1d050,Can 330ml arrived torn,Crunchy Chips,Can 330ml,Midwest,Damaged Pack,Call Center,2026-01-21T08:22:00,0.64,False,
0d7a8e37-60ae-43f7-af3e-6c00f1c98687,Opened Soda Pop and it was stale,Soda Pop,Resealable Bag v2 - New Lid,California,Stale Taste,Amazon Review,2026-01-21T08:36:00,0.89,False,
46bce558-59a9-4f49-a7f9-d1fea88ef0de,Ordered Cookies Pack got wrong flavor,Cookies Pack,Box 200g,Texas,Wrong Flavor,Amazon Review,2026-01-21T08:46:00,0.71,False,
34a08699-990b-42a6-9124-a36460d88290,Soda Pop tastes stale from Midwest,Soda Pop,Resealable Bag v2 - New Lid,Midwest,Stale Taste,Call Center,2026-01-21T09:12:00,0.69,False,
d04354cd-c289-426f-be91-19c626c136ea,Stale Crunchy Chips in Box 200g,Crunchy Chips,Box 200g,California,Stale Taste,Amazon Review,2026-01-21T09:14:00,0.88,False,
fb89a60f-dbb9-49fe-8f9e-5d3a0bfcbb34,Box crushed in shipping to Midwest,Crunchy Chips,Can 330ml,Midwest,Damaged Pack,Twitter,2026-01-21T09:34:00,0.69,False,
429edcae-7c90-42dd-b9d0-b62328ac1773,Resealable Bag v1 leaking in transit to Pacific Northwest,Soda Pop,Resealable Bag v1,Pacific Northwest,Leaking,Call Center,2026-01-21T09:44:00,0.7,False,
63155aab-367e-4916-b443-48bc02f6c035,New lid on Box 200g doesn't seal properly,Crunchy Chips,Box 200g,Pacific Northwest,Seal Failure,Call Center,2026-01-21T10:08:00,0.79,False,
e999e5eb-80b3-4ced-8695-53ca83a14125,New lid on Resealable Bag v1 doesn't seal properly,Crunchy Chips,Resealable Bag v1,Northeast,Seal Failure,Call Center,2026-01-21T10:11:00,0.8,False,
822c76ad-a431-424e-ae11-5a5b78c0a154,Stale Cookies Pack in Can 330ml,Cookies Pack,Can 330ml,Texas,Stale Taste,Twitter,2026-01-21T10:24:00,0.83,False,
353eb4e3-6c6e-4cc9-a8c2-cfd0774778f5,Resealable Bag v2 - New Lid half empty - Cookies Pack,Cookies Pack,Resealable Bag v2 - New Lid,Texas,Low Fill,Amazon Review,2026-01-21T10:35:00,0.62,False,
ec200374-2580-40ca-b9ca-a67fd14e6e26,Resealable Bag v1 leaking in transit to Texas,Granola Bar,Resealable Bag v1,Texas,Leaking,Twitter,2026-01-21T10:37:00,0.64,False,
e13e467a-3819-408d-b80a-89424034b585,Soda Pop tastes stale from California,Soda Pop,Resealable Bag v2 - New Lid,California,Stale Taste,Amazon Review,2026-01-21T10:40:00,0.68,False,
f936fc8b-871f-419a-b636-01150590558b,Resealable Resealable Bag v2 - New Lid failed to close - Midwest,Crunchy Chips,Resealable Bag v2 - New Lid,Midwest,Seal Failure,Email,2026-01-21T10:46:00,0.64,False,
37e8b298-91ad-4ef9-b22c-52ec79f27770,Box 200g leaking in transit to Pacific Northwest,Soda Pop,Box 200g,Pacific Northwest,Leaking,Amazon Review,2026-01-21T10:47:00,0.94,False,
a0539ba1-3119-4108-8711-15dec4c089dd,Can 330ml leaking in transit to Pacific Northwest,Soda Pop,Can 330ml,Pacific Northwest,Leaking,Call Center,2026-01-21T10:54:00,0.85,False,
5efc45fd-ee01-4d59-821d-2b2a654cf4cb,Ordered Cookies Pack got wrong flavor,Cookies Pack,Resealable Bag v1,Texas,Wrong Flavor,Amazon Review,2026-01-21T11:04:00,0.6,False,
0806937f-f222-4e07-a932-3f302aafe3cb,Resealable Bag v2 - New Lid leaking in transit to Northeast,Cookies Pack,Resealable Bag v2 - New Lid,Northeast,Leaking,Amazon Review,2026-01-21T11:10:00,0.84,False,
c2a164dc-f9bb-4555-bd7c-deba40bb064c,Box 200g leaking in transit to California,Soda Pop,Box 200g,California,Leaking,Email,2026-01-21T11:15:00,0.79,False,
6e7d7402-f831-4685-9537-136497fe96f9,Box crushed in shipping to California,Cookies Pack,Resealable Bag v2 - New Lid,California,Damaged Pack,Email,2026-01-21T11:31:00,0.86,False,
80898ddb-3d45-4fce-af5e-a511d7bf05c0,Ordered Cookies Pack got wrong flavor,Cookies Pack,Box 200g,Texas,Wrong Flavor,Email,2026-01-21T11:49:00,0.64,False,
373e1221-ae9a-4907-9941-91bb5858a075,Box 200g leaking in transit to Texas,Granola Bar,Box 200g,Texas,Leaking,Email,2026-01-21T11:50:00,0.8,False,
cf83115c-c24d-4626-9ff3-71f6ccb9482c,Can 330ml half empty - Granola Bar,Granola Bar,Can 330ml,Northeast,Low Fill,Amazon Review,2026-01-21T12:03:00,0.94,False,
cf7c5f95-0d8c-4826-8455-64eeff396995,Resealable Bag v2 - New Lid leaking in transit to Midwest,Crunchy Chips,Resealable Bag v2 - New Lid,Midwest,Leaking,Call Center,2026-01-21T12:19:00,0.87,False,
bc832770-7c77-408d-93b7-e0c763a9b5a8,Resealable Bag v1 half empty - Granola Bar,Granola Bar,Resealable Bag v1,Texas,Low Fill,Email,2026-01-21T12:23:00,0.79,False,
e2e96859-4ef6-42c4-bd96-8a725dd087d4,Opened Cookies Pack and it was stale,Cookies Pack,Resealable Bag v2 - New Lid,Midwest,Stale Taste,Twitter,2026-01-21T12:27:00,0.92,False,
8c095120-1da7-4631-aa14-b0e29d2a87ca,Resealable Bag v2 - New Lid leaking in transit to Northeast,Crunchy Chips,Resealable Bag v2 - New Lid,Northeast,Leaking,Twitter,2026-01-21T12:34:00,0.65,False,
12ddf7c6-8aef-40ad-89cf-5199e7701b85,New lid on Can 330ml doesn't seal properly,Granola Bar,Can 330ml,Midwest,Seal Failure,Email,2026-01-21T13:02:00,0.63,False,
16fe2e96-4667-454f-ba88-d788ac2ac2ba,Box 200g leaking in transit to Northeast,Crunchy Chips,Box 200g,Northeast,Leaking,Twitter,2026-01-21T13:03:00,0.6,False,
5c6c0280-2e8c-4406-bf4f-da398dc3f632,Resealable Bag v1 half empty - Soda Pop,Soda Pop,Resealable Bag v1,Northeast,Low Fill,Twitter,2026-01-21T13:04:00,0.91,False,
3c31f7cc-a882-4b13-b461-9d73350be706,Resealable Bag v2 - New Lid half empty - Granola Bar,Granola Bar,Resealable Bag v2 - New Lid,Midwest,Low Fill,Amazon Review,2026-01-21T13:11:00,0.86,False,
4b896cb6-3032-44aa-b033-b71bf45592f9,Resealable Bag v1 arrived torn,Crunchy Chips,Resealable Bag v1,Texas,Damaged Pack,Amazon Review,2026-01-21T13:22:00,0.68,False,
d4a19257-67fe-4adf-9cc5-37ba8619ffbd,Box crushed in shipping to Northeast,Granola Bar,Box 200g,Northeast,Damaged Pack,Amazon Review,2026-01-21T13:33:00,0.66,False,
56541cd0-107e-4337-956b-39822976b1cb,Ordered Soda Pop got wrong flavor,Soda Pop,Box 200g,Northeast,Wrong Flavor,Twitter,2026-01-21T13:41:00,0.72,False,
3f82cae4-6ee3-4620-99e1-928273a80b8f,Can 330ml half empty - Granola Bar,Granola Bar,Can 330ml,Texas,Low Fill,Call Center,2026-01-21T13:44:00,0.89,False,
cb920bd1-47d5-4d7c-8fe4-11705dd794a5,Opened Crunchy Chips and it was stale,Crunchy Chips,Can 330ml,Pacific Northwest,Stale Taste,Amazon Review,2026-01-21T13:53:00,0.86,False,
7f270391-59e3-461e-8da2-025f4ead1ae2,"The Resealable Bag v1 won't close, goes stale in Pacific Northwest",Granola Bar,Resealable Bag v1,Pacific Northwest,Seal Failure,Amazon Review,2026-01-21T13:59:00,0.7,False,
fdbb26b3-da44-4553-91fe-0c7fa3be70f4,Can 330ml leaking in transit to Northeast,Soda Pop,Can 330ml,Northeast,Leaking,Twitter,2026-01-21T14:14:00,0.73,False,
2d57a9a4-453f-494c-870a-c8f517b8b102,Box crushed in shipping to Texas,Cookies Pack,Resealable Bag v2 - New Lid,Texas,Damaged Pack,Call Center,2026-01-21T14:15:00,0.79,False,
9983fc7b-2ff1-41a2-b542-a63f66fbd804,Resealable Bag v1 arrived torn,Granola Bar,Resealable Bag v1,Midwest,Damaged Pack,Call Center,2026-01-21T14:43:00,0.65,False,
105c5785-d882-4514-ad57-bb58505d230c,Resealable Bag v1 leaking in transit to Northeast,Soda Pop,Resealable Bag v1,Northeast,Leaking,Amazon Review,2026-01-21T14:59:00,0.9,False,
6044586f-d2f8-4cc2-a0d0-7a1df5da1b7c,Ordered Cookies Pack got wrong flavor,Cookies Pack,Box 200g,California,Wrong Flavor,Twitter,2026-01-21T15:00:00,0.83,False,
fca58b17-560c-44ab-b8bc-69ff9927ab34,Box 200g leaking in transit to California,Cookies Pack,Box 200g,California,Leaking,Amazon Review,2026-01-21T15:01:00,0.74,False,
5df57b89-0ab4-4a9d-9bb5-f8ee5f54b99d,Box 200g arrived torn,Soda Pop,Box 200g,Pacific Northwest,Damaged Pack,Call Center,2026-01-21T15:03:00,0.81,False,
3dcc2e66-8a02-47fb-9e16-61320cd6851f,Ordered Granola Bar got wrong flavor,Granola Bar,Resealable Bag v1,Pacific Northwest,Wrong Flavor,Twitter,2026-01-21T15:08:00,0.73,False,
3efd4571-6023-407a-bdf0-6951338e8f50,Ordered Cookies Pack got wrong flavor,Cookies Pack,Resealable Bag v2 - New Lid,Texas,Wrong Flavor,Email,2026-01-21T15:09:00,0.82,False,
14560a56-9358-4417-8c2b-760fd156eba0,Ordered Cookies Pack got wrong flavor,Cookies Pack,Can 330ml,Texas,Wrong Flavor,Call Center,2026-01-21T15:19:00,0.6,False,
ff4d6591-2ba7-4e1e-b98f-b723a1bcb13b,Box 200g leaking in transit to Northeast,Granola Bar,Box 200g,Northeast,Leaking,Email,2026-01-21T15:43:00,0.75,False,
5a68b262-d8ee-4e3f-9a6f-0971c2caded1,Box crushed in shipping to Midwest,Cookies Pack,Resealable Bag v1,Midwest,Damaged Pack,Twitter,2026-01-21T15:44:00,0.92,False,
4f03f326-c50b-43cc-96aa-006e898a7f37,Ordered Granola Bar got wrong flavor,Granola Bar,Box 200g,Pacific Northwest,Wrong Flavor,Twitter,2026-01-21T15:49:00,0.68,False,
78503ce9-bc29-4fab-a378-38b302eb031e,Resealable Bag v2 - New Lid arrived torn,Crunchy Chips,Resealable Bag v2 - New Lid,California,Damaged Pack,Email,2026-01-21T16:15:00,0.79,False,
1f89edd3-b882-4538-b6b5-9ee8735d13e0,Ordered Crunchy Chips got wrong flavor,Crunchy Chips,Resealable Bag v2 - New Lid,Midwest,Wrong Flavor,Twitter,2026-01-21T16:35:00,0.92,False,
5c055c37-efca-4f2b-8618-51a60931c2f5,Can 330ml leaking in transit to California,Cookies Pack,Can 330ml,California,Leaking,Call Center,2026-01-21T16:39:00,0.87,False,
aa66a4fa-4436-48b9-a1b1-d4e2009fc414,Box 200g leaking in transit to California,Crunchy Chips,Box 200g,California,Leaking,Call Center,2026-01-21T16:39:00,0.84,False,
376a8c07-5a27-46fb-a63f-94ddc66b6bf2,Can 330ml leaking in transit to Midwest,Soda Pop,Can 330ml,Midwest,Leaking,Amazon Review,2026-01-21T16:49:00,0.76,False,
a62498b8-a44d-4f32-9586-22bbcf67bc53,Resealable Bag v2 - New Lid half empty - Crunchy Chips,Crunchy Chips,Resealable Bag v2 - New Lid,Pacific Northwest,Low Fill,Amazon Review,2026-01-21T17:01:00,0.63,False,
3bb00e76-85c8-4224-bfe6-8aa5942acb26,Ordered Soda Pop got wrong flavor,Soda Pop,Can 330ml,California,Wrong Flavor,Email,2026-01-21T17:01:00,0.85,False,
05686d68-f644-401a-8bea-101957c3a091,Can 330ml half empty - Crunchy Chips,Crunchy Chips,Can 330ml,California,Low Fill,Twitter,2026-01-21T17:05:00,0.87,False,
d0dc9429-5b4c-4f0d-8ebe-3afbbeafcf02,Box 200g half empty - Granola Bar,Granola Bar,Box 200g,Pacific Northwest,Low Fill,Call Center,2026-01-21T17:09:00,0.62,False,
da89b635-a1f5-4d15-99b1-3f9d8925f4c7,"The Can 330ml won't close, goes stale in Northeast",Soda Pop,Can 330ml,Northeast,Seal Failure,Email,2026-01-21T17:15:00,0.9,False,
09a8e5f3-d9eb-4001-97ef-58faf2ead8c2,Box 200g arrived torn,Crunchy Chips,Box 200g,Midwest,Damaged Pack,Amazon Review,2026-01-21T17:15:00,0.65,False,
21c3b4fa-48a2-4937-bc56-b82bc14e45de,"The Box 200g won't close, goes stale in Northeast",Cookies Pack,Box 200g,Northeast,Seal Failure,Amazon Review,2026-01-21T17:26:00,0.66,False,
23d6f6e0-e227-48a8-97a5-2f9814a2a308,Resealable Bag v1 arrived torn,Crunchy Chips,Resealable Bag v1,Midwest,Damaged Pack,Amazon Review,2026-01-21T17:54:00,0.81,False,
d9ca4e26-1844-4d43-ba6d-f26c203150ce,Resealable Bag v1 half empty - Crunchy Chips,Crunchy Chips,Resealable Bag v1,California,Low Fill,Email,2026-01-21T18:01:00,0.7,False,
7d267cd4-b117-40cf-bd74-4b278c97992f,Cookies Pack tastes stale from Pacific Northwest,Cookies Pack,Can 330ml,Pacific Northwest,Stale Taste,Call Center,2026-01-21T18:05:00,0.69,False,
66818a35-a2d7-4989-afdb-a8ad3a3e5b75,Resealable Bag v1 leaking in transit to California,Granola Bar,Resealable Bag v1,California,Leaking,Email,2026-01-21T18:06:00,0.64,False,
6d6c443e-c4ba-4580-b974-a312164d04cf,Opened Granola Bar and it was stale,Granola Bar,Box 200g,Midwest,Stale Taste,Amazon Review,2026-01-21T18:11:00,0.75,False,
b36b7fb2-32d8-4b0b-807d-d0a61b139165,"The Box 200g won't close, goes stale in Pacific Northwest",Soda Pop,Box 200g,Pacific Northwest,Seal Failure,Call Center,2026-01-21T18:14:00,0.83,False,
a1c90d9a-fbe4-4862-b643-16ea06700819,Opened Cookies Pack and it was stale,Cookies Pack,Resealable Bag v2 - New Lid,Northeast,Stale Taste,Amazon Review,2026-01-21T18:30:00,0.62,False,
4f5492aa-476f-4f44-949f-4f42fdb0290e,Can 330ml leaking in transit to Midwest,Soda Pop,Can 330ml,Midwest,Leaking,Twitter,2026-01-21T18:33:00,0.92,False,
0ef6adb2-4fd9-4f61-bf0c-0fc46c265219,Box crushed in shipping to Texas,Soda Pop,Resealable Bag v1,Texas,Damaged Pack,Call Center,2026-01-21T18:52:00,0.68,False,
b6b228fd-377a-4d86-80f6-44eaeaf2aca3,Ordered Soda Pop got wrong flavor,Soda Pop,Resealable Bag v2 - New Lid,Pacific Northwest,Wrong Flavor,Amazon Review,2026-01-21T19:11:00,0.61,False,
25619c3d-bc03-4897-8f02-ed80d11439ea,Opened Granola Bar and it was stale,Granola Bar,Resealable Bag v2 - New Lid,Northeast,Stale Taste,Amazon Review,2026-01-21T19:21:00,0.94,False,
9898dc6a-5f74-45fb-96ee-8b7946db0512,Box 200g half empty - Granola Bar,Granola Bar,Box 200g,Northeast,Low Fill,Amazon Review,2026-01-21T19:24:00,0.87,False,
e2bb845a-c4b0-4553-833c-9e6698b46c16,Resealable Resealable Bag v1 failed to close - California,Cookies Pack,Resealable Bag v1,California,Seal Failure,Call Center,2026-01-21T19:35:00,0.89,False,
3dcb320f-583f-4f2c-9136-d363b3b69c58,Resealable Bag v1 half empty - Crunchy Chips,Crunchy Chips,Resealable Bag v1,Pacific Northwest,Low Fill,Twitter,2026-01-21T19:42:00,0.65,False,
fd8b990c-5752-4b43-9889-d1adee9169af,Opened Crunchy Chips and it was stale,Crunchy Chips,Resealable Bag v2 - New Lid,Pacific Northwest,Stale Taste,Call Center,2026-01-21T19:46:00,0.63,False,
43e5e38d-bb90-4873-be3e-a975c7bf947e,Box 200g half empty - Granola Bar,Granola Bar,Box 200g,Midwest,Low Fill,Twitter,2026-01-21T19:56:00,0.74,False,
2c08ab16-5e8a-41ae-81fc-93aa7e6a962e,Resealable Can 330ml failed to close - Texas,Granola Bar,Can 330ml,Texas,Seal Failure,Email,2026-01-21T19:57:00,0.66,False,
fdca75c7-abf7-4a13-8bf4-f4d89663b4c5,Resealable Bag v2 - New Lid leaking in transit to Northeast,Cookies Pack,Resealable Bag v2 - New Lid,Northeast,Leaking,Twitter,2026-01-21T20:05:00,0.88,False,
b50d0245-fee7-483f-8790-be36ecf3e386,Ordered Soda Pop got wrong flavor,Soda Pop,Resealable Bag v2 - New Lid,Midwest,Wrong Flavor,Email,2026-01-21T20:23:00,0.79,False,
1dd2c727-68bb-40ed-8b08-936088d86be0,Resealable Bag v2 - New Lid half empty - Crunchy Chips,Crunchy Chips,Resealable Bag v2 - New Lid,California,Low Fill,Twitter,2026-01-21T20:32:00,0.76,False,
ac55536a-1d1c-45a9-9e0f-08a4acd19382,Box 200g arrived torn,Crunchy Chips,Box 200g,Texas,Damaged Pack,Call Center,2026-01-21T20:48:00,0.76,False,
13c34920-ec60-4da7-b2fe-52d73acf38f3,Can 330ml leaking in transit to Midwest,Soda Pop,Can 330ml,Midwest,Leaking,Email,2026-01-21T20:57:00,0.91,False,
44423b93-54b4-4735-8a92-8877e6a71bc9,Resealable Bag v1 half empty - Cookies Pack,Cookies Pack,Resealable Bag v1,California,Low Fill,Twitter,2026-01-21T20:58:00,0.92,False,
ee4134f3-2c4f-4d1e-9677-2da1868e053e,New lid on Box 200g doesn't seal properly,Cookies Pack,Box 200g,Northeast,Seal Failure,Amazon Review,2026-01-21T21:09:00,0.63,False,
fc754453-30f2-473f-8949-f9657de7c6c4,Ordered Granola Bar got wrong flavor,Granola Bar,Box 200g,California,Wrong Flavor,Call Center,2026-01-21T21:10:00,0.81,False,
b9ff39d0-fc9d-495b-b163-34a8bbddb801,Resealable Bag v2 - New Lid half empty - Soda Pop,Soda Pop,Resealable Bag v2 - New Lid,California,Low Fill,Call Center,2026-01-21T21:15:00,0.61,False,
3a066717-dfcd-45d0-9254-ce45016486c4,Resealable Bag v1 half empty - Cookies Pack,Cookies Pack,Resealable Bag v1,Pacific Northwest,Low Fill,Twitter,2026-01-21T21:15:00,0.93,False,
6104efd8-4991-466c-ab5a-3bb1d53b8255,Opened Soda Pop and it was stale,Soda Pop,Box 200g,Texas,Stale Taste,Amazon Review,2026-01-21T21:21:00,0.85,False,
b0ab777c-df0d-469b-9fed-0f319a1fe82a,Resealable Bag v1 leaking in transit to Pacific Northwest,Cookies Pack,Resealable Bag v1,Pacific Northwest,Leaking,Call Center,2026-01-21T21:26:00,0.61,False,
107f02d8-be39-4aac-9a37-dd03b924f0d6,Opened Crunchy Chips and it was stale,Crunchy Chips,Resealable Bag v1,Texas,Stale Taste,Twitter,2026-01-21T21:34:00,0.67,False,
95bc424f-43db-4a6e-801a-f410f9c214f5,Ordered Crunchy Chips got wrong flavor,Crunchy Chips,Resealable Bag v1,Pacific Northwest,Wrong Flavor,Twitter,2026-01-21T21:43:00,0.81,False,
a3fdb01c-26d6-4716-8bac-30a4b4f01427,Box 200g half empty - Crunchy Chips,Crunchy Chips,Box 200g,Midwest,Low Fill,Email,2026-01-21T21:54:00,0.64,False,
dd9c7212-bd2c-4644-930b-90fa60d5906f,Ordered Soda Pop got wrong flavor,Soda Pop,Can 330ml,Midwest,Wrong Flavor,Email,2026-01-21T22:06:00,0.65,False,
7fc4df47-b325-4407-9ef5-23a03aa83d95,"The Resealable Bag v1 won't close, goes stale in Northeast",Soda Pop,Resealable Bag v1,Northeast,Seal Failure,Twitter,2026-01-21T22:09:00,0.66,False,
46238d75-fbc0-47ef-bd59-e683c2bf961c,Resealable Bag v2 - New Lid arrived torn,Cookies Pack,Resealable Bag v2 - New Lid,Midwest,Damaged Pack,Amazon Review,2026-01-21T22:09:00,0.72,False,
d6062b7e-8b20-48ed-91da-9bbd241ca088,New lid on Resealable Bag v1 doesn't seal properly,Soda Pop,Resealable Bag v1,Midwest,Seal Failure,Call Center,2026-01-21T22:13:00,0.61,False,
c92912c4-32ff-4f8d-b9ba-8839f9409af1,Box crushed in shipping to California,Soda Pop,Resealable Bag v1,California,Damaged Pack,Email,2026-01-21T22:29:00,0.86,False,
3bf1970d-2fef-46eb-8971-85441efad470,Box crushed in shipping to Pacific Northwest,Soda Pop,Box 200g,Pacific Northwest,Damaged Pack,Call Center,2026-01-21T22:30:00,0.76,False,
89c223bd-4707-4118-af53-3d23e28a894d,New lid on Resealable Bag v1 doesn't seal properly,Cookies Pack,Resealable Bag v1,California,Seal Failure,Twitter,2026-01-21T22:45:00,0.73,False,
707299e0-d5dd-4242-a370-4d69f5ba6a62,New lid on Can 330ml doesn't seal properly,Soda Pop,Can 330ml,Northeast,Seal Failure,Amazon Review,2026-01-21T22:51:00,0.68,False,
c41614ca-0eb8-42cd-9901-c43a221ee3e8,"The Can 330ml won't close, goes stale in California",Cookies Pack,Can 330ml,California,Seal Failure,Call Center,2026-01-21T22:52:00,0.64,False,
7201f5bb-dd6e-40e9-8424-072557f884bb,Resealable Bag v1 arrived torn,Cookies Pack,Resealable Bag v1,California,Damaged Pack,Email,2026-01-21T22:55:00,0.66,False,
660d96ed-fabd-4a0f-a7c9-3c089c94179d,Opened Granola Bar and it was stale,Granola Bar,Can 330ml,Midwest,Stale Taste,Twitter,2026-01-21T22:58:00,0.91,False,
d5a7f149-cf4b-40a1-aeae-c40a1919a34b,Ordered Cookies Pack got wrong flavor,Cookies Pack,Resealable Bag v1,Texas,Wrong Flavor,Call Center,2026-01-21T23:25:00,0.76,False,
841b12ed-21f0-47c5-b004-e8e7aa366b29,"The Can 330ml won't close, goes stale in Texas",Cookies Pack,Can 330ml,Texas,Seal Failure,Amazon Review,2026-01-21T23:35:00,0.68,False,
7cac62ca-d880-4313-88a8-5ca9bf177b10,Resealable Bag v1 half empty - Crunchy Chips,Crunchy Chips,Resealable Bag v1,Midwest,Low Fill,Email,2026-01-21T23:42:00,0.7,False,
746158bf-3fef-49ad-9e4a-4196c5e31e57,Resealable Resealable Bag v2 - New Lid failed to close - California,Crunchy Chips,Resealable Bag v2 - New Lid,California,Seal Failure,Email,2026-01-21T23:45:00,0.63,False,
b1d05acf-c089-4c2a-a650-224b8a18110c,Can 330ml leaking in transit to Pacific Northwest,Granola Bar,Can 330ml,Pacific Northwest,Leaking,Twitter,2026-01-21T23:48:00,0.81,False,
dc3d78df-c7e0-4195-84cd-9f3f8004075a,Ordered Crunchy Chips got wrong flavor,Crunchy Chips,Resealable Bag v1,Midwest,Wrong Flavor,Amazon Review,2026-01-21T23:52:00,0.86,False,
c9412cd1-9417-432c-bf17-db0b7e34e555,"The Resealable Bag v2 - New Lid won't close, goes stale in Texas",Cookies Pack,Resealable Bag v2 - New Lid,Texas,Seal Failure,Call Center,2026-01-22T00:17:00,0.84,False,
deffe08f-d5ae-4218-92d9-85794652a92c,Stale Cookies Pack in Box 200g,Cookies Pack,Box 200g,Pacific Northwest,Stale Taste,Amazon Review,2026-01-22T00:23:00,0.62,False,
ae565853-7923-44a2-8667-617251e68f9a,Resealable Bag v1 leaking in transit to California,Crunchy Chips,Resealable Bag v1,California,Leaking,Amazon Review,2026-01-22T00:31:00,0.65,False,
1533ad4f-9162-4747-8667-b587bd2a31fc,Ordered Granola Bar got wrong flavor,Granola Bar,Resealable Bag v1,Northeast,Wrong Flavor,Twitter,2026-01-22T00:31:00,0.94,False,
d87c1ef1-e487-4d06-9c94-6371691cf1be,Ordered Cookies Pack got wrong flavor,Cookies Pack,Can 330ml,Texas,Wrong Flavor,Email,2026-01-22T01:20:00,0.74,False,
0506f6d0-3fa7-423c-ab08-ba0f8efa0d16,Can 330ml arrived torn,Cookies Pack,Can 330ml,Pacific Northwest,Damaged Pack,Amazon Review,2026-01-22T01:21:00,0.85,False,
f1fb6716-b1da-4b12-8d5f-ac7fbb6a986e,Can 330ml leaking in transit to Midwest,Cookies Pack,Can 330ml,Midwest,Leaking,Twitter,2026-01-22T01:22:00,0.87,False,
35c486bd-8c69-4616-b3b2-eccdd7879670,Resealable Bag v1 arrived torn,Soda Pop,Resealable Bag v1,Midwest,Damaged Pack,Twitter,2026-01-22T01:23:00,0.86,False,
6495612d-e85d-40b9-b299-7af89268a0f8,Box 200g half empty - Granola Bar,Granola Bar,Box 200g,Midwest,Low Fill,Amazon Review,2026-01-22T01:28:00,0.8,False,
43db24f5-16f9-4255-aa1a-a9f27d6cad8e,Ordered Soda Pop got wrong flavor,Soda Pop,Resealable Bag v2 - New Lid,Texas,Wrong Flavor,Call Center,2026-01-22T01:29:00,0.83,False,
e1b97867-66b1-4116-85c4-b3b71343aba3,Ordered Crunchy Chips got wrong flavor,Crunchy Chips,Resealable Bag v2 - New Lid,Northeast,Wrong Flavor,Amazon Review,2026-01-22T01:38:00,0.8,False,
a11d0df0-0595-4fc8-ac79-6a0e974806c2,Resealable Can 330ml failed to close - California,Granola Bar,Can 330ml,California,Seal Failure,Email,2026-01-22T01:40:00,0.9,False,
2c453c06-6b32-4dc2-a6e2-eb8d9b9764e4,Box 200g leaking in transit to Pacific Northwest,Soda Pop,Box 200g,Pacific Northwest,Leaking,Email,2026-01-22T01:50:00,0.93,False,
3f47e6ff-3ca4-4d87-a197-07c8ae3c65d0,Ordered Soda Pop got wrong flavor,Soda Pop,Resealable Bag v1,Texas,Wrong Flavor,Twitter,2026-01-22T02:00:00,0.81,False,
83e811d1-dc51-4709-b909-71ccb2fda5b4,Resealable Resealable Bag v1 failed to close - Midwest,Granola Bar,Resealable Bag v1,Midwest,Seal Failure,Email,2026-01-22T02:04:00,0.78,False,
1914bb5f-bed7-4e22-94b7-cc7207d8956f,Granola Bar tastes stale from Pacific Northwest,Granola Bar,Resealable Bag v2 - New Lid,Pacific Northwest,Stale Taste,Amazon Review,2026-01-22T02:12:00,0.84,False,
6a58cfef-ffd4-4f2c-a4d4-59cdd367ce24,Can 330ml leaking in transit to Pacific Northwest,Cookies Pack,Can 330ml,Pacific Northwest,Leaking,Twitter,2026-01-22T02:29:00,0.81,False,
606c85ad-b4b9-4154-adcf-b03994d0528d,Resealable Bag v1 leaking in transit to Texas,Cookies Pack,Resealable Bag v1,Texas,Leaking,Amazon Review,2026-01-22T02:36:00,0.84,False,
adb69806-a9b3-428a-9ada-00a17e09c27d,Can 330ml leaking in transit to California,Granola Bar,Can 330ml,California,Leaking,Twitter,2026-01-22T02:38:00,0.61,False,
048c23e9-00e8-4c51-8e5c-bb66beca7947,Box crushed in shipping to Texas,Crunchy Chips,Resealable Bag v2 - New Lid,Texas,Damaged Pack,Email,2026-01-22T02:39:00,0.85,False,
9d7e28ac-3429-43d8-ba46-05b425368244,Resealable Bag v1 half empty - Crunchy Chips,Crunchy Chips,Resealable Bag v1,California,Low Fill,Call Center,2026-01-22T02:41:00,0.8,False,
ad445b53-cddc-4d5b-9e89-69170ba76467,Box 200g half empty - Soda Pop,Soda Pop,Box 200g,Northeast,Low Fill,Twitter,2026-01-22T02:49:00,0.88,False,
9b4ea326-cb66-4118-8c36-7cb3cfa3cfad,Opened Granola Bar and it was stale,Granola Bar,Box 200g,Midwest,Stale Taste,Call Center,2026-01-22T02:56:00,0.77,False,
2cafc884-949c-466b-8d6c-1b0fc3b5928d,Ordered Granola Bar got wrong flavor,Granola Bar,Can 330ml,Northeast,Wrong Flavor,Call Center,2026-01-22T03:15:00,0.88,False,
f4e34915-b0c4-4370-815b-82011e4e3d0a,Ordered Granola Bar got wrong flavor,Granola Bar,Resealable Bag v1,Texas,Wrong Flavor,Amazon Review,2026-01-22T03:16:00,0.7,False,
c98ca54e-1730-4b12-80db-790d4679b9fa,Can 330ml leaking in transit to Northeast,Soda Pop,Can 330ml,Northeast,Leaking,Email,2026-01-22T03:25:00,0.78,False,
cdf6e366-97b7-44da-b6ef-cdd1f5d98a21,"The Resealable Bag v1 won't close, goes stale in Midwest",Crunchy Chips,Resealable Bag v1,Midwest,Seal Failure,Amazon Review,2026-01-22T03:27:00,0.72,False,
ce42bed5-69b8-440c-adf4-8f7cf134d350,"The Resealable Bag v1 won't close, goes stale in Texas",Soda Pop,Resealable Bag v1,Texas,Seal Failure,Amazon Review,2026-01-22T03:29:00,0.77,False,
4d51c12c-4c2c-483b-b2ef-0b481ef10344,Stale Crunchy Chips in Resealable Bag v1,Crunchy Chips,Resealable Bag v1,Midwest,Stale Taste,Amazon Review,2026-01-22T03:29:00,0.68,False,
53727cde-c96f-49b2-9a51-bc85d3ea903b,Resealable Resealable Bag v2 - New Lid failed to close - California,Crunchy Chips,Resealable Bag v2 - New Lid,California,Seal Failure,Twitter,2026-01-22T03:34:00,0.91,False,
904f7a01-80a7-4cba-8405-8ec57dc4a9d4,Ordered Soda Pop got wrong flavor,Soda Pop,Can 330ml,Midwest,Wrong Flavor,Twitter,2026-01-22T03:38:00,0.65,False,
61319733-b869-42ef-9a85-84bedab0a7a0,Resealable Bag v2 - New Lid half empty - Granola Bar,Granola Bar,Resealable Bag v2 - New Lid,Northeast,Low Fill,Twitter,2026-01-22T03:46:00,0.92,False,
a2e34187-0967-431c-8fe3-688fc87823e2,Resealable Bag v2 - New Lid half empty - Soda Pop,Soda Pop,Resealable Bag v2 - New Lid,Northeast,Low Fill,Amazon Review,2026-01-22T03:56:00,0.77,False,
6b6a8e60-4196-4855-9318-3d060e02c1ab,Can 330ml leaking in transit to Pacific Northwest,Granola Bar,Can 330ml,Pacific Northwest,Leaking,Call Center,2026-01-22T04:04:00,0.84,False,
c71dd09b-9678-4b8a-8707-9854c070ef34,Can 330ml leaking in transit to California,Crunchy Chips,Can 330ml,California,Leaking,Amazon Review,2026-01-22T04:10:00,0.87,False,
3a56c318-2524-448f-b8dc-3c8ca9f1bc91,Opened Soda Pop and it was stale,Soda Pop,Resealable Bag v2 - New Lid,Pacific Northwest,Stale Taste,Call Center,2026-01-22T04:23:00,0.86,False,
29b622e1-a538-47b7-86c5-2a01e10482f9,Ordered Cookies Pack got wrong flavor,Cookies Pack,Can 330ml,Texas,Wrong Flavor,Email,2026-01-22T04:24:00,0.65,False,
57c0f95b-1daa-4277-96f7-4f51f778fd4c,Granola Bar tastes stale from Midwest,Granola Bar,Resealable Bag v1,Midwest,Stale Taste,Amazon Review,2026-01-22T04:38:00,0.94,False,
c6f8ad03-9093-4bad-ba8b-692db23f2918,Box 200g half empty - Cookies Pack,Cookies Pack,Box 200g,Pacific Northwest,Low Fill,Call Center,2026-01-22T04:40:00,0.74,False,
6ef27a13-926a-47b8-98f4-1558ce73bfd9,Can 330ml leaking in transit to Texas,Soda Pop,Can 330ml,Texas,Leaking,Twitter,2026-01-22T04:55:00,0.62,False,
82d238ad-4890-4a98-9f59-027ede1efb66,Box 200g half empty - Cookies Pack,Cookies Pack,Box 200g,California,Low Fill,Amazon Review,2026-01-22T05:08:00,0.66,False,
202dacff-2894-4a61-b3d2-c99fbb89dd60,Stale Cookies Pack in Resealable Bag v1,Cookies Pack,Resealable Bag v1,Midwest,Stale Taste,Amazon Review,2026-01-22T05:15:00,0.62,False,
a6d866ee-eeea-43ec-90e6-c07ddb07988f,Resealable Bag v1 leaking in transit to Northeast,Cookies Pack,Resealable Bag v1,Northeast,Leaking,Twitter,2026-01-22T05:23:00,0.67,False,
2cc0cecf-e4d6-451e-a933-e7c1d8dca989,Stale Crunchy Chips in Resealable Bag v1,Crunchy Chips,Resealable Bag v1,Pacific Northwest,Stale Taste,Email,2026-01-22T05:34:00,0.92,False,
6e7fc33c-d39f-4a3a-8e39-03ba4e1b889e,Box 200g half empty - Crunchy Chips,Crunchy Chips,Box 200g,California,Low Fill,Email,2026-01-22T05:47:00,0.95,False,
94c256e2-0bb9-4403-b657-1cc142aa445c,Resealable Bag v1 arrived torn,Soda Pop,Resealable Bag v1,Midwest,Damaged Pack,Twitter,2026-01-22T05:50:00,0.64,False,
81b41c0d-a816-4840-a8b8-b7b041f3ee0a,Box 200g half empty - Cookies Pack,Cookies Pack,Box 200g,Texas,Low Fill,Twitter,2026-01-22T06:11:00,0.67,False,
dd3f1495-ae65-4da4-97db-9fd65437ce9a,Box 200g half empty - Granola Bar,Granola Bar,Box 200g,Northeast,Low Fill,Call Center,2026-01-22T06:11:00,0.81,False,
f68ae612-9099-4f35-9fee-627467c33a5f,"The Resealable Bag v2 - New Lid won't close, goes stale in Texas",Soda Pop,Resealable Bag v2 - New Lid,Texas,Seal Failure,Twitter,2026-01-22T06:21:00,0.75,False,
b6c7a935-d34a-4835-9a59-901a1c4adcb1,Resealable Bag v2 - New Lid half empty - Crunchy Chips,Crunchy Chips,Resealable Bag v2 - New Lid,California,Low Fill,Email,2026-01-22T06:32:00,0.77,False,
5e0b45d9-865d-4e01-bb44-ba68394479d3,Box 200g half empty - Crunchy Chips,Crunchy Chips,Box 200g,Texas,Low Fill,Amazon Review,2026-01-22T06:41:00,0.89,False,
251f5b0e-0702-443b-aca4-359257ec2d37,Resealable Bag v1 arrived torn,Cookies Pack,Resealable Bag v1,Pacific Northwest,Damaged Pack,Call Center,2026-01-22T06:59:00,0.69,False,
7003b360-1133-4c90-b0d2-94b2c238ed96,Resealable Bag v1 arrived torn,Cookies Pack,Resealable Bag v1,Midwest,Damaged Pack,Call Center,2026-01-22T07:05:00,0.63,False,
bbf70b12-0b3f-411b-8aca-a07d9dd7c6ab,Ordered Cookies Pack got wrong flavor,Cookies Pack,Box 200g,Midwest,Wrong Flavor,Email,2026-01-22T07:29:00,0.79,False,
b4e4ea39-0141-4fe0-ac09-5a9bd601dd04,Cookies Pack tastes stale from Northeast,Cookies Pack,Can 330ml,Northeast,Stale Taste,Amazon Review,2026-01-22T07:37:00,0.71,False,
9336895c-16aa-4de6-abc5-5409001323d5,New lid on Box 200g doesn't seal properly,Soda Pop,Box 200g,Pacific Northwest,Seal Failure,Twitter,2026-01-22T07:38:00,0.81,False,
4abee585-c00b-492f-927b-aa177378d112,"The Resealable Bag v1 won't close, goes stale in Midwest",Crunchy Chips,Resealable Bag v1,Midwest,Seal Failure,Amazon Review,2026-01-22T07:41:00,0.76,False,
f721d1f0-9a93-46b2-905c-882489cfdc2a,Ordered Cookies Pack got wrong flavor,Cookies Pack,Resealable Bag v1,Northeast,Wrong Flavor,Amazon Review,2026-01-22T07:51:00,0.74,False,
51e8ddde-da3e-4caa-9fe7-45b0c4bbc397,Ordered Granola Bar got wrong flavor,Granola Bar,Can 330ml,Pacific Northwest,Wrong Flavor,Email,2026-01-22T08:11:00,0.92,False,
15aa3ab5-4c1b-4266-b2ff-e20be58f917b,Box 200g leaking in transit to Northeast,Crunchy Chips,Box 200g,Northeast,Leaking,Email,2026-01-22T08:19:00,0.61,False,
ef167172-37c4-4dc0-b14b-f87f76a0b346,Ordered Cookies Pack got wrong flavor,Cookies Pack,Box 200g,Pacific Northwest,Wrong Flavor,Email,2026-01-22T08:22:00,0.92,False,
8777b82e-78cb-40d6-9265-efbcc201575e,Cookies Pack tastes stale from Midwest,Cookies Pack,Box 200g,Midwest,Stale Taste,Call Center,2026-01-22T08:24:00,0.65,False,
21ae7afc-c273-4ff9-815e-ad94ac0c21a5,New lid on Resealable Bag v1 doesn't seal properly,Cookies Pack,Resealable Bag v1,Midwest,Seal Failure,Call Center,2026-01-22T08:24:00,0.69,False,
ad971ba9-0a89-4edb-af46-7210336775f0,Can 330ml arrived torn,Granola Bar,Can 330ml,Pacific Northwest,Damaged Pack,Call Center,2026-01-22T08:26:00,0.64,False,
d368017b-fe53-414c-8bfb-1bdb5bf5660e,Resealable Resealable Bag v2 - New Lid failed to close - Pacific Northwest,Granola Bar,Resealable Bag v2 - New Lid,Pacific Northwest,Seal Failure,Amazon Review,2026-01-22T08:39:00,0.73,False,
aee594c8-98cb-43cd-89cb-a7d33f7a8da8,Resealable Box 200g failed to close - California,Crunchy Chips,Box 200g,California,Seal Failure,Amazon Review,2026-01-22T09:07:00,0.87,False,
e72f8ab7-58db-44f3-8ca6-61d95005e6ce,"The Can 330ml won't close, goes stale in Midwest",Crunchy Chips,Can 330ml,Midwest,Seal Failure,Amazon Review,2026-01-22T09:18:00,0.64,False,
dead0e04-ffa5-45d8-b46f-d89fe55f338e,Resealable Can 330ml failed to close - California,Granola Bar,Can 330ml,California,Seal Failure,Call Center,2026-01-22T09:21:00,0.64,False,
5d9a7c2d-3726-47b5-b1aa-fbbe9551d5e1,Resealable Resealable Bag v1 failed to close - Texas,Granola Bar,Resealable Bag v1,Texas,Seal Failure,Call Center,2026-01-22T09:24:00,0.6,False,
6330ea15-6018-4a43-82d4-b8acf17e5a14,Can 330ml half empty - Soda Pop,Soda Pop,Can 330ml,Midwest,Low Fill,Email,2026-01-22T09:28:00,0.85,False,
13a2f271-c5ca-4ae1-839b-988755b1c81a,Can 330ml half empty - Soda Pop,Soda Pop,Can 330ml,Pacific Northwest,Low Fill,Email,2026-01-22T09:40:00,0.71,False,
6f3ddd22-f5fb-401e-a9f2-bd8e1f6d358d,Resealable Bag v1 leaking in transit to Texas,Cookies Pack,Resealable Bag v1,Texas,Leaking,Email,2026-01-22T09:50:00,0.69,False,
c2555557-3d3e-48b5-8951-adadb20d2bf0,Box 200g leaking in transit to Texas,Crunchy Chips,Box 200g,Texas,Leaking,Call Center,2026-01-22T10:20:00,0.84,False,
aee71894-4292-4269-bc02-f8be89f746c7,Opened Cookies Pack and it was stale,Cookies Pack,Box 200g,Pacific Northwest,Stale Taste,Call Center,2026-01-22T10:28:00,0.66,False,
fc50b8d1-9023-46aa-b45c-7d0968ed4a60,Resealable Bag v2 - New Lid half empty - Cookies Pack,Cookies Pack,Resealable Bag v2 - New Lid,Texas,Low Fill,Email,2026-01-22T10:29:00,0.82,False,
70d9f06d-ea91-49c6-886d-baa304801643,Ordered Granola Bar got wrong flavor,Granola Bar,Can 330ml,Northeast,Wrong Flavor,Email,2026-01-22T10:41:00,0.72,False,
bcb9e89e-5b5b-4ef3-aabb-5d08b5e6a2de,Can 330ml arrived torn,Crunchy Chips,Can 330ml,Texas,Damaged Pack,Call Center,2026-01-22T10:52:00,0.88,False,
64308dfc-08cf-4c3e-8145-2c998d889d39,Can 330ml arrived torn,Crunchy Chips,Can 330ml,Texas,Damaged Pack,Call Center,2026-01-22T10:59:00,0.73,False,
d34cc6b6-4eb1-45e5-a15f-1a5950af89c2,Box 200g half empty - Granola Bar,Granola Bar,Box 200g,Pacific Northwest,Low Fill,Amazon Review,2026-01-22T11:04:00,0.84,False,
a0cd0d86-c64f-4d5e-9619-9ac969e56f3a,Can 330ml leaking in transit to California,Cookies Pack,Can 330ml,California,Leaking,Email,2026-01-22T11:05:00,0.61,False,
d9a0bae3-4490-4e83-9807-01ad78a45904,Resealable Bag v1 half empty - Crunchy Chips,Crunchy Chips,Resealable Bag v1,Midwest,Low Fill,Amazon Review,2026-01-22T11:08:00,0.79,False,
004084d2-3fb7-4e68-bf7e-f38762bdcc0c,Resealable Resealable Bag v1 failed to close - Pacific Northwest,Cookies Pack,Resealable Bag v1,Pacific Northwest,Seal Failure,Email,2026-01-22T11:12:00,0.8,False,
e7d3588f-1883-4941-8cb9-d9939fc5fa14,Can 330ml half empty - Crunchy Chips,Crunchy Chips,Can 330ml,Texas,Low Fill,Email,2026-01-22T11:12:00,0.88,False,
ddbb5a3f-0eee-4c32-9cb2-9af054e7e1bb,Resealable Bag v2 - New Lid half empty - Crunchy Chips,Crunchy Chips,Resealable Bag v2 - New Lid,Northeast,Low Fill,Email,2026-01-22T11:26:00,0.93,False,
3267574d-d3b1-43b2-b077-0d57664dc09e,Box 200g half empty - Granola Bar,Granola Bar,Box 200g,Texas,Low Fill,Email,2026-01-22T11:30:00,0.71,False,
76cc9eb6-0105-4b93-ba17-6114f364e17b,Box 200g leaking in transit to California,Cookies Pack,Box 200g,California,Leaking,Amazon Review,2026-01-22T11:30:00,0.6,False,
23e41a63-ce6e-4018-a44c-b2914ea5215f,Can 330ml half empty - Soda Pop,Soda Pop,Can 330ml,Northeast,Low Fill,Amazon Review,2026-01-22T11:39:00,0.89,False,
50628f27-5837-4e7d-a845-dff3f464d30c,Can 330ml leaking in transit to Midwest,Soda Pop,Can 330ml,Midwest,Leaking,Call Center,2026-01-22T11:41:00,0.89,False,
8a57ff22-813b-474a-b90a-1051fff7d229,Ordered Crunchy Chips got wrong flavor,Crunchy Chips,Box 200g,California,Wrong Flavor,Amazon Review,2026-01-22T12:12:00,0.93,False,
84c1ba04-aa5a-4868-b193-8ecc5ed6b0c2,New lid on Resealable Bag v2 - New Lid doesn't seal properly,Soda Pop,Resealable Bag v2 - New Lid,California,Seal Failure,Twitter,2026-01-22T12:24:00,0.84,False,
bf1ba6c5-80ff-4b26-8d39-631087e0c37e,New lid on Resealable Bag v1 doesn't seal properly,Soda Pop,Resealable Bag v1,Texas,Seal Failure,Email,2026-01-22T12:24:00,0.79,False,
c87a0022-ecd0-4735-84a1-ed6290ffab8f,Stale Cookies Pack in Resealable Bag v2 - New Lid,Cookies Pack,Resealable Bag v2 - New Lid,Texas,Stale Taste,Twitter,2026-01-22T12:38:00,0.79,False,
71afedd8-9b5b-40f7-ac97-59af3cb4d00c,Ordered Cookies Pack got wrong flavor,Cookies Pack,Resealable Bag v2 - New Lid,Northeast,Wrong Flavor,Twitter,2026-01-22T12:46:00,0.86,False,
c086cd97-4eea-45be-8639-f999614a20f5,Resealable Bag v2 - New Lid half empty - Granola Bar,Granola Bar,Resealable Bag v2 - New Lid,California,Low Fill,Twitter,2026-01-22T13:02:00,0.79,False,
6bbff4c0-79ee-4fd3-a9b3-2be5204f8d9c,"The Resealable Bag v1 won't close, goes stale in Midwest",Crunchy Chips,Resealable Bag v1,Midwest,Seal Failure,Twitter,2026-01-22T13:07:00,0.62,False,
b391eec7-f2c3-43bf-b9e4-d90a289ff8f8,Can 330ml arrived torn,Soda Pop,Can 330ml,Pacific Northwest,Damaged Pack,Twitter,2026-01-22T13:08:00,0.84,False,
ac244fba-7a70-4a20-bdea-069d6fdd0f84,"The Box 200g won't close, goes stale in Pacific Northwest",Crunchy Chips,Box 200g,Pacific Northwest,Seal Failure,Call Center,2026-01-22T13:17:00,0.63,False,
4cbde6aa-a5ed-43f5-b9c8-c71f1d762371,Box 200g half empty - Crunchy Chips,Crunchy Chips,Box 200g,Northeast,Low Fill,Twitter,2026-01-22T13:31:00,0.84,False,
62f37fb4-b542-4a07-809d-41e4b68148ac,Box crushed in shipping to California,Cookies Pack,Box 200g,California,Damaged Pack,Amazon Review,2026-01-22T13:39:00,0.89,False,
e951e584-0e99-45eb-9b30-b338328532f0,Box crushed in shipping to Pacific Northwest,Soda Pop,Resealable Bag v2 - New Lid,Pacific Northwest,Damaged Pack,Amazon Review,2026-01-22T13:45:00,0.91,False,
f12f7d1d-2f3f-467f-9df1-e9f3851b82a1,Can 330ml arrived torn,Granola Bar,Can 330ml,Pacific Northwest,Damaged Pack,Amazon Review,2026-01-22T13:52:00,0.84,False,
38112468-a82b-476b-b5bb-1abb478c5f43,Resealable Bag v2 - New Lid half empty - Granola Bar,Granola Bar,Resealable Bag v2 - New Lid,Pacific Northwest,Low Fill,Email,2026-01-22T13:54:00,0.63,False,
e845d053-6d9c-4b43-b870-ef2c10bc918e,Can 330ml leaking in transit to Midwest,Granola Bar,Can 330ml,Midwest,Leaking,Amazon Review,2026-01-22T13:55:00,0.81,False,
6d420c42-97ce-4dca-88d8-96cecb6af4ec,Can 330ml arrived torn,Crunchy Chips,Can 330ml,Texas,Damaged Pack,Amazon Review,2026-01-22T14:02:00,0.77,False,
4792bf2a-7a3f-4df1-87df-1a2bf539b62b,Box 200g leaking in transit to Northeast,Crunchy Chips,Box 200g,Northeast,Leaking,Amazon Review,2026-01-22T14:02:00,0.84,False,
d23de9bb-f8b6-46b5-925a-d90c09135a6e,Resealable Bag v1 leaking in transit to California,Soda Pop,Resealable Bag v1,California,Leaking,Call Center,2026-01-22T14:05:00,0.84,False,
9aaedbdd-f8d8-4dea-9f83-cea1b75c2d31,Can 330ml arrived torn,Granola Bar,Can 330ml,California,Damaged Pack,Call Center,2026-01-22T14:12:00,0.66,False,
8b46f029-28bb-4a93-9823-f1a9beff3ea5,Resealable Bag v1 arrived torn,Cookies Pack,Resealable Bag v1,Pacific Northwest,Damaged Pack,Call Center,2026-01-22T14:16:00,0.79,False,
04444199-815a-4eb5-bc80-f1dbfb23f2fe,Resealable Box 200g failed to close - Texas,Crunchy Chips,Box 200g,Texas,Seal Failure,Twitter,2026-01-22T14:30:00,0.72,False,
f737128f-fd4f-4ba9-bf86-569ff00528cf,Cookies Pack tastes stale from California,Cookies Pack,Box 200g,California,Stale Taste,Call Center,2026-01-22T14:39:00,0.94,False,
5b15a838-0c52-4ef2-bd89-1ca0ce6e77b7,Can 330ml half empty - Granola Bar,Granola Bar,Can 330ml,Texas,Low Fill,Call Center,2026-01-22T14:47:00,0.95,False,
7d145151-c277-4d9a-9ff7-d6a700877731,Resealable Bag v2 - New Lid leaking in transit to Pacific Northwest,Granola Bar,Resealable Bag v2 - New Lid,Pacific Northwest,Leaking,Email,2026-01-22T14:55:00,0.87,False,
8dce4f82-c6ad-44e4-9dac-79e65bb16534,Box crushed in shipping to Northeast,Soda Pop,Resealable Bag v2 - New Lid,Northeast,Damaged Pack,Twitter,2026-01-22T14:58:00,0.74,False,
aeefc59c-7882-4efa-ae49-cabe663474dd,Resealable Bag v2 - New Lid leaking in transit to Texas,Soda Pop,Resealable Bag v2 - New Lid,Texas,Leaking,Twitter,2026-01-22T15:03:00,0.92,False,
694f0b4b-f6e2-4455-b15e-d0c22fefae46,Can 330ml leaking in transit to Pacific Northwest,Soda Pop,Can 330ml,Pacific Northwest,Leaking,Call Center,2026-01-22T15:06:00,0.78,False,
28ff46dd-2c3c-4501-a653-a2608a0ea86d,Can 330ml leaking in transit to Pacific Northwest,Soda Pop,Can 330ml,Pacific Northwest,Leaking,Twitter,2026-01-22T15:18:00,0.75,False,
a9e711cd-34f7-49af-812a-6e352acfd992,Box 200g leaking in transit to California,Cookies Pack,Box 200g,California,Leaking,Call Center,2026-01-22T15:20:00,0.72,False,
54512b70-408d-4925-82d4-e101f4a1e251,Can 330ml arrived torn,Granola Bar,Can 330ml,Pacific Northwest,Damaged Pack,Call Center,2026-01-22T15:21:00,0.61,False,
1c35ac43-510e-4bed-b072-62526f43a85b,Ordered Soda Pop got wrong flavor,Soda Pop,Box 200g,California,Wrong Flavor,Amazon Review,2026-01-22T15:23:00,0.69,False,
52dedfdd-880d-4919-99cf-eb257a09b3b4,Resealable Resealable Bag v1 failed to close - Northeast,Soda Pop,Resealable Bag v1,Northeast,Seal Failure,Call Center,2026-01-22T15:24:00,0.83,False,
8c3ae78b-a068-4317-b40f-18c338ddd2e1,Granola Bar tastes stale from Texas,Granola Bar,Box 200g,Texas,Stale Taste,Amazon Review,2026-01-22T15:26:00,0.74,False,
76370728-8c4d-4e1f-b400-ebbabf00c5f5,Can 330ml half empty - Crunchy Chips,Crunchy Chips,Can 330ml,Pacific Northwest,Low Fill,Amazon Review,2026-01-22T15:33:00,0.71,False,
c9de61dd-2567-4ca0-ad5f-340989a18445,New lid on Resealable Bag v1 doesn't seal properly,Granola Bar,Resealable Bag v1,Pacific Northwest,Seal Failure,Call Center,2026-01-22T15:34:00,0.87,False,
45fdf47b-3515-4078-829e-28c64d112791,"The Can 330ml won't close, goes stale in Texas",Soda Pop,Can 330ml,Texas,Seal Failure,Amazon Review,2026-01-22T15:45:00,0.69,False,
ed94af2b-8ffa-4fcf-86a0-46db00c40947,Can 330ml half empty - Granola Bar,Granola Bar,Can 330ml,Northeast,Low Fill,Email,2026-01-22T15:53:00,0.66,False,
5d9d2a3f-6b23-4ec6-b257-fa1b168acb93,Resealable Bag v1 leaking in transit to Northeast,Granola Bar,Resealable Bag v1,Northeast,Leaking,Twitter,2026-01-22T15:54:00,0.73,False,
d8c578c2-158e-4f0b-b270-fc4e8888b85b,Box crushed in shipping to Northeast,Crunchy Chips,Box 200g,Northeast,Damaged Pack,Twitter,2026-01-22T16:05:00,0.75,False,
6120d1d4-bacb-498e-bb18-c14f643450a1,Box crushed in shipping to California,Crunchy Chips,Resealable Bag v1,California,Damaged Pack,Call Center,2026-01-22T16:05:00,0.77,False,
315f8643-8b40-4d43-b93d-b9b31dc3080e,Ordered Granola Bar got wrong flavor,Granola Bar,Resealable Bag v2 - New Lid,Northeast,Wrong Flavor,Call Center,2026-01-22T16:07:00,0.82,False,
193eb570-8f99-4c61-a818-bc387578f32f,Resealable Bag v2 - New Lid leaking in transit to Texas,Cookies Pack,Resealable Bag v2 - New Lid,Texas,Leaking,Twitter,2026-01-22T16:09:00,0.81,False,
017a2af8-4a47-414a-9ed3-93719f519b47,Box crushed in shipping to Pacific Northwest,Cookies Pack,Can 330ml,Pacific Northwest,Damaged Pack,Twitter,2026-01-22T16:13:00,0.93,False,
f8568270-2417-43c1-8712-2663ec94d5e2,Box crushed in shipping to Pacific Northwest,Crunchy Chips,Can 330ml,Pacific Northwest,Damaged Pack,Amazon Review,2026-01-22T16:23:00,0.9,False,
9784ebc9-6011-44f4-b3d4-2780c301313c,Ordered Cookies Pack got wrong flavor,Cookies Pack,Box 200g,California,Wrong Flavor,Amazon Review,2026-01-22T17:02:00,0.64,False,
6eb4058c-dd7a-49bd-b1d2-a4b3ba70769d,Resealable Bag v1 arrived torn,Cookies Pack,Resealable Bag v1,Pacific Northwest,Damaged Pack,Email,2026-01-22T17:07:00,0.67,False,
8c21fe9b-0c9a-4a35-95b4-1805219cfe22,Box crushed in shipping to Midwest,Cookies Pack,Resealable Bag v1,Midwest,Damaged Pack,Amazon Review,2026-01-22T17:14:00,0.69,False,
74e707e9-9dc6-48a4-8756-39165b7270c0,Can 330ml arrived torn,Soda Pop,Can 330ml,Northeast,Damaged Pack,Twitter,2026-01-22T17:37:00,0.66,False,
e8f2825d-273a-4c5a-b009-474c8bf0a94b,Can 330ml arrived torn,Soda Pop,Can 330ml,Texas,Damaged Pack,Email,2026-01-22T17:55:00,0.8,False,
79474106-3352-4938-b0ef-5250c21db444,Stale Crunchy Chips in Resealable Bag v1,Crunchy Chips,Resealable Bag v1,Midwest,Stale Taste,Twitter,2026-01-22T18:03:00,0.73,False,
5c25fabf-058e-47c6-b74c-5c71ef21e4ca,Box crushed in shipping to Midwest,Soda Pop,Box 200g,Midwest,Damaged Pack,Email,2026-01-22T18:07:00,0.6,False,
b1202e5a-5f93-4a7d-9fae-484762ab21e4,Resealable Bag v1 half empty - Granola Bar,Granola Bar,Resealable Bag v1,Northeast,Low Fill,Call Center,2026-01-22T18:14:00,0.65,False,
6cca6448-9375-4f79-8b68-ffbec78577f7,Ordered Cookies Pack got wrong flavor,Cookies Pack,Can 330ml,Pacific Northwest,Wrong Flavor,Email,2026-01-22T18:31:00,0.72,False,
ddeb204b-d901-4186-8268-ae139780a95c,Box crushed in shipping to Texas,Cookies Pack,Can 330ml,Texas,Damaged Pack,Twitter,2026-01-22T18:34:00,0.64,False,
6c5974fe-d939-47fa-9384-ad5d6f30f23d,Opened Crunchy Chips and it was stale,Crunchy Chips,Box 200g,Northeast,Stale Taste,Email,2026-01-22T18:44:00,0.74,False,
dc0f79c7-1c9f-4acc-a872-628ab5d76256,"The Box 200g won't close, goes stale in Pacific Northwest",Crunchy Chips,Box 200g,Pacific Northwest,Seal Failure,Call Center,2026-01-22T18:46:00,0.66,False,
e125c255-73ad-4632-a7f3-ccbb141c904e,Ordered Cookies Pack got wrong flavor,Cookies Pack,Resealable Bag v2 - New Lid,Pacific Northwest,Wrong Flavor,Email,2026-01-22T18:53:00,0.83,False,
9c81ccc0-3874-4101-a70c-0029f349cc0f,Ordered Granola Bar got wrong flavor,Granola Bar,Resealable Bag v1,California,Wrong Flavor,Call Center,2026-01-22T19:15:00,0.79,False,
be6fbfe2-b02e-474b-b09b-cc52434e13a1,Ordered Granola Bar got wrong flavor,Granola Bar,Resealable Bag v2 - New Lid,Texas,Wrong Flavor,Amazon Review,2026-01-22T19:16:00,0.67,False,
ee1baa71-5193-45c6-95c2-e0bc02fd702f,Stale Granola Bar in Can 330ml,Granola Bar,Can 330ml,Pacific Northwest,Stale Taste,Twitter,2026-01-22T19:17:00,0.93,False,
959024b9-5665-4ad3-b719-a237dfc8a994,Can 330ml half empty - Soda Pop,Soda Pop,Can 330ml,Northeast,Low Fill,Email,2026-01-22T19:17:00,0.83,False,
24b58860-ff21-4fcc-8689-52ab134a2fda,Crunchy Chips tastes stale from Pacific Northwest,Crunchy Chips,Box 200g,Pacific Northwest,Stale Taste,Call Center,2026-01-22T19:34:00,0.76,False,
e13bcfc4-566a-42a5-b082-3800db225918,Ordered Crunchy Chips got wrong flavor,Crunchy Chips,Resealable Bag v1,California,Wrong Flavor,Twitter,2026-01-22T19:34:00,0.66,False,
1c805d56-bb3a-492c-a316-61413bdd708d,Can 330ml arrived torn,Crunchy Chips,Can 330ml,Texas,Damaged Pack,Email,2026-01-22T19:36:00,0.8,False,
91c8abae-6f99-4b1e-bd09-8a13ce774a87,"The Box 200g won't close, goes stale in California",Cookies Pack,Box 200g,California,Seal Failure,Twitter,2026-01-22T19:39:00,0.81,False,
520418c9-9a33-4293-bebf-56660ab78f3d,Can 330ml half empty - Cookies Pack,Cookies Pack,Can 330ml,Midwest,Low Fill,Amazon Review,2026-01-22T19:43:00,0.63,False,
d37e481f-915d-4a9a-984b-db0f67e560d9,Box crushed in shipping to Northeast,Soda Pop,Box 200g,Northeast,Damaged Pack,Twitter,2026-01-22T19:48:00,0.74,False,
f9a24fe1-6013-4bec-834f-0eef3fc46558,Box 200g arrived torn,Cookies Pack,Box 200g,Northeast,Damaged Pack,Email,2026-01-22T20:00:00,0.8,False,
671c2c82-7de4-4c18-a830-fd5b45ba1ccc,Opened Crunchy Chips and it was stale,Crunchy Chips,Box 200g,California,Stale Taste,Call Center,2026-01-22T20:13:00,0.61,False,
c77c69f9-5142-498a-bd4c-960c1d452c4d,Box crushed in shipping to Midwest,Soda Pop,Resealable Bag v2 - New Lid,Midwest,Damaged Pack,Call Center,2026-01-22T20:13:00,0.83,False,
7aa5c42d-0a8e-48c7-ab6d-459ba9ec3a99,Resealable Bag v2 - New Lid arrived torn,Granola Bar,Resealable Bag v2 - New Lid,Texas,Damaged Pack,Email,2026-01-22T20:23:00,0.63,False,
6f2951cf-bd49-4fc1-aecb-b9ba6fc3eee5,Ordered Soda Pop got wrong flavor,Soda Pop,Resealable Bag v2 - New Lid,Midwest,Wrong Flavor,Amazon Review,2026-01-22T20:27:00,0.9,False,
c102d083-bde6-449e-b6f2-5186508bbe4b,Resealable Bag v1 leaking in transit to Texas,Soda Pop,Resealable Bag v1,Texas,Leaking,Call Center,2026-01-22T20:33:00,0.88,False,
695d2173-5dae-45c7-ba59-cf64e256d7ad,Ordered Granola Bar got wrong flavor,Granola Bar,Can 330ml,Pacific Northwest,Wrong Flavor,Call Center,2026-01-22T20:37:00,0.82,False,
4e60e673-a1e2-4fdf-9c85-91f28f744f49,"The Can 330ml won't close, goes stale in Northeast",Granola Bar,Can 330ml,Northeast,Seal Failure,Email,2026-01-22T20:40:00,0.72,False,
635814ef-fa8b-46ae-a47b-ff452c6d0fdc,Can 330ml leaking in transit to California,Crunchy Chips,Can 330ml,California,Leaking,Email,2026-01-22T20:42:00,0.62,False,
5fffb18e-10da-4d7f-b06f-2967393a837e,Resealable Bag v2 - New Lid half empty - Crunchy Chips,Crunchy Chips,Resealable Bag v2 - New Lid,Pacific Northwest,Low Fill,Amazon Review,2026-01-22T20:43:00,0.8,False,
4da26214-6bc6-4ce8-b9ae-446779555fdf,Resealable Bag v2 - New Lid leaking in transit to Midwest,Cookies Pack,Resealable Bag v2 - New Lid,Midwest,Leaking,Email,2026-01-22T20:43:00,0.65,False,
06cdec28-a9ce-45b4-93f9-aaa2006bfa75,Resealable Bag v1 half empty - Crunchy Chips,Crunchy Chips,Resealable Bag v1,Pacific Northwest,Low Fill,Twitter,2026-01-22T20:45:00,0.75,False,
f33eb186-ced2-40ba-901a-7a50797f03ff,Ordered Crunchy Chips got wrong flavor,Crunchy Chips,Resealable Bag v2 - New Lid,Northeast,Wrong Flavor,Call Center,2026-01-22T20:57:00,0.75,False,
ef5515e4-8536-4607-81f9-d75ef1019854,Box crushed in shipping to Texas,Granola Bar,Box 200g,Texas,Damaged Pack,Amazon Review,2026-01-22T21:04:00,0.73,False,
b4fe23bb-9082-481b-a0f4-407dede7d6de,Resealable Bag v1 half empty - Soda Pop,Soda Pop,Resealable Bag v1,Midwest,Low Fill,Amazon Review,2026-01-22T21:08:00,0.71,False,
88ff495f-8836-49d8-9929-524e11baee38,"The Resealable Bag v1 won't close, goes stale in Midwest",Granola Bar,Resealable Bag v1,Midwest,Seal Failure,Call Center,2026-01-22T21:12:00,0.66,False,
86af59dc-de01-4c79-b22b-26cf99dab7c5,Resealable Bag v2 - New Lid arrived torn,Granola Bar,Resealable Bag v2 - New Lid,Texas,Damaged Pack,Email,2026-01-22T21:15:00,0.75,False,
22fe99a6-f3ff-4432-aa7e-9bf73020366c,New lid on Can 330ml doesn't seal properly,Cookies Pack,Can 330ml,Northeast,Seal Failure,Amazon Review,2026-01-22T21:16:00,0.73,False,
d1067a76-3ccf-405b-bdc1-05f7eb4a0d87,Resealable Bag v1 leaking in transit to California,Crunchy Chips,Resealable Bag v1,California,Leaking,Email,2026-01-22T21:19:00,0.9,False,
e4c6bd74-008c-4f03-8255-eab215cc18d9,Soda Pop tastes stale from California,Soda Pop,Resealable Bag v2 - New Lid,California,Stale Taste,Email,2026-01-22T21:53:00,0.7,False,
d150b5f9-0fa1-419c-a709-8f1a30819261,Ordered Crunchy Chips got wrong flavor,Crunchy Chips,Can 330ml,California,Wrong Flavor,Twitter,2026-01-22T22:03:00,0.73,False,
437e00d3-ce5a-4df5-99b9-92f9830a90d0,Ordered Cookies Pack got wrong flavor,Cookies Pack,Resealable Bag v2 - New Lid,California,Wrong Flavor,Email,2026-01-22T22:06:00,0.63,False,
4cae14be-0a56-4905-b935-ce1ebc21760d,Ordered Cookies Pack got wrong flavor,Cookies Pack,Resealable Bag v1,Midwest,Wrong Flavor,Call Center,2026-01-22T22:07:00,0.88,False,
e800fa58-e8af-4287-996a-8e5424956f17,Box crushed in shipping to Texas,Cookies Pack,Resealable Bag v2 - New Lid,Texas,Damaged Pack,Twitter,2026-01-22T22:08:00,0.67,False,
f36de79f-3c92-4d4c-a879-31d4c361d250,Granola Bar tastes stale from Pacific Northwest,Granola Bar,Resealable Bag v2 - New Lid,Pacific Northwest,Stale Taste,Twitter,2026-01-22T22:14:00,0.69,False,
f6b72bbd-bbbb-48ea-80b4-701b8769454c,Box crushed in shipping to Northeast,Crunchy Chips,Can 330ml,Northeast,Damaged Pack,Twitter,2026-01-22T22:16:00,0.88,False,
9e1d3dd7-01c6-4cb6-a226-de8dbce51903,Can 330ml half empty - Granola Bar,Granola Bar,Can 330ml,Northeast,Low Fill,Email,2026-01-22T22:18:00,0.86,False,
896add97-c7cb-45c1-9410-8d23d52be533,Ordered Crunchy Chips got wrong flavor,Crunchy Chips,Can 330ml,California,Wrong Flavor,Amazon Review,2026-01-22T22:48:00,0.61,False,
28cf00f2-be3b-4b15-b99d-3d6b1352c7e3,Box 200g half empty - Cookies Pack,Cookies Pack,Box 200g,Midwest,Low Fill,Amazon Review,2026-01-22T22:54:00,0.84,False,
bf252791-75a9-425a-b51a-d69a01392fbe,Box 200g half empty - Granola Bar,Granola Bar,Box 200g,Midwest,Low Fill,Call Center,2026-01-22T23:04:00,0.89,False,
3a5ac670-9718-4285-bba4-cff534b58396,Ordered Cookies Pack got wrong flavor,Cookies Pack,Can 330ml,Pacific Northwest,Wrong Flavor,Twitter,2026-01-22T23:06:00,0.85,False,
9c21e405-81a8-4ae5-aff0-76a80f8bada3,Can 330ml leaking in transit to Pacific Northwest,Cookies Pack,Can 330ml,Pacific Northwest,Leaking,Email,2026-01-22T23:07:00,0.75,False,
666448e1-e3c2-480b-8917-7ac0c09e5dee,Ordered Granola Bar got wrong flavor,Granola Bar,Resealable Bag v1,Northeast,Wrong Flavor,Call Center,2026-01-22T23:12:00,0.92,False,
90404432-2978-4108-b0f0-ad661ee7640f,New lid on Box 200g doesn't seal properly,Granola Bar,Box 200g,Midwest,Seal Failure,Call Center,2026-01-22T23:15:00,0.92,False,
a4bd9284-7802-471d-a499-9e81cf4ead10,Ordered Cookies Pack got wrong flavor,Cookies Pack,Box 200g,Midwest,Wrong Flavor,Amazon Review,2026-01-22T23:31:00,0.73,False,
6ccd6143-2c80-4b8f-9a10-b05118bead29,Box crushed in shipping to Pacific Northwest,Crunchy Chips,Resealable Bag v1,Pacific Northwest,Damaged Pack,Amazon Review,2026-01-22T23:52:00,0.76,False,
9000fd95-1c4b-4323-bf60-245d47f97fcb,Stale Cookies Pack in Resealable Bag v1,Cookies Pack,Resealable Bag v1,California,Stale Taste,Email,2026-01-23T00:02:00,0.71,False,
cd09e629-fc8b-4097-aebb-babe05ce7f62,Resealable Bag v1 half empty - Cookies Pack,Cookies Pack,Resealable Bag v1,Northeast,Low Fill,Amazon Review,2026-01-23T00:11:00,0.91,False,
86fd466e-35b5-4d6d-83f7-a56ad634d84c,Box crushed in shipping to Pacific Northwest,Crunchy Chips,Resealable Bag v1,Pacific Northwest,Damaged Pack,Call Center,2026-01-23T00:22:00,0.89,False,
b4885a16-af9d-44f9-b6d7-a09840ede508,Can 330ml leaking in transit to Northeast,Crunchy Chips,Can 330ml,Northeast,Leaking,Email,2026-01-23T00:25:00,0.8,False,
d897fe64-54cf-4991-990f-428b1bd8a5dd,New lid on Box 200g doesn't seal properly,Cookies Pack,Box 200g,Texas,Seal Failure,Amazon Review,2026-01-23T00:27:00,0.67,False,
b0e6078b-3316-488d-837b-fd42691d1d68,New lid on Resealable Bag v2 - New Lid doesn't seal properly,Crunchy Chips,Resealable Bag v2 - New Lid,California,Seal Failure,Twitter,2026-01-23T00:41:00,0.83,False,
ec6eb3e5-b5dd-4c56-abb8-6d1c3d66d4de,Opened Crunchy Chips and it was stale,Crunchy Chips,Resealable Bag v2 - New Lid,Midwest,Stale Taste,Call Center,2026-01-23T00:45:00,0.91,False,
8f4437b5-643d-450e-aeeb-c6fa07320303,Soda Pop tastes stale from Texas,Soda Pop,Resealable Bag v2 - New Lid,Texas,Stale Taste,Call Center,2026-01-23T00:46:00,0.78,False,
67e11740-983d-4a30-9d23-dd6191d676d4,Ordered Granola Bar got wrong flavor,Granola Bar,Resealable Bag v2 - New Lid,California,Wrong Flavor,Email,2026-01-23T00:55:00,0.77,False,
7bc4bc73-a211-418a-8223-be3cecde866b,Box 200g arrived torn,Soda Pop,Box 200g,Northeast,Damaged Pack,Amazon Review,2026-01-23T00:57:00,0.63,False,
4d129585-8482-4c0c-a413-8df7d43f65f8,"The Resealable Bag v1 won't close, goes stale in Northeast",Soda Pop,Resealable Bag v1,Northeast,Seal Failure,Twitter,2026-01-23T01:26:00,0.9,False,
dacf1076-c38c-45fe-ab91-fa90d7ca7c8f,Box 200g leaking in transit to California,Soda Pop,Box 200g,California,Leaking,Twitter,2026-01-23T01:37:00,0.91,False,
dce95e9a-e897-481f-bd05-c2e8b053b3f2,"The Resealable Bag v1 won't close, goes stale in Texas",Soda Pop,Resealable Bag v1,Texas,Seal Failure,Call Center,2026-01-23T01:42:00,0.65,False,
d7721a8f-b91a-4469-8c1e-2d49724f75a2,"The Can 330ml won't close, goes stale in Texas",Soda Pop,Can 330ml,Texas,Seal Failure,Call Center,2026-01-23T01:45:00,0.86,False,
2f4ca14b-033a-4172-b753-dcf88f66f94d,Stale Soda Pop in Resealable Bag v1,Soda Pop,Resealable Bag v1,Northeast,Stale Taste,Email,2026-01-23T01:46:00,0.73,False,
b1182eba-df40-40e8-97dc-a066b7892198,Resealable Box 200g failed to close - Northeast,Cookies Pack,Box 200g,Northeast,Seal Failure,Amazon Review,2026-01-23T01:56:00,0.66,False,
f0e328a0-9e7d-40c3-8bdd-604c5c7ec21b,Ordered Granola Bar got wrong flavor,Granola Bar,Box 200g,California,Wrong Flavor,Call Center,2026-01-23T02:06:00,0.83,False,
34d5f7be-4347-4737-b220-ac4b9ece8a2e,Cookies Pack tastes stale from Pacific Northwest,Cookies Pack,Resealable Bag v1,Pacific Northwest,Stale Taste,Amazon Review,2026-01-23T02:12:00,0.84,False,
2317c54c-1659-458a-8961-246f2b76d823,Stale Crunchy Chips in Can 330ml,Crunchy Chips,Can 330ml,Northeast,Stale Taste,Twitter,2026-01-23T02:16:00,0.83,False,
572fc59a-2d2a-4fc5-8dd9-f008f17495bb,Ordered Cookies Pack got wrong flavor,Cookies Pack,Resealable Bag v2 - New Lid,California,Wrong Flavor,Email,2026-01-23T02:19:00,0.88,False,
463f2d07-a522-4731-a5ab-468d34c2c440,Can 330ml half empty - Cookies Pack,Cookies Pack,Can 330ml,Northeast,Low Fill,Twitter,2026-01-23T02:21:00,0.82,False,
8c27e64d-5947-4cad-b9c4-b6bf80b1c8ec,Can 330ml half empty - Granola Bar,Granola Bar,Can 330ml,Pacific Northwest,Low Fill,Amazon Review,2026-01-23T02:33:00,0.87,False,
d7ad7fd6-f5c3-488d-aec6-ceb7bd75ddf4,"The Resealable Bag v2 - New Lid won't close, goes stale in Texas",Granola Bar,Resealable Bag v2 - New Lid,Texas,Seal Failure,Twitter,2026-01-23T02:37:00,0.92,False,
1253e44e-3380-48d6-89b8-2b4997289738,Box crushed in shipping to Northeast,Granola Bar,Can 330ml,Northeast,Damaged Pack,Twitter,2026-01-23T02:42:00,0.86,False,
52720b96-e1cc-45de-9c0b-858cf564e827,Resealable Bag v2 - New Lid leaking in transit to Texas,Crunchy Chips,Resealable Bag v2 - New Lid,Texas,Leaking,Twitter,2026-01-23T02:48:00,0.62,False,
4b2eff02-fa21-4e98-b7b9-0e0c0f9300f3,Can 330ml leaking in transit to Pacific Northwest,Cookies Pack,Can 330ml,Pacific Northwest,Leaking,Amazon Review,2026-01-23T02:50:00,0.77,False,
ff7f1fa6-a504-47b0-83d3-27f9f7637adf,Ordered Crunchy Chips got wrong flavor,Crunchy Chips,Box 200g,Midwest,Wrong Flavor,Amazon Review,2026-01-23T02:52:00,0.69,False,
f738aeb1-51a8-4126-9d50-5cd227178bdd,Can 330ml half empty - Crunchy Chips,Crunchy Chips,Can 330ml,California,Low Fill,Email,2026-01-23T02:53:00,0.8,False,
d838510e-d388-4d2b-ad90-c59865de7fb0,Soda Pop tastes stale from Midwest,Soda Pop,Box 200g,Midwest,Stale Taste,Email,2026-01-23T02:54:00,0.84,False,
7d913c94-103a-452a-ac73-e584e97fbc51,Granola Bar tastes stale from Northeast,Granola Bar,Box 200g,Northeast,Stale Taste,Twitter,2026-01-23T03:12:00,0.7,False,
2c3a3032-6806-44ba-a939-065853438edc,Soda Pop tastes stale from California,Soda Pop,Box 200g,California,Stale Taste,Twitter,2026-01-23T03:46:00,0.89,False,
bd5d9db1-37db-473e-8bde-49cc96a2b426,Can 330ml leaking in transit to Northeast,Granola Bar,Can 330ml,Northeast,Leaking,Call Center,2026-01-23T03:46:00,0.69,False,
e1f7885a-f539-4564-a186-9787c31ba62d,New lid on Resealable Bag v1 doesn't seal properly,Cookies Pack,Resealable Bag v1,Pacific Northwest,Seal Failure,Twitter,2026-01-23T03:51:00,0.82,False,
512fdd1e-6d31-4ce2-80d4-28ac7c8626cd,Resealable Bag v1 half empty - Cookies Pack,Cookies Pack,Resealable Bag v1,California,Low Fill,Twitter,2026-01-23T03:55:00,0.7,False,
d9173c7f-5e6d-454c-aa6a-6fdcb18887a8,Ordered Granola Bar got wrong flavor,Granola Bar,Resealable Bag v2 - New Lid,California,Wrong Flavor,Call Center,2026-01-23T04:36:00,0.69,False,
a846f3ec-62a1-4f3d-9cab-81a4f9c2ecd5,New lid on Box 200g doesn't seal properly,Cookies Pack,Box 200g,Texas,Seal Failure,Twitter,2026-01-23T04:43:00,0.74,False,
7ac4f479-89f5-4bed-8bbc-a5f4c77f3614,Ordered Cookies Pack got wrong flavor,Cookies Pack,Resealable Bag v1,Northeast,Wrong Flavor,Twitter,2026-01-23T04:57:00,0.89,False,
564c76bb-6297-48b0-84c4-f43e2454243c,Soda Pop tastes stale from Pacific Northwest,Soda Pop,Resealable Bag v1,Pacific Northwest,Stale Taste,Call Center,2026-01-23T05:16:00,0.75,False,
309ca2d4-7112-4ec5-9308-58757adbeb2d,Can 330ml leaking in transit to Texas,Cookies Pack,Can 330ml,Texas,Leaking,Amazon Review,2026-01-23T05:18:00,0.73,False,
5655ca6c-ae93-4ff6-8f06-82607f0b3f36,Opened Crunchy Chips and it was stale,Crunchy Chips,Can 330ml,Midwest,Stale Taste,Email,2026-01-23T05:29:00,0.72,False,
c646dd9a-06d0-4f4e-b3c2-cc155b81427b,Soda Pop tastes stale from Northeast,Soda Pop,Resealable Bag v2 - New Lid,Northeast,Stale Taste,Email,2026-01-23T05:56:00,0.7,False,
0f90afd4-b82c-47bc-b233-e9dee631de36,Box 200g arrived torn,Granola Bar,Box 200g,California,Damaged Pack,Email,2026-01-23T06:07:00,0.84,False,
2263f655-6ab3-405a-b1e7-fdcfeba53e8b,Resealable Bag v2 - New Lid leaking in transit to Texas,Cookies Pack,Resealable Bag v2 - New Lid,Texas,Leaking,Amazon Review,2026-01-23T06:18:00,0.66,False,
c37a950f-27c3-4165-8c6c-dafcaa342f14,Resealable Bag v2 - New Lid arrived torn,Crunchy Chips,Resealable Bag v2 - New Lid,California,Damaged Pack,Call Center,2026-01-23T06:39:00,0.63,False,
e17e6031-5e11-4d73-8358-a4a794b56740,Resealable Bag v1 half empty - Cookies Pack,Cookies Pack,Resealable Bag v1,California,Low Fill,Email,2026-01-23T07:02:00,0.82,False,
04f0cadc-8d02-4ebc-812d-b325c477cde6,Box crushed in shipping to Midwest,Crunchy Chips,Box 200g,Midwest,Damaged Pack,Call Center,2026-01-23T07:25:00,0.6,False,
709c47af-d70b-4dd8-8aa7-cab3cbd6cec0,"The Resealable Bag v1 won't close, goes stale in Texas",Crunchy Chips,Resealable Bag v1,Texas,Seal Failure,Email,2026-01-23T07:26:00,0.75,False,
7c3e3421-a266-451e-8112-ab12ad0e6ec5,Ordered Soda Pop got wrong flavor,Soda Pop,Box 200g,Northeast,Wrong Flavor,Call Center,2026-01-23T07:40:00,0.66,False,
3f833e9a-4596-4e73-ada5-633e812fe7b3,Box 200g leaking in transit to Midwest,Granola Bar,Box 200g,Midwest,Leaking,Twitter,2026-01-23T08:08:00,0.89,False,
6d570bfb-9dd0-437b-b617-aa19e8318ade,Resealable Bag v2 - New Lid leaking in transit to Northeast,Cookies Pack,Resealable Bag v2 - New Lid,Northeast,Leaking,Amazon Review,2026-01-23T08:16:00,0.75,False,
43af2012-3ef2-4587-901e-113148c88558,Box crushed in shipping to California,Granola Bar,Resealable Bag v1,California,Damaged Pack,Amazon Review,2026-01-23T08:17:00,0.87,False,
4d4210ee-ed52-4dc9-9e33-e3a61a5c5e86,Box crushed in shipping to California,Granola Bar,Resealable Bag v1,California,Damaged Pack,Twitter,2026-01-23T08:42:00,0.63,False,
af8f59bd-1eb1-4934-b81e-c78eeaa95922,Opened Soda Pop and it was stale,Soda Pop,Resealable Bag v2 - New Lid,California,Stale Taste,Call Center,2026-01-23T08:47:00,0.73,False,
25338ee0-d2cb-443c-8743-f990d29cc136,Resealable Bag v2 - New Lid half empty - Soda Pop,Soda Pop,Resealable Bag v2 - New Lid,Midwest,Low Fill,Amazon Review,2026-01-23T08:49:00,0.82,False,
c9f4be91-83cf-4fd5-8703-f97b49af0867,Ordered Granola Bar got wrong flavor,Granola Bar,Can 330ml,Northeast,Wrong Flavor,Twitter,2026-01-23T08:50:00,0.9,False,
a79a03b3-5614-4e37-a40a-b5f6e077db88,Resealable Bag v2 - New Lid half empty - Granola Bar,Granola Bar,Resealable Bag v2 - New Lid,Pacific Northwest,Low Fill,Email,2026-01-23T08:52:00,0.67,False,
82a200e8-ca24-4a36-bcca-6c8e5d379bb4,Box 200g leaking in transit to Midwest,Cookies Pack,Box 200g,Midwest,Leaking,Call Center,2026-01-23T08:55:00,0.66,False,
ce87de9c-f9d8-4c14-9b95-36fb5e0fd6bb,Ordered Crunchy Chips got wrong flavor,Crunchy Chips,Can 330ml,California,Wrong Flavor,Twitter,2026-01-23T09:00:00,0.89,False,
8d6bef69-d5fe-4496-bada-5bf35e182075,Box 200g arrived torn,Cookies Pack,Box 200g,Texas,Damaged Pack,Amazon Review,2026-01-23T09:03:00,0.77,False,
be733bc5-9e42-4ae2-a9c8-ddc03eacb3f1,"The Resealable Bag v1 won't close, goes stale in Midwest",Crunchy Chips,Resealable Bag v1,Midwest,Seal Failure,Amazon Review,2026-01-23T09:08:00,0.84,False,
3bc56f83-8fa2-473c-9eb7-17e181bed0e1,Resealable Bag v2 - New Lid leaking in transit to Pacific Northwest,Cookies Pack,Resealable Bag v2 - New Lid,Pacific Northwest,Leaking,Call Center,2026-01-23T09:26:00,0.6,False,
d71e0749-7b72-496b-a110-24e6c227f151,Resealable Bag v1 leaking in transit to Pacific Northwest,Crunchy Chips,Resealable Bag v1,Pacific Northwest,Leaking,Twitter,2026-01-23T09:48:00,0.81,False,
d8ddf9f6-4138-4b09-9304-0deee719ce64,Stale Crunchy Chips in Resealable Bag v2 - New Lid,Crunchy Chips,Resealable Bag v2 - New Lid,California,Stale Taste,Amazon Review,2026-01-23T09:52:00,0.69,False,
a7e5842e-ecae-4ab8-a3e7-229800cb781a,Box 200g leaking in transit to Northeast,Soda Pop,Box 200g,Northeast,Leaking,Amazon Review,2026-01-23T10:05:00,0.93,False,
2a62b6ad-5135-4ae8-a4b3-cb55eafcb158,Resealable Bag v1 half empty - Granola Bar,Granola Bar,Resealable Bag v1,Midwest,Low Fill,Call Center,2026-01-23T10:11:00,0.65,False,
df9373fc-8a9c-431a-a402-e9fe19130142,Can 330ml half empty - Granola Bar,Granola Bar,Can 330ml,California,Low Fill,Twitter,2026-01-23T10:29:00,0.88,False,
40970d36-9216-4f3e-9f9b-771423374054,Can 330ml leaking in transit to Midwest,Soda Pop,Can 330ml,Midwest,Leaking,Email,2026-01-23T10:29:00,0.68,False,
c98d283e-6f37-4f6e-a656-58bc14d64491,Can 330ml half empty - Soda Pop,Soda Pop,Can 330ml,California,Low Fill,Twitter,2026-01-23T10:40:00,0.9,False,
42cca190-5163-4e8e-af33-dc20cb23599c,Can 330ml leaking in transit to Northeast,Soda Pop,Can 330ml,Northeast,Leaking,Twitter,2026-01-23T10:50:00,0.76,False,
a7879703-fbf1-4d90-bbe0-099b161df352,"The Can 330ml won't close, goes stale in Pacific Northwest",Crunchy Chips,Can 330ml,Pacific Northwest,Seal Failure,Amazon Review,2026-01-23T10:57:00,0.88,False,
d00a0a1b-4e06-4f79-addc-019def1e11ab,Resealable Bag v2 - New Lid leaking in transit to Midwest,Soda Pop,Resealable Bag v2 - New Lid,Midwest,Leaking,Call Center,2026-01-23T11:05:00,0.85,False,
a47b4aa7-d1d5-4a42-b058-4e73d3155741,Box 200g half empty - Granola Bar,Granola Bar,Box 200g,Texas,Low Fill,Email,2026-01-23T11:12:00,0.78,False,
881b1cb2-4f67-413e-a5e6-7ed6f88642b5,Can 330ml half empty - Crunchy Chips,Crunchy Chips,Can 330ml,Midwest,Low Fill,Call Center,2026-01-23T11:23:00,0.9,False,
34eac5f4-5f4e-46d0-8205-1e127cff3b23,Ordered Soda Pop got wrong flavor,Soda Pop,Box 200g,Texas,Wrong Flavor,Amazon Review,2026-01-23T11:24:00,0.64,False,
4f3dc712-7bc6-4339-b52e-4c4bf5de1f62,Box 200g half empty - Cookies Pack,Cookies Pack,Box 200g,California,Low Fill,Amazon Review,2026-01-23T11:29:00,0.84,False,
c7e9d6f3-3495-4cbd-8659-8df7ff817937,Can 330ml half empty - Crunchy Chips,Crunchy Chips,Can 330ml,California,Low Fill,Call Center,2026-01-23T11:30:00,0.85,False,
ab9c5a5c-8799-4bc7-8615-9c04e3c4c141,Resealable Bag v1 leaking in transit to California,Soda Pop,Resealable Bag v1,California,Leaking,Twitter,2026-01-23T11:49:00,0.79,False,
cf07e4e7-0af9-464d-b8a7-0706f427bae9,Resealable Bag v2 - New Lid arrived torn,Cookies Pack,Resealable Bag v2 - New Lid,California,Damaged Pack,Call Center,2026-01-23T12:05:00,0.75,False,
d1bcb49d-1c23-4273-97c0-cdcc5c55bba8,Can 330ml half empty - Cookies Pack,Cookies Pack,Can 330ml,Northeast,Low Fill,Call Center,2026-01-23T12:32:00,0.92,False,
943272ba-cf6c-4da2-824c-86647f9b8a59,Box 200g half empty - Cookies Pack,Cookies Pack,Box 200g,California,Low Fill,Twitter,2026-01-23T12:35:00,0.83,False,
5009daff-4fc0-4bb5-8dad-c7bbb50ce6a9,"The Resealable Bag v2 - New Lid won't close, goes stale in California",Crunchy Chips,Resealable Bag v2 - New Lid,California,Seal Failure,Email,2026-01-23T12:38:00,0.91,False,
8d466a80-35de-4d5d-8393-320a5739a5c9,"The Resealable Bag v2 - New Lid won't close, goes stale in Midwest",Cookies Pack,Resealable Bag v2 - New Lid,Midwest,Seal Failure,Twitter,2026-01-23T12:43:00,0.65,False,
e2576390-cc4c-4fdc-902a-9f99c151ebe1,Resealable Bag v1 arrived torn,Cookies Pack,Resealable Bag v1,Pacific Northwest,Damaged Pack,Call Center,2026-01-23T12:44:00,0.79,False,
edeaf600-715b-427a-b1a5-b28293889bb1,Resealable Box 200g failed to close - Pacific Northwest,Cookies Pack,Box 200g,Pacific Northwest,Seal Failure,Twitter,2026-01-23T12:46:00,0.93,False,
37778c36-5279-4d48-bcfa-790459858f88,Opened Crunchy Chips and it was stale,Crunchy Chips,Can 330ml,Texas,Stale Taste,Amazon Review,2026-01-23T12:49:00,0.86,False,
ddf60a1b-03ff-48e8-9970-6e63ef877573,Resealable Bag v1 half empty - Crunchy Chips,Crunchy Chips,Resealable Bag v1,Pacific Northwest,Low Fill,Call Center,2026-01-23T12:58:00,0.66,False,
2aa6fdac-e7e5-4e13-9608-4e8344017b51,Box crushed in shipping to California,Cookies Pack,Resealable Bag v1,California,Damaged Pack,Twitter,2026-01-23T13:14:00,0.94,False,
563fb64e-1fa6-4c79-a9bf-4f8b0c188b4f,Box crushed in shipping to Texas,Soda Pop,Resealable Bag v1,Texas,Damaged Pack,Call Center,2026-01-23T13:21:00,0.76,False,
77d32f8b-6a9d-49d4-a9a4-d4b36275d5b1,Opened Crunchy Chips and it was stale,Crunchy Chips,Resealable Bag v1,Texas,Stale Taste,Amazon Review,2026-01-23T13:38:00,0.65,False,
676e21d3-6262-4b31-a72b-30c4278ec1a6,Stale Granola Bar in Resealable Bag v1,Granola Bar,Resealable Bag v1,Texas,Stale Taste,Amazon Review,2026-01-23T13:38:00,0.64,False,
8f36ba01-12d3-4bb3-9670-011ff6f5c011,Box crushed in shipping to Midwest,Soda Pop,Resealable Bag v1,Midwest,Damaged Pack,Call Center,2026-01-23T13:44:00,0.73,False,
a3aca53f-25a7-4601-b779-a001bde1d255,New lid on Can 330ml doesn't seal properly,Crunchy Chips,Can 330ml,California,Seal Failure,Twitter,2026-01-23T13:50:00,0.62,False,
d6cd7f17-c57d-40f5-8cff-bbd99057c3ab,Box crushed in shipping to California,Soda Pop,Can 330ml,California,Damaged Pack,Call Center,2026-01-23T13:57:00,0.74,False,
333a081b-1cc0-4c4f-a14e-c01500c5a9c5,Can 330ml half empty - Cookies Pack,Cookies Pack,Can 330ml,Northeast,Low Fill,Email,2026-01-23T14:00:00,0.89,False,
083edb41-6676-4d54-977b-a91aa0ce861b,Resealable Resealable Bag v2 - New Lid failed to close - California,Crunchy Chips,Resealable Bag v2 - New Lid,California,Seal Failure,Amazon Review,2026-01-23T14:06:00,0.79,False,
dbed6d0b-3205-43d8-8f14-fcb9d0bd80a4,Resealable Bag v2 - New Lid arrived torn,Soda Pop,Resealable Bag v2 - New Lid,Northeast,Damaged Pack,Amazon Review,2026-01-23T14:43:00,0.73,False,
d48b82e4-64a0-4a03-bfc4-8bb30ab9e468,Box crushed in shipping to Texas,Soda Pop,Box 200g,Texas,Damaged Pack,Amazon Review,2026-01-23T14:43:00,0.9,False,
e162e341-5d40-4930-bce7-cec11bf60f89,Box 200g half empty - Granola Bar,Granola Bar,Box 200g,Texas,Low Fill,Call Center,2026-01-23T14:49:00,0.88,False,
b1e55eab-ea55-4506-afca-c9ada64ddd96,Ordered Granola Bar got wrong flavor,Granola Bar,Resealable Bag v2 - New Lid,Texas,Wrong Flavor,Twitter,2026-01-23T14:51:00,0.84,False,
ec42f644-c885-4eb2-b5b9-23669264e92a,Resealable Bag v2 - New Lid arrived torn,Soda Pop,Resealable Bag v2 - New Lid,Pacific Northwest,Damaged Pack,Call Center,2026-01-23T14:58:00,0.76,False,
6fc7ae5d-de78-46c1-8dc0-1d70507f1b52,Resealable Bag v2 - New Lid half empty - Granola Bar,Granola Bar,Resealable Bag v2 - New Lid,California,Low Fill,Amazon Review,2026-01-23T14:59:00,0.86,False,
7515febc-06d6-4fa9-b848-f056d0e8a934,Box crushed in shipping to Texas,Cookies Pack,Resealable Bag v1,Texas,Damaged Pack,Twitter,2026-01-23T15:06:00,0.94,False,
772b99c9-30b1-40a4-b3c3-5bcd13ad26a5,Resealable Bag v1 arrived torn,Crunchy Chips,Resealable Bag v1,Midwest,Damaged Pack,Email,2026-01-23T15:19:00,0.81,False,
593e17d0-967d-44f2-90f8-a5554b5b9144,Cookies Pack tastes stale from Midwest,Cookies Pack,Resealable Bag v1,Midwest,Stale Taste,Twitter,2026-01-23T15:51:00,0.69,False,
55ae95f5-4f84-4295-bac3-55dc7327002b,Granola Bar tastes stale from Midwest,Granola Bar,Can 330ml,Midwest,Stale Taste,Email,2026-01-23T15:57:00,0.78,False,
941b4f7d-b252-4c1e-a91f-1d95ed7289a0,New lid on Box 200g doesn't seal properly,Crunchy Chips,Box 200g,Pacific Northwest,Seal Failure,Amazon Review,2026-01-23T16:03:00,0.64,False,
44d6d985-fdac-4d4e-b24c-b8c662dd2866,Ordered Granola Bar got wrong flavor,Granola Bar,Box 200g,Midwest,Wrong Flavor,Email,2026-01-23T16:21:00,0.71,False,
70098ce1-e03a-4afc-be46-58460ba9c1f6,Ordered Crunchy Chips got wrong flavor,Crunchy Chips,Resealable Bag v2 - New Lid,Northeast,Wrong Flavor,Email,2026-01-23T16:35:00,0.89,False,
507e7a3e-5224-46d0-80a0-c3168d6062a1,Ordered Granola Bar got wrong flavor,Granola Bar,Box 200g,Texas,Wrong Flavor,Amazon Review,2026-01-23T16:45:00,0.72,False,
7bc7a00c-eb98-4992-a55d-60a8dc2f202f,Granola Bar tastes stale from Pacific Northwest,Granola Bar,Can 330ml,Pacific Northwest,Stale Taste,Amazon Review,2026-01-23T16:46:00,0.72,False,
a7aaf7e9-8f9a-4c1b-bb8e-19477c6e6bf9,Resealable Bag v2 - New Lid arrived torn,Crunchy Chips,Resealable Bag v2 - New Lid,Pacific Northwest,Damaged Pack,Twitter,2026-01-23T16:55:00,0.66,False,
f9c22678-0cba-44c0-bb6c-7363522229d8,Ordered Cookies Pack got wrong flavor,Cookies Pack,Resealable Bag v1,Pacific Northwest,Wrong Flavor,Email,2026-01-23T16:56:00,0.87,False,
c7c87808-b4b4-4595-adca-7ac75fe2b494,Resealable Bag v1 leaking in transit to California,Granola Bar,Resealable Bag v1,California,Leaking,Amazon Review,2026-01-23T17:10:00,0.66,False,
8ff60468-8ca3-4475-939e-5d5ec624db4d,Resealable Bag v1 leaking in transit to Midwest,Cookies Pack,Resealable Bag v1,Midwest,Leaking,Call Center,2026-01-23T17:11:00,0.61,False,
29d70e68-f22c-4630-a0fa-a43bf1df1fc4,Box 200g half empty - Crunchy Chips,Crunchy Chips,Box 200g,Pacific Northwest,Low Fill,Twitter,2026-01-23T17:17:00,0.76,False,
bd297282-8dbe-456a-989f-79f4fe49a80f,Box 200g arrived torn,Cookies Pack,Box 200g,Texas,Damaged Pack,Email,2026-01-23T17:18:00,0.94,False,
9aad92c8-fbfd-4dfd-ab67-b825b68d77c0,Box crushed in shipping to California,Soda Pop,Resealable Bag v1,California,Damaged Pack,Email,2026-01-23T17:19:00,0.72,False,
15706820-6562-4897-803b-39d69cac002c,"The Resealable Bag v2 - New Lid won't close, goes stale in Texas",Soda Pop,Resealable Bag v2 - New Lid,Texas,Seal Failure,Twitter,2026-01-23T17:35:00,0.92,False,
e712e6b1-dd52-40a3-a2af-9968770551da,Resealable Bag v2 - New Lid half empty - Crunchy Chips,Crunchy Chips,Resealable Bag v2 - New Lid,Texas,Low Fill,Amazon Review,2026-01-23T17:45:00,0.64,False,
9572eebb-9e81-4770-a4ee-9fd1283d60be,Resealable Bag v2 - New Lid arrived torn,Soda Pop,Resealable Bag v2 - New Lid,California,Damaged Pack,Amazon Review,2026-01-23T17:47:00,0.6,False,
0f1205ac-4584-475c-a563-09bd62f477dc,Resealable Bag v2 - New Lid arrived torn,Soda Pop,Resealable Bag v2 - New Lid,Midwest,Damaged Pack,Email,2026-01-23T17:48:00,0.75,False,
94023736-4b6a-4572-ae47-436c39c6f060,Box 200g half empty - Soda Pop,Soda Pop,Box 200g,Northeast,Low Fill,Twitter,2026-01-23T17:56:00,0.74,False,
d7aa663a-891b-4986-93e5-b063d6e3e908,Resealable Box 200g failed to close - Northeast,Granola Bar,Box 200g,Northeast,Seal Failure,Email,2026-01-23T18:01:00,0.92,False,
6d769332-b2d1-48a8-8400-537e5d533805,Resealable Bag v1 leaking in transit to California,Cookies Pack,Resealable Bag v1,California,Leaking,Amazon Review,2026-01-23T18:03:00,0.74,False,
8cb69855-ebda-4c4e-b202-914f30f37de5,Can 330ml half empty - Granola Bar,Granola Bar,Can 330ml,Pacific Northwest,Low Fill,Call Center,2026-01-23T18:07:00,0.89,False,
27e14651-ee5a-4201-9acb-eee70c446c23,Box crushed in shipping to Pacific Northwest,Granola Bar,Box 200g,Pacific Northwest,Damaged Pack,Amazon Review,2026-01-23T18:24:00,0.65,False,
edcbbf3e-684d-4d68-96bb-5a14b465915b,"The Box 200g won't close, goes stale in Midwest",Cookies Pack,Box 200g,Midwest,Seal Failure,Email,2026-01-23T18:24:00,0.83,False,
87b95be9-48ce-4dce-8b7b-0b36219ec237,Can 330ml half empty - Granola Bar,Granola Bar,Can 330ml,Pacific Northwest,Low Fill,Email,2026-01-23T18:33:00,0.86,False,
819510e2-898f-44b0-a0c0-922dd0ea3454,Opened Cookies Pack and it was stale,Cookies Pack,Resealable Bag v1,California,Stale Taste,Call Center,2026-01-23T18:35:00,0.69,False,
73a1c60a-7852-42fb-80df-640a2b2eebda,Ordered Soda Pop got wrong flavor,Soda Pop,Resealable Bag v1,Texas,Wrong Flavor,Email,2026-01-23T18:36:00,0.86,False,
be5a8644-5912-4dd5-874d-887a403b7d50,Resealable Bag v2 - New Lid half empty - Cookies Pack,Cookies Pack,Resealable Bag v2 - New Lid,California,Low Fill,Email,2026-01-23T18:55:00,0.88,False,
bfb759ed-3b28-4430-98f6-c229cc0990d6,Box 200g leaking in transit to Pacific Northwest,Cookies Pack,Box 200g,Pacific Northwest,Leaking,Amazon Review,2026-01-23T18:56:00,0.75,False,
d534cc74-8212-4db4-b37e-9378008d6db2,Resealable Bag v1 half empty - Crunchy Chips,Crunchy Chips,Resealable Bag v1,California,Low Fill,Twitter,2026-01-23T18:58:00,0.65,False,
047c522a-f299-435e-94d5-054dd1a3f438,Ordered Cookies Pack got wrong flavor,Cookies Pack,Resealable Bag v1,Midwest,Wrong Flavor,Twitter,2026-01-23T19:15:00,0.83,False,
93000e5c-37b8-4772-881f-2eceb61bbe83,Box crushed in shipping to Pacific Northwest,Crunchy Chips,Box 200g,Pacific Northwest,Damaged Pack,Call Center,2026-01-23T19:43:00,0.94,False,
b1b0565e-fc70-4bf1-94cb-4ca92d453e38,Box 200g half empty - Soda Pop,Soda Pop,Box 200g,California,Low Fill,Email,2026-01-23T19:49:00,0.69,False,
e23188ba-df8b-4000-ba4f-7d67b0a20c35,Cookies Pack tastes stale from California,Cookies Pack,Can 330ml,California,Stale Taste,Amazon Review,2026-01-23T20:05:00,0.84,False,
58fd17b3-8dbb-46e2-9a61-2bf57143cc04,Resealable Bag v2 - New Lid half empty - Granola Bar,Granola Bar,Resealable Bag v2 - New Lid,California,Low Fill,Twitter,2026-01-23T20:09:00,0.75,False,
60c0060e-46bf-4ca0-8b9b-a1266b341620,Resealable Bag v1 leaking in transit to California,Crunchy Chips,Resealable Bag v1,California,Leaking,Call Center,2026-01-23T20:21:00,0.87,False,
578272cd-5955-483d-be44-2f03ba91c2af,Box 200g half empty - Granola Bar,Granola Bar,Box 200g,Texas,Low Fill,Twitter,2026-01-23T20:21:00,0.63,False,
364d3df1-2e44-4c94-8de1-392fd626705b,Box crushed in shipping to Midwest,Cookies Pack,Resealable Bag v2 - New Lid,Midwest,Damaged Pack,Amazon Review,2026-01-23T20:31:00,0.81,False,
ef4da20f-ec36-456b-bd72-10e2ec3d66f0,Resealable Bag v1 arrived torn,Soda Pop,Resealable Bag v1,California,Damaged Pack,Email,2026-01-23T20:37:00,0.86,False,
33430857-71ae-44ee-b81f-0e181e6b5479,"The Resealable Bag v2 - New Lid won't close, goes stale in Northeast",Cookies Pack,Resealable Bag v2 - New Lid,Northeast,Seal Failure,Amazon Review,2026-01-23T20:44:00,0.71,False,
78c7133d-c9c8-4d12-9acd-d8f785305188,New lid on Resealable Bag v2 - New Lid doesn't seal properly,Cookies Pack,Resealable Bag v2 - New Lid,California,Seal Failure,Amazon Review,2026-01-23T21:07:00,0.61,False,
34a9991f-e902-479a-9f1d-a2df0e90e953,Resealable Bag v2 - New Lid leaking in transit to Northeast,Soda Pop,Resealable Bag v2 - New Lid,Northeast,Leaking,Amazon Review,2026-01-23T21:15:00,0.73,False,
74bba744-f991-4836-9512-a37a19ec4eb1,Opened Soda Pop and it was stale,Soda Pop,Resealable Bag v1,California,Stale Taste,Email,2026-01-23T21:25:00,0.77,False,
585cdb7c-58d0-44b7-b0f0-d4a4988c01bf,Ordered Crunchy Chips got wrong flavor,Crunchy Chips,Can 330ml,Pacific Northwest,Wrong Flavor,Call Center,2026-01-23T21:41:00,0.7,False,
5031ebfe-9080-4c89-9750-8ec03115d015,Granola Bar tastes stale from Northeast,Granola Bar,Box 200g,Northeast,Stale Taste,Amazon Review,2026-01-23T21:48:00,0.67,False,
fe6029e5-d10f-4ff3-a5bd-89ef99416d8c,Resealable Bag v1 arrived torn,Granola Bar,Resealable Bag v1,Texas,Damaged Pack,Email,2026-01-23T21:48:00,0.6,False,
914cc41b-4989-4a6f-a499-394eb2d36184,Box crushed in shipping to Midwest,Soda Pop,Can 330ml,Midwest,Damaged Pack,Amazon Review,2026-01-23T21:52:00,0.61,False,
5a235f4e-22bd-46a1-aa0e-98045b668a2a,Resealable Can 330ml failed to close - Texas,Granola Bar,Can 330ml,Texas,Seal Failure,Twitter,2026-01-23T21:53:00,0.87,False,
d9131376-501e-4899-9f7c-f0d593fc91cf,Box 200g leaking in transit to Midwest,Cookies Pack,Box 200g,Midwest,Leaking,Email,2026-01-23T21:56:00,0.87,False,
26a8e601-530e-4b41-af5d-479edfd64250,Stale Crunchy Chips in Resealable Bag v2 - New Lid,Crunchy Chips,Resealable Bag v2 - New Lid,California,Stale Taste,Amazon Review,2026-01-23T22:02:00,0.91,False,
c2e503a4-54ac-42c6-a04b-7ca341441848,Stale Soda Pop in Resealable Bag v1,Soda Pop,Resealable Bag v1,Midwest,Stale Taste,Twitter,2026-01-23T22:03:00,0.63,False,
32b111c6-d427-4368-8bd7-276c1fbcaee6,Box crushed in shipping to Pacific Northwest,Crunchy Chips,Box 200g,Pacific Northwest,Damaged Pack,Twitter,2026-01-23T22:05:00,0.92,False,
da5251ae-97d6-4eb8-b40a-a30acc5d65f7,Resealable Bag v1 leaking in transit to Northeast,Soda Pop,Resealable Bag v1,Northeast,Leaking,Twitter,2026-01-23T22:11:00,0.73,False,
6ece1bbc-734c-4e80-b6e1-5339a05cc964,Resealable Bag v2 - New Lid leaking in transit to Texas,Crunchy Chips,Resealable Bag v2 - New Lid,Texas,Leaking,Call Center,2026-01-23T22:14:00,0.67,False,
cb0f930a-572a-46eb-a62b-b2294715364f,New lid on Can 330ml doesn't seal properly,Crunchy Chips,Can 330ml,Midwest,Seal Failure,Call Center,2026-01-23T22:15:00,0.72,False,
aac0e022-cf7b-418a-922e-bd8014e48b79,Resealable Bag v2 - New Lid half empty - Soda Pop,Soda Pop,Resealable Bag v2 - New Lid,California,Low Fill,Call Center,2026-01-23T22:26:00,0.73,False,
b87121bb-5118-4a88-b9d4-068f49acd2d3,Opened Granola Bar and it was stale,Granola Bar,Box 200g,California,Stale Taste,Email,2026-01-23T22:30:00,0.78,False,
5efbf3d7-3537-47cd-b0fe-3c7106486470,Box 200g leaking in transit to Midwest,Crunchy Chips,Box 200g,Midwest,Leaking,Amazon Review,2026-01-23T22:40:00,0.75,False,
98c11c68-3cec-4f41-86ad-ed3764a46c41,Ordered Crunchy Chips got wrong flavor,Crunchy Chips,Box 200g,California,Wrong Flavor,Amazon Review,2026-01-23T22:40:00,0.71,False,
4bfc2e97-974f-433e-aaa1-2ac359af77d6,Resealable Box 200g failed to close - Pacific Northwest,Granola Bar,Box 200g,Pacific Northwest,Seal Failure,Twitter,2026-01-23T22:55:00,0.73,False,
57f5517c-cf1b-4c44-b261-d337603e2b7c,Box 200g leaking in transit to Northeast,Granola Bar,Box 200g,Northeast,Leaking,Call Center,2026-01-23T23:00:00,0.66,False,
b82d4571-be2e-4aa7-870e-8a657ec775bf,Resealable Bag v1 half empty - Crunchy Chips,Crunchy Chips,Resealable Bag v1,Midwest,Low Fill,Call Center,2026-01-23T23:03:00,0.74,False,
712dc4cb-cc5e-4e7c-a244-33c16785c298,Resealable Bag v2 - New Lid half empty - Granola Bar,Granola Bar,Resealable Bag v2 - New Lid,Texas,Low Fill,Amazon Review,2026-01-23T23:10:00,0.64,False,
9d6b774e-c378-43fd-9d63-0a95ea5efa4d,Box 200g leaking in transit to Northeast,Crunchy Chips,Box 200g,Northeast,Leaking,Email,2026-01-23T23:23:00,0.84,False,
273f92f5-5603-4159-a5ba-778971a91d0d,Resealable Bag v2 - New Lid half empty - Cookies Pack,Cookies Pack,Resealable Bag v2 - New Lid,Midwest,Low Fill,Email,2026-01-23T23:34:00,0.84,False,
0b017f6d-86e4-4951-9e85-a733177c179c,Can 330ml half empty - Soda Pop,Soda Pop,Can 330ml,California,Low Fill,Amazon Review,2026-01-23T23:37:00,0.63,False,
e7ec0c62-72ae-417d-9c9c-b42e37289294,New lid on Can 330ml doesn't seal properly,Crunchy Chips,Can 330ml,Texas,Seal Failure,Email,2026-01-23T23:43:00,0.83,False,
74633ea8-54ba-42b6-b1ba-b48327c9c210,Ordered Cookies Pack got wrong flavor,Cookies Pack,Resealable Bag v2 - New Lid,Midwest,Wrong Flavor,Email,2026-01-23T23:51:00,0.71,False,
76a8f8b7-f4f0-4f19-8ba1-5bdc73c14f04,Ordered Granola Bar got wrong flavor,Granola Bar,Box 200g,Texas,Wrong Flavor,Amazon Review,2026-01-24T00:01:00,0.77,False,
9e0880df-5ecc-44b7-ad61-545cd53b0507,Opened Cookies Pack and it was stale,Cookies Pack,Box 200g,Northeast,Stale Taste,Twitter,2026-01-24T00:05:00,0.61,False,
3670ac33-db88-429b-805c-7e30916236ed,Resealable Bag v1 half empty - Granola Bar,Granola Bar,Resealable Bag v1,California,Low Fill,Twitter,2026-01-24T00:19:00,0.67,False,
910e9834-0585-4662-afbb-001dcc3402d6,Ordered Soda Pop got wrong flavor,Soda Pop,Can 330ml,Northeast,Wrong Flavor,Amazon Review,2026-01-24T00:21:00,0.78,False,
b30af2f8-985b-4c01-ad51-c94366a90ec6,Box 200g leaking in transit to Pacific Northwest,Cookies Pack,Box 200g,Pacific Northwest,Leaking,Twitter,2026-01-24T00:22:00,0.84,False,
60856e47-6a19-447f-9d0a-1cd0881a0185,Resealable Bag v1 half empty - Cookies Pack,Cookies Pack,Resealable Bag v1,Northeast,Low Fill,Twitter,2026-01-24T00:23:00,0.88,False,
7750b658-c5cd-4d7f-a8e9-56c657b53d7a,"The Resealable Bag v2 - New Lid won't close, goes stale in Northeast",Soda Pop,Resealable Bag v2 - New Lid,Northeast,Seal Failure,Call Center,2026-01-24T00:38:00,0.86,False,
2b311452-6ae0-4a91-9140-56c169c77779,New lid on Can 330ml doesn't seal properly,Soda Pop,Can 330ml,Pacific Northwest,Seal Failure,Amazon Review,2026-01-24T00:51:00,0.63,False,
e72dd62c-4275-4356-8e03-54fc67bcf61d,Resealable Bag v1 half empty - Crunchy Chips,Crunchy Chips,Resealable Bag v1,Midwest,Low Fill,Email,2026-01-24T00:55:00,0.83,False,
7cb7d685-e63e-4b6a-83ce-296fcb4e8a34,Resealable Bag v2 - New Lid leaking in transit to Texas,Cookies Pack,Resealable Bag v2 - New Lid,Texas,Leaking,Email,2026-01-24T00:59:00,0.85,False,
db06871d-ff03-4178-85aa-5127dacc97b2,Stale Cookies Pack in Resealable Bag v1,Cookies Pack,Resealable Bag v1,Pacific Northwest,Stale Taste,Email,2026-01-24T01:06:00,0.94,False,
43668a7d-dfdf-4d80-94a4-88b52b8dd607,Resealable Bag v1 arrived torn,Granola Bar,Resealable Bag v1,Northeast,Damaged Pack,Call Center,2026-01-24T01:17:00,0.8,False,
b31d0e8a-fa83-44e6-9da9-e0378806db35,Box 200g leaking in transit to Midwest,Soda Pop,Box 200g,Midwest,Leaking,Email,2026-01-24T01:44:00,0.95,False,
10c0754d-1201-4580-ada6-bb1c2061d6c8,Opened Soda Pop and it was stale,Soda Pop,Resealable Bag v2 - New Lid,Northeast,Stale Taste,Email,2026-01-24T02:30:00,0.84,False,
d4b3a3b0-2f3c-4002-887d-da23f41d6978,Can 330ml half empty - Cookies Pack,Cookies Pack,Can 330ml,Northeast,Low Fill,Call Center,2026-01-24T02:40:00,0.69,False,
a2c030d2-ae15-4482-b7d5-ee655b9a119f,Box 200g leaking in transit to Northeast,Granola Bar,Box 200g,Northeast,Leaking,Twitter,2026-01-24T02:47:00,0.82,False,
e79268f9-1ee2-4c15-9421-a2e2c720008b,New lid on Resealable Bag v2 - New Lid doesn't seal properly,Crunchy Chips,Resealable Bag v2 - New Lid,California,Seal Failure,Call Center,2026-01-24T02:48:00,0.78,False,
09678e8a-80af-4bae-b75f-7d643592ad8a,Can 330ml leaking in transit to Midwest,Cookies Pack,Can 330ml,Midwest,Leaking,Amazon Review,2026-01-24T03:02:00,0.9,False,
f6c8f014-2c0a-4246-af6a-25ccd2e0a2e1,Resealable Bag v2 - New Lid half empty - Cookies Pack,Cookies Pack,Resealable Bag v2 - New Lid,Texas,Low Fill,Twitter,2026-01-24T03:06:00,0.94,False,
7b42df1e-e70b-42c0-ad99-4864e81bca91,Resealable Bag v2 - New Lid arrived torn,Cookies Pack,Resealable Bag v2 - New Lid,Northeast,Damaged Pack,Amazon Review,2026-01-24T03:06:00,0.93,False,
44fd629a-1542-4210-9a1d-91d5e82682d6,Ordered Soda Pop got wrong flavor,Soda Pop,Resealable Bag v2 - New Lid,Northeast,Wrong Flavor,Twitter,2026-01-24T03:29:00,0.79,False,
1766d0ec-3ec3-4e47-8a80-d6bb9d5cc7ec,New lid on Resealable Bag v1 doesn't seal properly,Crunchy Chips,Resealable Bag v1,Texas,Seal Failure,Email,2026-01-24T03:55:00,0.92,False,
775f71c4-7204-4c06-83ea-409071223b42,Resealable Bag v1 arrived torn,Cookies Pack,Resealable Bag v1,California,Damaged Pack,Twitter,2026-01-24T03:58:00,0.86,False,
a1976efc-6e06-49de-95d1-96423fa5384d,Resealable Bag v1 half empty - Crunchy Chips,Crunchy Chips,Resealable Bag v1,California,Low Fill,Twitter,2026-01-24T04:05:00,0.6,False,
38185d29-5920-4180-9439-8ab549c7f295,Box crushed in shipping to Pacific Northwest,Granola Bar,Box 200g,Pacific Northwest,Damaged Pack,Amazon Review,2026-01-24T04:11:00,0.6,False,
a75e25a6-ecf4-4c34-9ab7-c0c669b61ead,Resealable Bag v2 - New Lid half empty - Cookies Pack,Cookies Pack,Resealable Bag v2 - New Lid,California,Low Fill,Email,2026-01-24T04:38:00,0.63,False,
3b7bd4a1-231d-496e-90b5-d924d40d7564,Ordered Soda Pop got wrong flavor,Soda Pop,Box 200g,California,Wrong Flavor,Email,2026-01-24T04:38:00,0.67,False,
4f4b09ae-125d-4958-a381-07b884a69d24,Box 200g half empty - Soda Pop,Soda Pop,Box 200g,Midwest,Low Fill,Amazon Review,2026-01-24T04:40:00,0.61,False,
8b7d4bda-4787-43b0-81fe-0c9286fcedf1,Ordered Soda Pop got wrong flavor,Soda Pop,Can 330ml,Texas,Wrong Flavor,Amazon Review,2026-01-24T04:46:00,0.86,False,
92a305fd-5475-4b34-8861-0af9efa7ac19,Stale Granola Bar in Resealable Bag v2 - New Lid,Granola Bar,Resealable Bag v2 - New Lid,California,Stale Taste,Call Center,2026-01-24T04:54:00,0.88,False,
a57472c4-de4f-4361-b61e-638c0c0c5933,Ordered Cookies Pack got wrong flavor,Cookies Pack,Box 200g,Texas,Wrong Flavor,Amazon Review,2026-01-24T05:00:00,0.88,False,
0478f837-504d-44f9-bf66-fb13c9b856c7,Ordered Cookies Pack got wrong flavor,Cookies Pack,Resealable Bag v2 - New Lid,Midwest,Wrong Flavor,Email,2026-01-24T05:09:00,0.71,False,
42675b5e-d517-4db1-804a-c289cd977b13,Ordered Soda Pop got wrong flavor,Soda Pop,Box 200g,California,Wrong Flavor,Amazon Review,2026-01-24T05:27:00,0.89,False,
3792d189-e78d-43dd-b2be-72cf749cb703,New lid on Box 200g doesn't seal properly,Cookies Pack,Box 200g,California,Seal Failure,Twitter,2026-01-24T05:36:00,0.87,False,
0f90cfbf-d282-47a1-9330-077dab93ce2f,Resealable Bag v1 leaking in transit to Midwest,Granola Bar,Resealable Bag v1,Midwest,Leaking,Amazon Review,2026-01-24T05:37:00,0.89,False,
a86d730d-b2e8-4aa7-b091-80db73613410,Resealable Box 200g failed to close - Pacific Northwest,Soda Pop,Box 200g,Pacific Northwest,Seal Failure,Email,2026-01-24T05:38:00,0.77,False,
e733a703-0a9b-4147-9d47-46d448c7c5bc,Ordered Soda Pop got wrong flavor,Soda Pop,Box 200g,Northeast,Wrong Flavor,Amazon Review,2026-01-24T05:58:00,0.78,False,
861c0e82-9842-479b-823e-1a3adffe28a7,Resealable Bag v2 - New Lid leaking in transit to Midwest,Granola Bar,Resealable Bag v2 - New Lid,Midwest,Leaking,Call Center,2026-01-24T06:05:00,0.65,False,
3ca89949-4c41-4f06-9101-4d22a47bdd1e,Resealable Bag v2 - New Lid arrived torn,Soda Pop,Resealable Bag v2 - New Lid,Pacific Northwest,Damaged Pack,Call Center,2026-01-24T06:19:00,0.61,False,
d2b084ea-bab0-48b5-8171-283e6e03e7fc,New lid on Resealable Bag v1 doesn't seal properly,Granola Bar,Resealable Bag v1,California,Seal Failure,Amazon Review,2026-01-24T06:21:00,0.71,False,
8ae55f76-6640-420c-9553-d9480ead3f42,Can 330ml half empty - Cookies Pack,Cookies Pack,Can 330ml,Pacific Northwest,Low Fill,Amazon Review,2026-01-24T06:28:00,0.93,False,
cdd3e271-6e82-4c2b-b529-d210553515f2,Opened Cookies Pack and it was stale,Cookies Pack,Resealable Bag v1,Pacific Northwest,Stale Taste,Call Center,2026-01-24T06:40:00,0.67,False,
33480955-3d5b-4ec5-8b19-1e950c29a2ae,Ordered Crunchy Chips got wrong flavor,Crunchy Chips,Box 200g,Texas,Wrong Flavor,Email,2026-01-24T06:40:00,0.81,False,
ee176d08-87d4-42e0-ba9f-accb07d08353,Box crushed in shipping to Northeast,Soda Pop,Resealable Bag v1,Northeast,Damaged Pack,Call Center,2026-01-24T06:53:00,0.79,False,
6d5feade-8a90-401e-baaa-c25aaa741bc4,Can 330ml half empty - Crunchy Chips,Crunchy Chips,Can 330ml,Pacific Northwest,Low Fill,Email,2026-01-24T06:54:00,0.76,False,
1919ac5a-497e-4d38-b42a-72b08da4882d,Ordered Cookies Pack got wrong flavor,Cookies Pack,Resealable Bag v2 - New Lid,Midwest,Wrong Flavor,Twitter,2026-01-24T07:00:00,0.93,False,
d753267e-5776-4356-afb3-e0787b00bc1f,Opened Cookies Pack and it was stale,Cookies Pack,Resealable Bag v2 - New Lid,Pacific Northwest,Stale Taste,Twitter,2026-01-24T07:06:00,0.72,False,
5b1b3526-d286-4576-b28e-f8b955127ce4,"The Box 200g won't close, goes stale in Pacific Northwest",Crunchy Chips,Box 200g,Pacific Northwest,Seal Failure,Call Center,2026-01-24T07:14:00,0.8,False,
4b315816-7981-4616-a066-51b907a796cd,"The Can 330ml won't close, goes stale in California",Crunchy Chips,Can 330ml,California,Seal Failure,Twitter,2026-01-24T07:16:00,0.72,False,
eb87ac9a-b2ca-4b5a-bb49-a740034fab1d,Box 200g leaking in transit to Midwest,Crunchy Chips,Box 200g,Midwest,Leaking,Call Center,2026-01-24T07:19:00,0.77,False,
d3e6f6fa-773b-4be4-8eae-ac9abcbbe798,Ordered Crunchy Chips got wrong flavor,Crunchy Chips,Box 200g,California,Wrong Flavor,Twitter,2026-01-24T07:20:00,0.74,False,
b51d7a3b-912c-4437-b417-179d4e2d2aa2,Resealable Bag v2 - New Lid half empty - Cookies Pack,Cookies Pack,Resealable Bag v2 - New Lid,California,Low Fill,Call Center,2026-01-24T07:23:00,0.61,False,
9dd0a01e-6206-482d-80ef-504bff269981,Box 200g half empty - Soda Pop,Soda Pop,Box 200g,Northeast,Low Fill,Twitter,2026-01-24T07:27:00,0.89,False,
18c21947-fc85-4018-a0c8-036b64ceba7b,"The Can 330ml won't close, goes stale in Midwest",Cookies Pack,Can 330ml,Midwest,Seal Failure,Call Center,2026-01-24T07:28:00,0.91,False,
ae2624c8-40c2-4ef3-9f0e-164311cddae8,Resealable Bag v1 arrived torn,Soda Pop,Resealable Bag v1,Midwest,Damaged Pack,Call Center,2026-01-24T07:37:00,0.62,False,
b34df338-6811-4185-a46a-9e825d2569a8,Ordered Granola Bar got wrong flavor,Granola Bar,Resealable Bag v1,California,Wrong Flavor,Email,2026-01-24T07:38:00,0.65,False,
76a0eb8a-918f-4d05-93c5-e69548e5e9cd,Box 200g arrived torn,Granola Bar,Box 200g,Northeast,Damaged Pack,Email,2026-01-24T07:42:00,0.8,False,
718a09d0-71af-49fd-97b9-3523fd29adbe,"The Can 330ml won't close, goes stale in Texas",Crunchy Chips,Can 330ml,Texas,Seal Failure,Email,2026-01-24T07:43:00,0.75,False,
fd298988-e4a9-453f-8c84-809539f9ad10,Box crushed in shipping to Northeast,Granola Bar,Resealable Bag v2 - New Lid,Northeast,Damaged Pack,Amazon Review,2026-01-24T07:48:00,0.78,False,
1aa785d3-384d-47f0-8819-6e0ded355150,New lid on Box 200g doesn't seal properly,Granola Bar,Box 200g,Northeast,Seal Failure,Amazon Review,2026-01-24T08:02:00,0.93,False,
fe079304-a6c4-48c2-aee0-2bced680c6cd,Ordered Soda Pop got wrong flavor,Soda Pop,Box 200g,Northeast,Wrong Flavor,Amazon Review,2026-01-24T08:08:00,0.63,False,
95943f98-ba41-4f06-8e35-d924e3e904f4,Box 200g half empty - Crunchy Chips,Crunchy Chips,Box 200g,Midwest,Low Fill,Amazon Review,2026-01-24T08:10:00,0.7,False,
5e5d197e-caba-439d-bbc0-e4fbcd432d5b,Resealable Bag v2 - New Lid leaking in transit to Midwest,Granola Bar,Resealable Bag v2 - New Lid,Midwest,Leaking,Email,2026-01-24T08:25:00,0.89,False,
3a1132e5-5252-4d3d-ab57-8276c4dbb703,Ordered Crunchy Chips got wrong flavor,Crunchy Chips,Resealable Bag v1,Pacific Northwest,Wrong Flavor,Email,2026-01-24T08:30:00,0.81,False,
ade4731d-6e7c-4bdf-a55b-b7966f16009e,Ordered Soda Pop got wrong flavor,Soda Pop,Can 330ml,Northeast,Wrong Flavor,Twitter,2026-01-24T08:36:00,0.86,False,
36d176f6-dd11-41b6-9160-8188ec09536a,Can 330ml half empty - Granola Bar,Granola Bar,Can 330ml,Northeast,Low Fill,Amazon Review,2026-01-24T08:36:00,0.72,False,
a409abd6-0587-4573-982a-216f13f7dc2c,Stale Crunchy Chips in Resealable Bag v2 - New Lid,Crunchy Chips,Resealable Bag v2 - New Lid,Midwest,Stale Taste,Amazon Review,2026-01-24T09:04:00,0.8,False,
79e134fb-41f0-4399-9855-dd01a078aec1,Soda Pop tastes stale from Midwest,Soda Pop,Can 330ml,Midwest,Stale Taste,Twitter,2026-01-24T09:39:00,0.92,False,
6eaad0a1-483a-4c35-828d-9e408867d1c3,Ordered Granola Bar got wrong flavor,Granola Bar,Resealable Bag v2 - New Lid,California,Wrong Flavor,Amazon Review,2026-01-24T09:41:00,0.64,False,
176edf94-f900-4279-a294-5916ff9506c5,Ordered Crunchy Chips got wrong flavor,Crunchy Chips,Resealable Bag v2 - New Lid,Texas,Wrong Flavor,Twitter,2026-01-24T09:46:00,0.83,False,
5e4fe215-4cb5-42af-a71b-885d847c94db,Stale Cookies Pack in Resealable Bag v2 - New Lid,Cookies Pack,Resealable Bag v2 - New Lid,Pacific Northwest,Stale Taste,Email,2026-01-24T09:47:00,0.66,False,
d458a810-5688-4a27-a9e4-f3f3dc0d896e,Can 330ml half empty - Crunchy Chips,Crunchy Chips,Can 330ml,California,Low Fill,Call Center,2026-01-24T09:56:00,0.88,False,
f4725ecc-13eb-4d1a-a1e4-8027fe66f1c9,Box crushed in shipping to Midwest,Cookies Pack,Resealable Bag v1,Midwest,Damaged Pack,Email,2026-01-24T10:21:00,0.63,False,
09ddd08f-304f-4ae9-bac8-66cc29bbd1f3,Resealable Bag v2 - New Lid leaking in transit to Northeast,Crunchy Chips,Resealable Bag v2 - New Lid,Northeast,Leaking,Call Center,2026-01-24T10:28:00,0.84,False,
83498323-5537-4198-8b64-504066befc24,Box 200g arrived torn,Cookies Pack,Box 200g,Northeast,Damaged Pack,Amazon Review,2026-01-24T11:21:00,0.77,False,
a0b7d08c-bfa6-4702-b55e-b74d2dfb7096,Opened Granola Bar and it was stale,Granola Bar,Box 200g,Northeast,Stale Taste,Twitter,2026-01-24T11:21:00,0.64,False,
3c276c7c-9b8c-4389-a9df-b5b861a3c729,Resealable Bag v2 - New Lid arrived torn,Soda Pop,Resealable Bag v2 - New Lid,Midwest,Damaged Pack,Amazon Review,2026-01-24T11:22:00,0.61,False,
823b15ad-d034-4935-8854-3816c9eaba7e,Ordered Cookies Pack got wrong flavor,Cookies Pack,Box 200g,Texas,Wrong Flavor,Twitter,2026-01-24T11:26:00,0.77,False,
9aa29efc-e428-4df0-b3f6-4045307e9155,Cookies Pack tastes stale from California,Cookies Pack,Can 330ml,California,Stale Taste,Twitter,2026-01-24T11:37:00,0.91,False,
6f71ee14-5a4c-4a0e-8f35-40ea31f991f6,Resealable Resealable Bag v1 failed to close - Texas,Soda Pop,Resealable Bag v1,Texas,Seal Failure,Call Center,2026-01-24T11:46:00,0.71,False,
7ec3d68e-7920-40d2-aaee-826fba5c6385,Resealable Bag v1 half empty - Cookies Pack,Cookies Pack,Resealable Bag v1,Midwest,Low Fill,Amazon Review,2026-01-24T12:19:00,0.75,False,
e6332003-ab19-42ff-a0f6-ce7bfc6dcca4,Can 330ml leaking in transit to California,Crunchy Chips,Can 330ml,California,Leaking,Email,2026-01-24T12:20:00,0.62,False,
edee78e3-a1f6-46f4-b808-7a3e57f2f33c,Resealable Box 200g failed to close - California,Crunchy Chips,Box 200g,California,Seal Failure,Email,2026-01-24T12:44:00,0.76,False,
dd3bc211-1b0c-425f-8c6e-c902cd40e630,Stale Soda Pop in Resealable Bag v1,Soda Pop,Resealable Bag v1,Pacific Northwest,Stale Taste,Call Center,2026-01-24T13:00:00,0.83,False,
f156729e-fcfa-4273-92e8-797bd495ccb7,Can 330ml leaking in transit to Midwest,Soda Pop,Can 330ml,Midwest,Leaking,Call Center,2026-01-24T13:01:00,0.65,False,
c827b0ad-da39-4bce-81eb-9520baadff97,"The Can 330ml won't close, goes stale in Northeast",Crunchy Chips,Can 330ml,Northeast,Seal Failure,Call Center,2026-01-24T13:03:00,0.65,False,
c32cfa5c-c33c-4965-bdcc-9d026a28a435,Can 330ml arrived torn,Crunchy Chips,Can 330ml,California,Damaged Pack,Twitter,2026-01-24T13:09:00,0.81,False,
0bc967d1-a339-468c-bbe9-4e2e223485eb,Box 200g leaking in transit to Northeast,Granola Bar,Box 200g,Northeast,Leaking,Amazon Review,2026-01-24T13:17:00,0.83,False,
fe66e410-ee7a-42bb-90c3-7db68bca837b,Can 330ml arrived torn,Granola Bar,Can 330ml,Midwest,Damaged Pack,Email,2026-01-24T13:26:00,0.87,False,
09949561-9a27-4238-aaf2-270a5ee68000,Box 200g leaking in transit to California,Cookies Pack,Box 200g,California,Leaking,Twitter,2026-01-24T13:46:00,0.83,False,
a8b4cdab-000b-480d-bd4e-98e7ac701c49,Resealable Bag v1 leaking in transit to Midwest,Crunchy Chips,Resealable Bag v1,Midwest,Leaking,Call Center,2026-01-24T13:48:00,0.8,False,
70f1b49a-d279-4427-a8db-c81322e9d598,New lid on Resealable Bag v2 - New Lid doesn't seal properly,Granola Bar,Resealable Bag v2 - New Lid,Texas,Seal Failure,Email,2026-01-24T13:53:00,0.69,False,
559c01e7-19fb-419f-b203-c17457bb8b14,Can 330ml half empty - Soda Pop,Soda Pop,Can 330ml,Northeast,Low Fill,Call Center,2026-01-24T14:01:00,0.74,False,
45e31d09-69f2-4864-8328-7c8f9976375d,Stale Granola Bar in Can 330ml,Granola Bar,Can 330ml,California,Stale Taste,Twitter,2026-01-24T14:22:00,0.9,False,
afb63de6-1051-4ba2-ace2-91bbdc21ea7c,Ordered Soda Pop got wrong flavor,Soda Pop,Resealable Bag v1,Northeast,Wrong Flavor,Call Center,2026-01-24T14:53:00,0.76,False,
ef9f3748-931f-4494-8573-676485f248e1,Can 330ml leaking in transit to Northeast,Crunchy Chips,Can 330ml,Northeast,Leaking,Amazon Review,2026-01-24T14:54:00,0.77,False,
c2de874b-cb1f-41b0-bfad-ac2f98dff520,Resealable Bag v2 - New Lid half empty - Cookies Pack,Cookies Pack,Resealable Bag v2 - New Lid,Midwest,Low Fill,Twitter,2026-01-24T14:55:00,0.82,False,
7fdc8e44-6cf5-4a2c-947d-74db8c8dc013,Can 330ml half empty - Cookies Pack,Cookies Pack,Can 330ml,Texas,Low Fill,Twitter,2026-01-24T15:05:00,0.87,False,
164af773-71f9-4395-b619-f15bd80a1047,New lid on Box 200g doesn't seal properly,Crunchy Chips,Box 200g,Texas,Seal Failure,Amazon Review,2026-01-24T15:14:00,0.94,False,
7e55070e-dd9d-4db6-82b1-df770bc91caf,"The Can 330ml won't close, goes stale in Northeast",Cookies Pack,Can 330ml,Northeast,Seal Failure,Email,2026-01-24T15:16:00,0.86,False,
95e0e08f-678f-4865-b3bd-ad1da231acf8,Opened Cookies Pack and it was stale,Cookies Pack,Box 200g,Northeast,Stale Taste,Call Center,2026-01-24T15:19:00,0.83,False,
d4d362c6-f998-4a6a-9abe-6c0ece7c5ef9,Resealable Bag v1 arrived torn,Granola Bar,Resealable Bag v1,Midwest,Damaged Pack,Call Center,2026-01-24T15:26:00,0.87,False,
5439150a-553b-4863-9d9a-afdd2ad366a1,Box 200g half empty - Soda Pop,Soda Pop,Box 200g,Pacific Northwest,Low Fill,Email,2026-01-24T15:39:00,0.61,False,
d9fa8bf8-4d4d-4b45-8228-069c3406d844,Can 330ml leaking in transit to Pacific Northwest,Granola Bar,Can 330ml,Pacific Northwest,Leaking,Amazon Review,2026-01-24T15:44:00,0.94,False,
775fb3c5-de38-44db-b330-55dd646e1769,Can 330ml leaking in transit to Texas,Cookies Pack,Can 330ml,Texas,Leaking,Call Center,2026-01-24T15:46:00,0.73,False,
f5e22980-3df2-4355-b025-56ec5f5f8eae,Can 330ml arrived torn,Granola Bar,Can 330ml,Texas,Damaged Pack,Amazon Review,2026-01-24T15:54:00,0.8,False,
69103818-64ab-4160-ba4d-46faf67d31af,Resealable Bag v1 half empty - Cookies Pack,Cookies Pack,Resealable Bag v1,Pacific Northwest,Low Fill,Email,2026-01-24T16:14:00,0.91,False,
cad70941-a244-4b37-9594-513e8137faf9,Cookies Pack tastes stale from Pacific Northwest,Cookies Pack,Resealable Bag v2 - New Lid,Pacific Northwest,Stale Taste,Amazon Review,2026-01-24T16:27:00,0.65,False,
00b91bf3-5daf-4f66-aa8c-34cf3b7a491c,Cookies Pack tastes stale from Northeast,Cookies Pack,Resealable Bag v1,Northeast,Stale Taste,Call Center,2026-01-24T16:29:00,0.64,False,
182e40fc-450b-40d4-aa85-28dae4ad0df7,Can 330ml half empty - Crunchy Chips,Crunchy Chips,Can 330ml,Northeast,Low Fill,Twitter,2026-01-24T16:43:00,0.77,False,
5319b52e-959d-4108-96a9-a8a16b1d1f81,Resealable Bag v1 half empty - Cookies Pack,Cookies Pack,Resealable Bag v1,Pacific Northwest,Low Fill,Amazon Review,2026-01-24T16:52:00,0.62,False,
bcad216b-1448-4069-99b7-d9283df44918,Granola Bar tastes stale from Midwest,Granola Bar,Resealable Bag v1,Midwest,Stale Taste,Email,2026-01-24T17:14:00,0.69,False,
dde31e91-73e3-48a9-b5c6-6e0737b99633,Box crushed in shipping to Midwest,Granola Bar,Resealable Bag v2 - New Lid,Midwest,Damaged Pack,Call Center,2026-01-24T17:14:00,0.83,False,
f5bd8b9e-65cc-4fb2-a8ad-1b8395ebfe85,Box crushed in shipping to Northeast,Crunchy Chips,Can 330ml,Northeast,Damaged Pack,Call Center,2026-01-24T17:16:00,0.6,False,
59ce523c-c56e-41e8-aedd-ba539057de33,Box 200g leaking in transit to Texas,Soda Pop,Box 200g,Texas,Leaking,Email,2026-01-24T17:37:00,0.61,False,
7cc5da17-3393-4ca1-986a-7ca8836e016e,Can 330ml leaking in transit to California,Cookies Pack,Can 330ml,California,Leaking,Twitter,2026-01-24T17:38:00,0.82,False,
fc5bca95-69be-4a2e-8e01-a7e2063499db,Resealable Bag v1 leaking in transit to Midwest,Crunchy Chips,Resealable Bag v1,Midwest,Leaking,Email,2026-01-24T17:48:00,0.78,False,
01663c36-bdc0-44f5-95cb-28516f1b1934,"The Box 200g won't close, goes stale in Midwest",Crunchy Chips,Box 200g,Midwest,Seal Failure,Amazon Review,2026-01-24T18:02:00,0.66,False,
b0d0427c-bc43-4fad-813c-cfbb7ec21237,Resealable Box 200g failed to close - Texas,Soda Pop,Box 200g,Texas,Seal Failure,Email,2026-01-24T18:02:00,0.93,False,
96cfacc1-45eb-48fe-ac07-35038d761726,Can 330ml half empty - Granola Bar,Granola Bar,Can 330ml,California,Low Fill,Call Center,2026-01-24T18:06:00,0.85,False,
61dccd72-fdd7-49ca-b8e2-182daa207169,Resealable Bag v2 - New Lid half empty - Granola Bar,Granola Bar,Resealable Bag v2 - New Lid,Northeast,Low Fill,Email,2026-01-24T18:07:00,0.74,False,
a364674c-e51f-4745-b08d-508df6f8dff8,Box 200g arrived torn,Soda Pop,Box 200g,Texas,Damaged Pack,Call Center,2026-01-24T18:36:00,0.77,False,
507eb085-3907-4d8c-9758-8ed7c35ff6b0,Stale Soda Pop in Can 330ml,Soda Pop,Can 330ml,Pacific Northwest,Stale Taste,Twitter,2026-01-24T18:46:00,0.72,False,
0713923f-2558-4578-97bb-02cf4ad92902,"The Resealable Bag v1 won't close, goes stale in Pacific Northwest",Crunchy Chips,Resealable Bag v1,Pacific Northwest,Seal Failure,Call Center,2026-01-24T19:11:00,0.61,False,
5b13847e-f506-45bd-96c3-5c9f1a7cb489,"The Resealable Bag v2 - New Lid won't close, goes stale in California",Soda Pop,Resealable Bag v2 - New Lid,California,Seal Failure,Twitter,2026-01-24T19:27:00,0.64,False,
6f53fd67-a759-4a9e-a351-d68a55adb3c4,Opened Crunchy Chips and it was stale,Crunchy Chips,Resealable Bag v2 - New Lid,Midwest,Stale Taste,Amazon Review,2026-01-24T19:37:00,0.85,False,
1d323e58-1a9e-4198-9b5c-2fd5680cf33e,"The Resealable Bag v1 won't close, goes stale in Midwest",Soda Pop,Resealable Bag v1,Midwest,Seal Failure,Email,2026-01-24T19:41:00,0.63,False,
7628af83-850d-4907-9f35-deb61bf04164,Resealable Bag v1 half empty - Granola Bar,Granola Bar,Resealable Bag v1,California,Low Fill,Amazon Review,2026-01-24T19:45:00,0.94,False,
478c5acc-b85a-426e-8ba3-5580f1210b53,Box 200g half empty - Soda Pop,Soda Pop,Box 200g,California,Low Fill,Call Center,2026-01-24T19:49:00,0.71,False,
c77d25fc-3521-4770-b10d-1ff202d50691,Resealable Bag v2 - New Lid half empty - Crunchy Chips,Crunchy Chips,Resealable Bag v2 - New Lid,California,Low Fill,Call Center,2026-01-24T20:15:00,0.86,False,
eebb3f2e-161f-4c31-aae2-2f34c379197f,"The Resealable Bag v2 - New Lid won't close, goes stale in Northeast",Crunchy Chips,Resealable Bag v2 - New Lid,Northeast,Seal Failure,Amazon Review,2026-01-24T20:34:00,0.67,False,
d15a6877-7676-4ff9-ab0e-117952619b9e,New lid on Can 330ml doesn't seal properly,Granola Bar,Can 330ml,Texas,Seal Failure,Email,2026-01-24T20:36:00,0.88,False,
c6cef22d-50b4-4c8e-8553-33c583b8c02e,Ordered Soda Pop got wrong flavor,Soda Pop,Can 330ml,Texas,Wrong Flavor,Email,2026-01-24T20:38:00,0.69,False,
b887e884-000e-4e5b-b837-94c26d8e856f,Stale Cookies Pack in Can 330ml,Cookies Pack,Can 330ml,Pacific Northwest,Stale Taste,Twitter,2026-01-24T21:04:00,0.73,False,
8d34f5a2-1855-4db5-8605-4a2e68ffa7dc,Box crushed in shipping to Pacific Northwest,Cookies Pack,Box 200g,Pacific Northwest,Damaged Pack,Email,2026-01-24T21:06:00,0.67,False,
73bf2f48-00f2-464f-b269-23fb65a3b846,Box 200g leaking in transit to Pacific Northwest,Granola Bar,Box 200g,Pacific Northwest,Leaking,Email,2026-01-24T21:12:00,0.71,False,
785c1bc3-9dbb-41a1-9f1c-b82db1169638,Soda Pop tastes stale from Pacific Northwest,Soda Pop,Resealable Bag v1,Pacific Northwest,Stale Taste,Twitter,2026-01-24T21:17:00,0.68,False,
2b1f5838-92f3-4250-956a-6659d9f126ec,Resealable Bag v2 - New Lid leaking in transit to Midwest,Cookies Pack,Resealable Bag v2 - New Lid,Midwest,Leaking,Twitter,2026-01-24T21:29:00,0.76,False,
936c094d-9b64-4f85-a330-aaf91dad9926,Box crushed in shipping to Midwest,Soda Pop,Resealable Bag v2 - New Lid,Midwest,Damaged Pack,Email,2026-01-24T21:32:00,0.81,False,
72bc0ac7-d4cf-45b9-879d-9ddcff4c9e4f,Can 330ml half empty - Soda Pop,Soda Pop,Can 330ml,California,Low Fill,Twitter,2026-01-24T22:05:00,0.92,False,
e7d24c96-7adb-4bcd-8a06-efe0379a1a38,"The Box 200g won't close, goes stale in Pacific Northwest",Granola Bar,Box 200g,Pacific Northwest,Seal Failure,Email,2026-01-24T22:09:00,0.78,False,
177a666c-ba4a-4ce7-9e5e-93f1eba318fb,Can 330ml half empty - Cookies Pack,Cookies Pack,Can 330ml,Midwest,Low Fill,Amazon Review,2026-01-24T22:33:00,0.89,False,
1baffd6a-b9a7-4169-96f4-e2b7d1406dc7,Resealable Bag v1 half empty - Cookies Pack,Cookies Pack,Resealable Bag v1,Pacific Northwest,Low Fill,Twitter,2026-01-24T22:36:00,0.73,False,
b4cbfa96-d962-49f6-9a11-939c4497eaf3,Opened Soda Pop and it was stale,Soda Pop,Can 330ml,California,Stale Taste,Amazon Review,2026-01-24T23:05:00,0.83,False,
458a0a32-370d-4f93-94e7-2e44ff7c3dd4,Box crushed in shipping to Northeast,Crunchy Chips,Resealable Bag v2 - New Lid,Northeast,Damaged Pack,Twitter,2026-01-24T23:06:00,0.74,False,
f83a4922-d0d8-432c-a058-82b48c4487cb,Resealable Bag v2 - New Lid leaking in transit to California,Cookies Pack,Resealable Bag v2 - New Lid,California,Leaking,Amazon Review,2026-01-24T23:14:00,0.63,False,
f2d0442f-6c84-46bc-b8e9-022ebe259e4f,Ordered Crunchy Chips got wrong flavor,Crunchy Chips,Resealable Bag v2 - New Lid,Pacific Northwest,Wrong Flavor,Email,2026-01-24T23:34:00,0.86,False,
f38562aa-17e1-4205-b2a9-1a49de64c450,Resealable Bag v2 - New Lid leaking in transit to Midwest,Soda Pop,Resealable Bag v2 - New Lid,Midwest,Leaking,Call Center,2026-01-24T23:40:00,0.69,False,
4c7a8bbe-1f3d-4e7c-8029-da52c80df9b2,New lid on Box 200g doesn't seal properly,Cookies Pack,Box 200g,Midwest,Seal Failure,Amazon Review,2026-01-24T23:44:00,0.93,False,
c186d61b-4e59-4070-959b-be0a35672523,Ordered Cookies Pack got wrong flavor,Cookies Pack,Can 330ml,California,Wrong Flavor,Call Center,2026-01-24T23:49:00,0.66,False,
e0d31d04-66b4-44a9-94da-4ee61c36be6f,Resealable Bag v2 - New Lid leaking in transit to California,Soda Pop,Resealable Bag v2 - New Lid,California,Leaking,Amazon Review,2026-01-24T23:54:00,0.62,False,
f2ef941b-630a-45ea-a133-74b139eef8b7,Ordered Cookies Pack got wrong flavor,Cookies Pack,Box 200g,California,Wrong Flavor,Twitter,2026-01-25T00:05:00,0.81,False,
9b03d2a5-b2d3-4aa2-b01f-b1a51cc0d108,Ordered Soda Pop got wrong flavor,Soda Pop,Resealable Bag v2 - New Lid,Pacific Northwest,Wrong Flavor,Call Center,2026-01-25T00:20:00,0.89,False,
f1d5a4f2-f9c7-49ba-8aad-c21f8649ffb8,Soda Pop tastes stale from Texas,Soda Pop,Box 200g,Texas,Stale Taste,Twitter,2026-01-25T00:20:00,0.88,False,
b48547f8-f80c-4b67-94d2-1aee6ecb3b7d,Ordered Granola Bar got wrong flavor,Granola Bar,Resealable Bag v1,Texas,Wrong Flavor,Amazon Review,2026-01-25T00:32:00,0.62,False,
1c67778c-1af2-43ec-8d95-912a9f784e1e,"The Resealable Bag v2 - New Lid won't close, goes stale in California",Soda Pop,Resealable Bag v2 - New Lid,California,Seal Failure,Email,2026-01-25T00:34:00,0.73,False,
57852b69-1458-4490-bd5c-b6f259d270d2,Ordered Soda Pop got wrong flavor,Soda Pop,Resealable Bag v2 - New Lid,California,Wrong Flavor,Email,2026-01-25T00:47:00,0.91,False,
fa4a18ab-2133-4689-8fcb-292ef7e02072,"The Can 330ml won't close, goes stale in Midwest",Crunchy Chips,Can 330ml,Midwest,Seal Failure,Email,2026-01-25T00:56:00,0.74,False,
82a9f3ee-c714-4a69-abad-1e64940daf03,Resealable Resealable Bag v1 failed to close - Texas,Cookies Pack,Resealable Bag v1,Texas,Seal Failure,Twitter,2026-01-25T00:57:00,0.92,False,
92d3f86a-f94a-45bf-b1a0-71e76e21caa5,Box 200g arrived torn,Crunchy Chips,Box 200g,Pacific Northwest,Damaged Pack,Amazon Review,2026-01-25T00:57:00,0.76,False,
30a67688-748a-4dde-b63a-f60cafb77df9,Box 200g arrived torn,Soda Pop,Box 200g,Midwest,Damaged Pack,Amazon Review,2026-01-25T01:00:00,0.83,False,
d64bf08c-4a02-445d-a50b-170f9c1fdd60,Resealable Bag v2 - New Lid arrived torn,Crunchy Chips,Resealable Bag v2 - New Lid,Texas,Damaged Pack,Email,2026-01-25T01:06:00,0.69,False,
741785b7-69c4-49b5-8417-853282a74799,Ordered Cookies Pack got wrong flavor,Cookies Pack,Can 330ml,Pacific Northwest,Wrong Flavor,Call Center,2026-01-25T01:07:00,0.78,False,
7037f036-b921-4a7f-b580-6d66d2fd438c,Resealable Resealable Bag v1 failed to close - Texas,Cookies Pack,Resealable Bag v1,Texas,Seal Failure,Amazon Review,2026-01-25T01:17:00,0.8,False,
19e6e46b-ba9e-45f8-80de-6eda15940b3d,New lid on Can 330ml doesn't seal properly,Crunchy Chips,Can 330ml,Texas,Seal Failure,Amazon Review,2026-01-25T01:31:00,0.92,False,
c3d6b293-58a4-43cc-bd11-7e22655fc2d8,Resealable Bag v1 leaking in transit to California,Granola Bar,Resealable Bag v1,California,Leaking,Call Center,2026-01-25T01:32:00,0.75,False,
d82e4d1c-907b-4ae1-b344-1a84438d084b,Ordered Crunchy Chips got wrong flavor,Crunchy Chips,Resealable Bag v1,Northeast,Wrong Flavor,Twitter,2026-01-25T01:44:00,0.94,False,
5b7f8b4f-086e-4d34-9022-31635da244c5,Box crushed in shipping to Pacific Northwest,Crunchy Chips,Resealable Bag v2 - New Lid,Pacific Northwest,Damaged Pack,Amazon Review,2026-01-25T01:59:00,0.83,False,
9dc55c4a-ee21-4dd5-9fae-82178987e7c4,Opened Cookies Pack and it was stale,Cookies Pack,Box 200g,Texas,Stale Taste,Email,2026-01-25T02:06:00,0.85,False,
bea5415f-b5ee-4c4e-92ee-1caa2e335f44,Soda Pop tastes stale from Texas,Soda Pop,Resealable Bag v1,Texas,Stale Taste,Twitter,2026-01-25T02:07:00,0.84,False,
7ff778a4-34b7-4104-bc59-e0f64814f853,Ordered Granola Bar got wrong flavor,Granola Bar,Resealable Bag v2 - New Lid,Pacific Northwest,Wrong Flavor,Twitter,2026-01-25T02:12:00,0.91,False,
c6a92965-9607-4bfb-9d60-a1fa7f1e9573,Cookies Pack tastes stale from Midwest,Cookies Pack,Resealable Bag v2 - New Lid,Midwest,Stale Taste,Email,2026-01-25T02:16:00,0.75,False,
01d3d2e6-a14b-4064-8346-cefcbe53023a,Box 200g half empty - Granola Bar,Granola Bar,Box 200g,Midwest,Low Fill,Amazon Review,2026-01-25T02:33:00,0.65,False,
0ee01903-4d4f-41a8-afa3-4ace98483cdc,Can 330ml arrived torn,Granola Bar,Can 330ml,Northeast,Damaged Pack,Amazon Review,2026-01-25T02:40:00,0.92,False,
b1961521-ebea-4b97-9168-db53e768bcda,Box 200g half empty - Soda Pop,Soda Pop,Box 200g,Northeast,Low Fill,Email,2026-01-25T02:55:00,0.94,False,
66a54636-720e-4176-a66e-5fc4e272fbb6,Can 330ml leaking in transit to California,Crunchy Chips,Can 330ml,California,Leaking,Email,2026-01-25T02:57:00,0.71,False,
81ee7ce7-9486-4067-8e3e-152ed6b15888,Can 330ml leaking in transit to Northeast,Cookies Pack,Can 330ml,Northeast,Leaking,Twitter,2026-01-25T03:01:00,0.92,False,
7c726022-dfb6-4ca1-bb64-e156997ea878,Resealable Bag v1 leaking in transit to California,Soda Pop,Resealable Bag v1,California,Leaking,Email,2026-01-25T03:06:00,0.69,False,
36517107-79ee-4cc4-8f21-1be43247eb46,Ordered Soda Pop got wrong flavor,Soda Pop,Resealable Bag v1,California,Wrong Flavor,Call Center,2026-01-25T03:16:00,0.85,False,
4c9a433a-8948-4565-8027-da86061ba2d3,Box 200g arrived torn,Crunchy Chips,Box 200g,California,Damaged Pack,Twitter,2026-01-25T03:22:00,0.66,False,
eaff7991-13b6-4ed8-8039-e417c3a395f4,Resealable Bag v2 - New Lid half empty - Soda Pop,Soda Pop,Resealable Bag v2 - New Lid,Northeast,Low Fill,Twitter,2026-01-25T03:23:00,0.63,False,
fe2a3269-4cc2-45e1-a176-ffd495067806,Box crushed in shipping to California,Crunchy Chips,Box 200g,California,Damaged Pack,Email,2026-01-25T03:30:00,0.74,False,
c634d36c-9a5b-42b9-90b4-923042886b8a,Resealable Bag v2 - New Lid leaking in transit to Texas,Soda Pop,Resealable Bag v2 - New Lid,Texas,Leaking,Amazon Review,2026-01-25T03:37:00,0.66,False,
00d0e1ca-dbec-4c01-8355-d00de27102e1,Ordered Soda Pop got wrong flavor,Soda Pop,Can 330ml,Midwest,Wrong Flavor,Twitter,2026-01-25T03:47:00,0.71,False,
7478ef7e-0a58-4159-8eac-82b9931dda29,Box 200g half empty - Granola Bar,Granola Bar,Box 200g,Midwest,Low Fill,Amazon Review,2026-01-25T03:51:00,0.76,False,
a9741063-b7da-4657-aae3-07586cdadadd,Stale Crunchy Chips in Box 200g,Crunchy Chips,Box 200g,Pacific Northwest,Stale Taste,Twitter,2026-01-25T03:52:00,0.65,False,
89fda2e3-2794-4295-ad44-1c83e5b8144f,Box 200g leaking in transit to Northeast,Cookies Pack,Box 200g,Northeast,Leaking,Call Center,2026-01-25T03:59:00,0.92,False,
4cd42564-8183-48cb-99ed-efaca43043dc,Ordered Soda Pop got wrong flavor,Soda Pop,Resealable Bag v1,California,Wrong Flavor,Twitter,2026-01-25T04:13:00,0.76,False,
701da7ee-8e3d-4270-b691-193b0c21a30f,Stale Crunchy Chips in Resealable Bag v1,Crunchy Chips,Resealable Bag v1,Texas,Stale Taste,Amazon Review,2026-01-25T04:17:00,0.74,False,
b50eadbc-afdf-499a-877c-cc02c610b329,New lid on Resealable Bag v1 doesn't seal properly,Cookies Pack,Resealable Bag v1,Pacific Northwest,Seal Failure,Call Center,2026-01-25T04:22:00,0.65,False,
0495a160-ebf8-4568-ba3c-18b2c20067e5,Box 200g half empty - Cookies Pack,Cookies Pack,Box 200g,California,Low Fill,Twitter,2026-01-25T04:32:00,0.92,False,
ec29c2a9-35c3-4a36-9894-b0b544615c1f,Box 200g leaking in transit to California,Soda Pop,Box 200g,California,Leaking,Call Center,2026-01-25T04:35:00,0.61,False,
040b1587-01e0-4501-816c-de348ecdba31,Box crushed in shipping to California,Cookies Pack,Resealable Bag v2 - New Lid,California,Damaged Pack,Call Center,2026-01-25T04:41:00,0.61,False,
17286a34-31fa-48ea-8a4a-caf84e202596,Ordered Soda Pop got wrong flavor,Soda Pop,Can 330ml,Midwest,Wrong Flavor,Twitter,2026-01-25T05:02:00,0.91,False,
7a4ce368-3da4-4502-8320-32c793a9697f,Resealable Bag v2 - New Lid arrived torn,Cookies Pack,Resealable Bag v2 - New Lid,Pacific Northwest,Damaged Pack,Call Center,2026-01-25T05:03:00,0.62,False,
536464ff-da8e-4f0d-ba5e-122ee241dbf9,Ordered Granola Bar got wrong flavor,Granola Bar,Can 330ml,California,Wrong Flavor,Twitter,2026-01-25T05:23:00,0.85,False,
32ed1b37-8a67-4c9b-acee-dba3f91da27c,Resealable Bag v1 arrived torn,Cookies Pack,Resealable Bag v1,Midwest,Damaged Pack,Amazon Review,2026-01-25T05:49:00,0.63,False,
2918dcca-234a-4551-8d25-a28b1269d8c6,Resealable Bag v1 half empty - Soda Pop,Soda Pop,Resealable Bag v1,Northeast,Low Fill,Amazon Review,2026-01-25T05:50:00,0.79,False,
85b2905c-bbf0-49c7-a234-efa0c9d4f440,Resealable Bag v1 half empty - Granola Bar,Granola Bar,Resealable Bag v1,Midwest,Low Fill,Email,2026-01-25T05:56:00,0.7,False,
5281f0e6-4b36-490c-bd5a-3464bef99bb5,Ordered Cookies Pack got wrong flavor,Cookies Pack,Box 200g,Pacific Northwest,Wrong Flavor,Call Center,2026-01-25T06:05:00,0.84,False,
c234b593-dbf6-47bc-980f-8d94266954d6,Ordered Crunchy Chips got wrong flavor,Crunchy Chips,Resealable Bag v2 - New Lid,Texas,Wrong Flavor,Twitter,2026-01-25T06:09:00,0.9,False,
f1a9630d-af3e-4a0b-a645-31a8c5b8a1e3,Resealable Bag v2 - New Lid half empty - Crunchy Chips,Crunchy Chips,Resealable Bag v2 - New Lid,Texas,Low Fill,Email,2026-01-25T06:17:00,0.88,False,
f27cf953-c8ee-40b9-b71e-582d8a4b4007,Ordered Soda Pop got wrong flavor,Soda Pop,Resealable Bag v2 - New Lid,Texas,Wrong Flavor,Email,2026-01-25T06:21:00,0.88,False,
a73f9db3-5b6d-4a9b-adcb-40f82350e260,Ordered Crunchy Chips got wrong flavor,Crunchy Chips,Box 200g,Pacific Northwest,Wrong Flavor,Amazon Review,2026-01-25T06:26:00,0.82,False,
b14e67d5-d8bf-4ff3-a31d-656a811f052d,Can 330ml leaking in transit to Texas,Cookies Pack,Can 330ml,Texas,Leaking,Amazon Review,2026-01-25T06:35:00,0.73,False,
5e16f1ad-809d-40ad-aeb3-ac423872bf43,Opened Cookies Pack and it was stale,Cookies Pack,Resealable Bag v1,Texas,Stale Taste,Amazon Review,2026-01-25T06:36:00,0.84,False,
6dc877fd-f5a2-4ea1-8129-ef9051c36f62,Box 200g leaking in transit to Pacific Northwest,Soda Pop,Box 200g,Pacific Northwest,Leaking,Amazon Review,2026-01-25T06:36:00,0.67,False,
94ff970f-baf7-493c-ad68-cb3a0fb26e35,Can 330ml leaking in transit to Midwest,Granola Bar,Can 330ml,Midwest,Leaking,Twitter,2026-01-25T06:37:00,0.9,False,
631a883e-c05e-4fab-9b45-38be7f956506,Resealable Bag v1 leaking in transit to California,Granola Bar,Resealable Bag v1,California,Leaking,Twitter,2026-01-25T06:38:00,0.65,False,
3ee8079f-0088-4c8f-bf5b-9dc7933d7b37,Resealable Bag v2 - New Lid arrived torn,Cookies Pack,Resealable Bag v2 - New Lid,Pacific Northwest,Damaged Pack,Twitter,2026-01-25T06:42:00,0.94,False,
5a8a256d-9444-4a54-bb41-ca3069a4147c,Can 330ml leaking in transit to Midwest,Soda Pop,Can 330ml,Midwest,Leaking,Call Center,2026-01-25T06:45:00,0.86,False,
b27f5d62-75e8-42b9-8508-0663d1c347fb,Box 200g leaking in transit to California,Soda Pop,Box 200g,California,Leaking,Email,2026-01-25T06:54:00,0.71,False,
d815e161-795b-427d-a249-80375016faa5,Ordered Crunchy Chips got wrong flavor,Crunchy Chips,Resealable Bag v1,Texas,Wrong Flavor,Call Center,2026-01-25T07:05:00,0.63,False,
464315fd-dc1c-4f93-ae3d-7084b37c7c72,Resealable Box 200g failed to close - California,Cookies Pack,Box 200g,California,Seal Failure,Amazon Review,2026-01-25T07:25:00,0.86,False,
4d487e18-9099-4a2c-89aa-54a80ffd8ca8,Ordered Crunchy Chips got wrong flavor,Crunchy Chips,Resealable Bag v1,California,Wrong Flavor,Email,2026-01-25T07:29:00,0.91,False,
17ed1579-2ab1-44cf-8d74-90f0f05ab0b0,Resealable Bag v1 leaking in transit to Northeast,Granola Bar,Resealable Bag v1,Northeast,Leaking,Call Center,2026-01-25T07:34:00,0.72,False,
34ede5a5-6879-47ca-8877-3425eb679470,Box 200g leaking in transit to Pacific Northwest,Granola Bar,Box 200g,Pacific Northwest,Leaking,Twitter,2026-01-25T07:53:00,0.65,False,
acaf9c5f-8928-415e-92f7-7ee689d72d74,Resealable Bag v1 leaking in transit to Pacific Northwest,Granola Bar,Resealable Bag v1,Pacific Northwest,Leaking,Twitter,2026-01-25T07:53:00,0.85,False,
e7f42d80-c374-405b-928f-8057ed4f237a,Granola Bar tastes stale from Midwest,Granola Bar,Resealable Bag v1,Midwest,Stale Taste,Twitter,2026-01-25T07:55:00,0.8,False,
b50d2ad6-59ce-4581-ac1f-6dfae0139aec,Stale Cookies Pack in Resealable Bag v1,Cookies Pack,Resealable Bag v1,Pacific Northwest,Stale Taste,Amazon Review,2026-01-25T07:57:00,0.69,False,
47d5eacd-fb81-498d-89a5-d7eb1c5b0cdd,Resealable Bag v1 half empty - Crunchy Chips,Crunchy Chips,Resealable Bag v1,Texas,Low Fill,Email,2026-01-25T08:30:00,0.81,False,
0e17767f-43f7-4cc6-87a6-dc69ca9c3769,Resealable Bag v1 half empty - Crunchy Chips,Crunchy Chips,Resealable Bag v1,Pacific Northwest,Low Fill,Amazon Review,2026-01-25T08:37:00,0.68,False,
ee9674a5-5dd5-4d8c-a9a6-a66603d00ca1,Ordered Granola Bar got wrong flavor,Granola Bar,Box 200g,Pacific Northwest,Wrong Flavor,Email,2026-01-25T08:44:00,0.61,False,
f31b6510-34fe-4db1-b109-332204aa22da,"The Can 330ml won't close, goes stale in Midwest",Crunchy Chips,Can 330ml,Midwest,Seal Failure,Amazon Review,2026-01-25T08:47:00,0.9,False,
c11bc545-d59c-47e9-98db-ad4a213e6990,Resealable Box 200g failed to close - Midwest,Granola Bar,Box 200g,Midwest,Seal Failure,Call Center,2026-01-25T09:09:00,0.78,False,
3272f632-70c8-47ff-9ad3-7e24410483fe,Resealable Resealable Bag v1 failed to close - Pacific Northwest,Granola Bar,Resealable Bag v1,Pacific Northwest,Seal Failure,Email,2026-01-25T09:12:00,0.71,False,
ddc9d827-63c4-4a79-94ef-a42ec5240c3f,Can 330ml half empty - Crunchy Chips,Crunchy Chips,Can 330ml,California,Low Fill,Call Center,2026-01-25T09:39:00,0.62,False,
d835a9a9-d4d5-4835-8120-acc0071b609d,Box 200g half empty - Crunchy Chips,Crunchy Chips,Box 200g,California,Low Fill,Call Center,2026-01-25T10:04:00,0.79,False,
94eb4dce-7939-41db-9f3d-ab04f41f3f50,Box 200g leaking in transit to Northeast,Soda Pop,Box 200g,Northeast,Leaking,Call Center,2026-01-25T10:14:00,0.79,False,
4a0af3c1-66f4-4500-80a4-8c41f29515e6,Can 330ml arrived torn,Granola Bar,Can 330ml,California,Damaged Pack,Twitter,2026-01-25T10:23:00,0.66,False,
fda1e0ab-7049-4f37-a452-91852c0f7d34,Stale Cookies Pack in Resealable Bag v2 - New Lid,Cookies Pack,Resealable Bag v2 - New Lid,Midwest,Stale Taste,Amazon Review,2026-01-25T10:25:00,0.79,False,
e0852136-819e-47fa-89e5-84762e763549,Can 330ml half empty - Cookies Pack,Cookies Pack,Can 330ml,California,Low Fill,Email,2026-01-25T10:27:00,0.81,False,
8c639c75-f5c2-401f-a9f6-0920b7049bb5,Resealable Resealable Bag v1 failed to close - Pacific Northwest,Granola Bar,Resealable Bag v1,Pacific Northwest,Seal Failure,Twitter,2026-01-25T10:29:00,0.87,False,
e84a9ab0-0931-4f7a-93f1-546244bb6029,Resealable Bag v1 half empty - Granola Bar,Granola Bar,Resealable Bag v1,Midwest,Low Fill,Call Center,2026-01-25T10:47:00,0.81,False,
51997c3a-d143-400c-a083-d179c1cf696f,Box 200g leaking in transit to California,Cookies Pack,Box 200g,California,Leaking,Call Center,2026-01-25T11:10:00,0.69,False,
60bade59-785f-4cba-9736-3a80f966f238,Box 200g half empty - Soda Pop,Soda Pop,Box 200g,California,Low Fill,Email,2026-01-25T11:13:00,0.8,False,
5f9e2b9f-875b-4f26-9d10-f91b0b3b3460,Opened Crunchy Chips and it was stale,Crunchy Chips,Can 330ml,Northeast,Stale Taste,Call Center,2026-01-25T11:19:00,0.78,False,
48a4e953-3ffe-48c3-8ce5-ff6a26c052c4,New lid on Resealable Bag v1 doesn't seal properly,Granola Bar,Resealable Bag v1,California,Seal Failure,Amazon Review,2026-01-25T11:29:00,0.64,False,
b389105b-0884-4b28-be1d-8c85282a0380,Ordered Cookies Pack got wrong flavor,Cookies Pack,Can 330ml,Pacific Northwest,Wrong Flavor,Twitter,2026-01-25T11:36:00,0.84,False,
6075a05b-61a5-4432-aa02-86501de6aae4,Resealable Bag v2 - New Lid leaking in transit to California,Soda Pop,Resealable Bag v2 - New Lid,California,Leaking,Call Center,2026-01-25T11:50:00,0.71,False,
ba71e149-68d1-4cc5-97c6-71910573d87a,Box crushed in shipping to Midwest,Granola Bar,Resealable Bag v2 - New Lid,Midwest,Damaged Pack,Email,2026-01-25T11:55:00,0.87,False,
5e1c27c9-50c0-48f8-8e30-77457159b2d5,"The Resealable Bag v2 - New Lid won't close, goes stale in Northeast",Granola Bar,Resealable Bag v2 - New Lid,Northeast,Seal Failure,Amazon Review,2026-01-25T12:01:00,0.68,False,
a21a196f-03a5-44b1-a326-4b4838abef14,Can 330ml leaking in transit to Northeast,Crunchy Chips,Can 330ml,Northeast,Leaking,Twitter,2026-01-25T12:09:00,0.85,False,
1ca96123-3785-496f-b07c-09ef4ba50ce3,Can 330ml half empty - Soda Pop,Soda Pop,Can 330ml,Pacific Northwest,Low Fill,Call Center,2026-01-25T12:11:00,0.9,False,
4f461419-0477-416c-944e-1023416e05c4,Stale Soda Pop in Box 200g,Soda Pop,Box 200g,Northeast,Stale Taste,Amazon Review,2026-01-25T12:20:00,0.61,False,
33d5e130-f9ff-4678-94f6-5ba23d2adfe6,Resealable Bag v2 - New Lid half empty - Crunchy Chips,Crunchy Chips,Resealable Bag v2 - New Lid,Northeast,Low Fill,Email,2026-01-25T12:22:00,0.85,False,
c57e6117-77f2-4782-bf0a-ccc6fbb547ac,Resealable Bag v1 half empty - Soda Pop,Soda Pop,Resealable Bag v1,California,Low Fill,Twitter,2026-01-25T12:43:00,0.93,False,
29c317fe-f493-4b4a-ae9a-75d8bebd791d,Resealable Bag v1 half empty - Soda Pop,Soda Pop,Resealable Bag v1,Midwest,Low Fill,Amazon Review,2026-01-25T13:20:00,0.8,False,
aaeb3b46-11bd-4059-b039-0c4b5c5d6214,Ordered Cookies Pack got wrong flavor,Cookies Pack,Resealable Bag v2 - New Lid,Midwest,Wrong Flavor,Twitter,2026-01-25T13:27:00,0.94,False,
2e0c9a35-4d3a-4b97-8508-6f9b2d314edb,Ordered Crunchy Chips got wrong flavor,Crunchy Chips,Can 330ml,Midwest,Wrong Flavor,Amazon Review,2026-01-25T13:42:00,0.64,False,
d0214e8d-87e7-41e5-b28c-c7f9cfeeab27,Box 200g leaking in transit to Northeast,Crunchy Chips,Box 200g,Northeast,Leaking,Call Center,2026-01-25T13:45:00,0.77,False,
9980e774-3876-4117-b3e0-e7a391c94d9f,Resealable Bag v1 arrived torn,Granola Bar,Resealable Bag v1,Midwest,Damaged Pack,Twitter,2026-01-25T13:47:00,0.76,False,
0c0e4746-7a0a-488f-8354-e1092a2e71cb,Ordered Crunchy Chips got wrong flavor,Crunchy Chips,Resealable Bag v1,California,Wrong Flavor,Call Center,2026-01-25T13:47:00,0.67,False,
8007a7a7-2639-4e55-9aa2-2165421cef26,New lid on Resealable Bag v2 - New Lid doesn't seal properly,Cookies Pack,Resealable Bag v2 - New Lid,Texas,Seal Failure,Twitter,2026-01-25T13:50:00,0.77,False,
1ff560b0-6bc8-405c-be73-382deba3823b,Resealable Bag v1 half empty - Soda Pop,Soda Pop,Resealable Bag v1,Texas,Low Fill,Email,2026-01-25T13:50:00,0.93,False,
3e8b76f2-ed99-4e16-ae66-f37b8faaebeb,Ordered Cookies Pack got wrong flavor,Cookies Pack,Resealable Bag v2 - New Lid,Midwest,Wrong Flavor,Twitter,2026-01-25T13:53:00,0.87,False,
f5d2971e-25de-457e-9afe-2cda24765535,Ordered Soda Pop got wrong flavor,Soda Pop,Resealable Bag v2 - New Lid,Northeast,Wrong Flavor,Email,2026-01-25T14:33:00,0.73,False,
65252dc4-2992-489c-ab92-fd00ad68315a,Can 330ml leaking in transit to Midwest,Soda Pop,Can 330ml,Midwest,Leaking,Call Center,2026-01-25T14:42:00,0.93,False,
bb214d84-6593-47af-a485-cfde4a7330c4,Resealable Bag v2 - New Lid leaking in transit to Northeast,Crunchy Chips,Resealable Bag v2 - New Lid,Northeast,Leaking,Amazon Review,2026-01-25T14:50:00,0.75,False,
ef17e8ae-1478-4727-9454-63a1ed50851a,Resealable Bag v1 leaking in transit to Northeast,Crunchy Chips,Resealable Bag v1,Northeast,Leaking,Twitter,2026-01-25T14:50:00,0.86,False,
f33bb2a7-aac9-4b7c-ae23-28f1da70a50c,Ordered Cookies Pack got wrong flavor,Cookies Pack,Can 330ml,Northeast,Wrong Flavor,Twitter,2026-01-25T14:58:00,0.86,False,
be249199-aadc-4ed2-ab4b-76733b7ef26e,Ordered Granola Bar got wrong flavor,Granola Bar,Box 200g,Northeast,Wrong Flavor,Amazon Review,2026-01-25T15:10:00,0.89,False,
129a5cf4-6ac9-4f00-b6cf-cd88457f6dbf,Stale Soda Pop in Box 200g,Soda Pop,Box 200g,Northeast,Stale Taste,Amazon Review,2026-01-25T15:11:00,0.76,False,
069b9522-048c-491f-bb04-9c57375e3526,New lid on Box 200g doesn't seal properly,Cookies Pack,Box 200g,Midwest,Seal Failure,Email,2026-01-25T15:18:00,0.78,False,
9f6235f3-d104-4cab-83ac-23f1597f065e,Soda Pop tastes stale from Pacific Northwest,Soda Pop,Box 200g,Pacific Northwest,Stale Taste,Twitter,2026-01-25T15:27:00,0.63,False,
4fcf7538-5c1f-4fc2-90a6-fc945791586f,Opened Crunchy Chips and it was stale,Crunchy Chips,Resealable Bag v2 - New Lid,Texas,Stale Taste,Call Center,2026-01-25T15:36:00,0.75,False,
3de88178-ddf5-4182-9240-02acfad16362,New lid on Can 330ml doesn't seal properly,Crunchy Chips,Can 330ml,Northeast,Seal Failure,Call Center,2026-01-25T15:42:00,0.71,False,
65292adb-01e7-4155-b756-10fc9b4ab99f,Resealable Bag v2 - New Lid leaking in transit to California,Cookies Pack,Resealable Bag v2 - New Lid,California,Leaking,Amazon Review,2026-01-25T16:03:00,0.91,False,
092c7797-267c-43db-ad48-727535a7d242,Resealable Box 200g failed to close - Pacific Northwest,Cookies Pack,Box 200g,Pacific Northwest,Seal Failure,Call Center,2026-01-25T16:07:00,0.9,False,
d9225f9e-f494-40a1-8bfd-a84383397ff6,Ordered Cookies Pack got wrong flavor,Cookies Pack,Box 200g,Northeast,Wrong Flavor,Email,2026-01-25T16:11:00,0.84,False,
3f9553ec-47c9-42ed-b7d1-a841608497f2,Resealable Bag v1 half empty - Cookies Pack,Cookies Pack,Resealable Bag v1,Northeast,Low Fill,Call Center,2026-01-25T16:15:00,0.77,False,
bebd1e59-1ea4-4d49-96e9-5ed7811c17cf,Ordered Granola Bar got wrong flavor,Granola Bar,Resealable Bag v1,Northeast,Wrong Flavor,Call Center,2026-01-25T16:29:00,0.9,False,
76bf7b4d-5101-4447-9bf3-15fcd91e8d07,Stale Cookies Pack in Box 200g,Cookies Pack,Box 200g,Northeast,Stale Taste,Twitter,2026-01-25T16:38:00,0.91,False,
ed70f349-6330-403a-85a8-727f0d361303,Opened Granola Bar and it was stale,Granola Bar,Resealable Bag v2 - New Lid,Texas,Stale Taste,Call Center,2026-01-25T16:59:00,0.85,False,
6474565e-8493-43ee-b74e-8a2a4a63301f,Box 200g half empty - Granola Bar,Granola Bar,Box 200g,Pacific Northwest,Low Fill,Amazon Review,2026-01-25T17:01:00,0.68,False,
cb6a3aac-6f46-47e7-a250-6b96591d3821,"The Can 330ml won't close, goes stale in Midwest",Granola Bar,Can 330ml,Midwest,Seal Failure,Amazon Review,2026-01-25T17:29:00,0.6,False,
ab9f2939-7280-48c2-9aeb-487819ec2450,Box 200g leaking in transit to Texas,Crunchy Chips,Box 200g,Texas,Leaking,Twitter,2026-01-25T17:40:00,0.93,False,
bf393edd-2f4e-4b70-8fa5-0db424b17fbe,Can 330ml arrived torn,Cookies Pack,Can 330ml,California,Damaged Pack,Amazon Review,2026-01-25T18:07:00,0.88,False,
c94e9a5c-1d93-4832-b0ee-7ad8491a0f42,Opened Granola Bar and it was stale,Granola Bar,Resealable Bag v2 - New Lid,California,Stale Taste,Call Center,2026-01-25T18:12:00,0.66,False,
2410cf2b-84bd-417f-9517-2d8b6ed9bf6c,Ordered Crunchy Chips got wrong flavor,Crunchy Chips,Can 330ml,Midwest,Wrong Flavor,Call Center,2026-01-25T18:13:00,0.76,False,
7aa32524-fd68-462f-b122-6639eb2a18c7,Ordered Crunchy Chips got wrong flavor,Crunchy Chips,Box 200g,Midwest,Wrong Flavor,Twitter,2026-01-25T18:34:00,0.68,False,
748f0659-462a-4e72-9c4a-629fdda46bdd,Resealable Bag v1 half empty - Granola Bar,Granola Bar,Resealable Bag v1,Texas,Low Fill,Twitter,2026-01-25T18:38:00,0.66,False,
531df6bc-a33b-408b-8f10-4a2150c7a8d3,Soda Pop tastes stale from California,Soda Pop,Box 200g,California,Stale Taste,Twitter,2026-01-25T18:59:00,0.7,False,
288e8d1c-c0e0-4abe-ba83-b7b9d7f8ff48,Resealable Bag v1 arrived torn,Granola Bar,Resealable Bag v1,California,Damaged Pack,Email,2026-01-25T19:10:00,0.79,False,
ce9eb7d7-9810-4455-bf34-06fcb58abf9a,Stale Soda Pop in Box 200g,Soda Pop,Box 200g,Texas,Stale Taste,Call Center,2026-01-25T19:11:00,0.62,False,
c9fd2618-21be-4843-8616-5276e9d81454,Ordered Crunchy Chips got wrong flavor,Crunchy Chips,Resealable Bag v2 - New Lid,California,Wrong Flavor,Twitter,2026-01-25T19:23:00,0.94,False,
c6b0ff3e-a335-4980-aeaa-a80c925587b0,Box crushed in shipping to California,Cookies Pack,Box 200g,California,Damaged Pack,Email,2026-01-25T19:23:00,0.69,False,
7d2ca54c-a4fa-4caf-89f8-f7f708f7a65f,Box crushed in shipping to Midwest,Soda Pop,Resealable Bag v1,Midwest,Damaged Pack,Email,2026-01-25T19:24:00,0.87,False,
5a902ceb-fae9-4f57-8798-2463e9249694,Opened Crunchy Chips and it was stale,Crunchy Chips,Resealable Bag v1,Texas,Stale Taste,Email,2026-01-25T19:34:00,0.88,False,
213e1062-4ff5-4708-a5b4-93850bc2aa1e,Ordered Cookies Pack got wrong flavor,Cookies Pack,Resealable Bag v1,Pacific Northwest,Wrong Flavor,Email,2026-01-25T19:44:00,0.8,False,
ef568c5a-4e25-4f77-bed6-9ab168152edf,Resealable Bag v1 half empty - Crunchy Chips,Crunchy Chips,Resealable Bag v1,Pacific Northwest,Low Fill,Call Center,2026-01-25T19:51:00,0.73,False,
3af33a73-bbdc-41d2-b833-3f76ffe3f16e,Stale Soda Pop in Resealable Bag v1,Soda Pop,Resealable Bag v1,Midwest,Stale Taste,Twitter,2026-01-25T19:51:00,0.86,False,
050e6eaa-dbf4-4e70-ac82-5b985ea2f9e8,Box 200g arrived torn,Soda Pop,Box 200g,Pacific Northwest,Damaged Pack,Email,2026-01-25T20:02:00,0.72,False,
076f407a-65d8-432a-aa63-667c1b8e77e0,Resealable Bag v2 - New Lid arrived torn,Crunchy Chips,Resealable Bag v2 - New Lid,Midwest,Damaged Pack,Email,2026-01-25T20:07:00,0.81,False,
fea9ddfa-ef7e-4fb5-a2d9-fd1c1e9ed3f4,Soda Pop tastes stale from California,Soda Pop,Resealable Bag v1,California,Stale Taste,Twitter,2026-01-25T20:23:00,0.92,False,
68a0d24d-2327-4f7d-b0b5-a70d691bc9a2,Ordered Granola Bar got wrong flavor,Granola Bar,Resealable Bag v2 - New Lid,Pacific Northwest,Wrong Flavor,Twitter,2026-01-25T20:29:00,0.72,False,
d0fe4079-93b5-45d8-87e4-358f1709e477,"The Box 200g won't close, goes stale in Texas",Soda Pop,Box 200g,Texas,Seal Failure,Amazon Review,2026-01-25T20:30:00,0.7,False,
3b578711-dd0e-4cf6-9236-d5ac730d1516,Can 330ml leaking in transit to Pacific Northwest,Soda Pop,Can 330ml,Pacific Northwest,Leaking,Amazon Review,2026-01-25T20:46:00,0.69,False,
14235783-990b-4712-b923-b874d274d646,"The Resealable Bag v1 won't close, goes stale in Midwest",Granola Bar,Resealable Bag v1,Midwest,Seal Failure,Call Center,2026-01-25T20:48:00,0.67,False,
e6e71688-6ef1-46f6-b712-37ebc1f97b94,Resealable Bag v1 half empty - Granola Bar,Granola Bar,Resealable Bag v1,California,Low Fill,Call Center,2026-01-25T20:50:00,0.71,False,
5bf4bdf4-277a-4fed-89cb-ddf446c35e49,Box 200g leaking in transit to Midwest,Soda Pop,Box 200g,Midwest,Leaking,Email,2026-01-25T20:58:00,0.93,False,
74bc0500-09e8-430c-a492-2f1d312900b8,Opened Cookies Pack and it was stale,Cookies Pack,Resealable Bag v2 - New Lid,Pacific Northwest,Stale Taste,Twitter,2026-01-25T21:07:00,0.72,False,
22916975-94a2-4e76-9e3b-34ac311092ff,Box 200g leaking in transit to Northeast,Cookies Pack,Box 200g,Northeast,Leaking,Call Center,2026-01-25T21:20:00,0.82,False,
7c600ad3-6aa0-4e65-b4f9-07cb7b5a37a5,Box 200g half empty - Cookies Pack,Cookies Pack,Box 200g,Texas,Low Fill,Amazon Review,2026-01-25T21:30:00,0.88,False,
9eef6588-78c6-4093-bc68-894e787bf5e0,Ordered Crunchy Chips got wrong flavor,Crunchy Chips,Box 200g,Pacific Northwest,Wrong Flavor,Call Center,2026-01-25T21:35:00,0.69,False,
05d28f8f-c7ab-431f-ac44-1880e80c97f4,Opened Cookies Pack and it was stale,Cookies Pack,Can 330ml,Northeast,Stale Taste,Email,2026-01-25T21:42:00,0.76,False,
c7bb4fae-285d-4697-8eea-90934e7b3178,Ordered Granola Bar got wrong flavor,Granola Bar,Resealable Bag v1,Texas,Wrong Flavor,Twitter,2026-01-25T21:56:00,0.66,False,
5d693d23-491b-4a5e-9434-7d99cea20653,Ordered Crunchy Chips got wrong flavor,Crunchy Chips,Can 330ml,Northeast,Wrong Flavor,Amazon Review,2026-01-25T22:00:00,0.92,False,
57ea722c-e813-410b-9eac-3cf90adb3fc2,Resealable Bag v2 - New Lid half empty - Cookies Pack,Cookies Pack,Resealable Bag v2 - New Lid,California,Low Fill,Amazon Review,2026-01-25T22:11:00,0.66,False,
3a9c83b8-2cce-4049-956a-3bfd8e593b2e,Resealable Bag v1 half empty - Soda Pop,Soda Pop,Resealable Bag v1,California,Low Fill,Email,2026-01-25T22:13:00,0.71,False,
235370a9-5446-479b-8e7c-8e70825562ce,Resealable Bag v2 - New Lid half empty - Crunchy Chips,Crunchy Chips,Resealable Bag v2 - New Lid,Pacific Northwest,Low Fill,Twitter,2026-01-25T23:01:00,0.79,False,
3d6bb8b3-e52e-4436-9a93-5af582b41640,Resealable Can 330ml failed to close - Midwest,Crunchy Chips,Can 330ml,Midwest,Seal Failure,Call Center,2026-01-25T23:01:00,0.94,False,
b735a5aa-9e05-4326-8a85-598571a46025,Resealable Bag v1 leaking in transit to Texas,Granola Bar,Resealable Bag v1,Texas,Leaking,Call Center,2026-01-25T23:12:00,0.85,False,
af492e4c-1dc6-42ff-beb2-0d9b1ba3e41a,Resealable Bag v2 - New Lid arrived torn,Granola Bar,Resealable Bag v2 - New Lid,Texas,Damaged Pack,Amazon Review,2026-01-25T23:13:00,0.64,False,
955fc509-64d5-4ae4-8970-c8f3ac11e79d,Box 200g leaking in transit to California,Crunchy Chips,Box 200g,California,Leaking,Amazon Review,2026-01-25T23:25:00,0.92,False,
da484265-cec7-44fd-97bc-8869c2e9e736,Opened Cookies Pack and it was stale,Cookies Pack,Resealable Bag v1,Pacific Northwest,Stale Taste,Twitter,2026-01-25T23:42:00,0.67,False,
b5c09d51-9c1f-4560-ad0c-f84bb0528f9f,Resealable Bag v2 - New Lid leaking in transit to Midwest,Cookies Pack,Resealable Bag v2 - New Lid,Midwest,Leaking,Amazon Review,2026-01-25T23:48:00,0.94,False,
fc932638-0f7c-4d18-bc54-9d3967dfd73c,Resealable Bag v1 arrived torn,Crunchy Chips,Resealable Bag v1,Midwest,Damaged Pack,Twitter,2026-01-25T23:50:00,0.68,False,
1a6ba6b3-44ed-4b02-92a6-970fa424ace5,Opened Crunchy Chips and it was stale,Crunchy Chips,Box 200g,California,Stale Taste,Call Center,2026-01-25T23:53:00,0.71,False,
eee7dd98-eb9e-4584-8b09-1a62024a25ed,Box 200g leaking in transit to Pacific Northwest,Soda Pop,Box 200g,Pacific Northwest,Leaking,Call Center,2026-01-26T00:01:00,0.74,False,
b96c94c9-bd7f-465c-a119-c68c4dbf85d0,"The Resealable Bag v2 - New Lid won't close, goes stale in Northeast",Granola Bar,Resealable Bag v2 - New Lid,Northeast,Seal Failure,Twitter,2026-01-26T00:04:00,0.66,False,
eddd8b01-ba8e-4a45-ae55-62716ddee805,Ordered Soda Pop got wrong flavor,Soda Pop,Can 330ml,Texas,Wrong Flavor,Amazon Review,2026-01-26T00:11:00,0.78,False,
cee29ecc-6a3e-48cd-9eed-d2efd13369d3,Resealable Bag v2 - New Lid leaking in transit to Pacific Northwest,Granola Bar,Resealable Bag v2 - New Lid,Pacific Northwest,Leaking,Call Center,2026-01-26T00:15:00,0.76,False,
be2d16b7-ed59-4790-90fb-ca597954a470,Box 200g arrived torn,Crunchy Chips,Box 200g,Texas,Damaged Pack,Amazon Review,2026-01-26T00:15:00,0.79,False,
fdccd2c1-34d2-41f0-b00f-244c30cf865f,Opened Cookies Pack and it was stale,Cookies Pack,Resealable Bag v1,Northeast,Stale Taste,Call Center,2026-01-26T00:38:00,0.79,False,
cd127e13-ee14-4143-a877-276e8c62b273,Opened Cookies Pack and it was stale,Cookies Pack,Resealable Bag v2 - New Lid,Midwest,Stale Taste,Email,2026-01-26T00:43:00,0.63,False,
77f81438-05fd-40eb-87a6-42fe031a7773,Ordered Granola Bar got wrong flavor,Granola Bar,Can 330ml,Pacific Northwest,Wrong Flavor,Email,2026-01-26T00:46:00,0.93,False,
683e4039-591b-41e6-81a0-49d36769e5d4,Opened Cookies Pack and it was stale,Cookies Pack,Box 200g,Northeast,Stale Taste,Call Center,2026-01-26T01:11:00,0.63,False,
56ed43bd-390c-4df7-8e77-ffa090493292,Box crushed in shipping to Northeast,Cookies Pack,Box 200g,Northeast,Damaged Pack,Amazon Review,2026-01-26T01:25:00,0.61,False,
8cfb71f2-29b0-4243-946b-84903d461e49,Ordered Soda Pop got wrong flavor,Soda Pop,Resealable Bag v1,California,Wrong Flavor,Twitter,2026-01-26T01:28:00,0.76,False,
28e88a88-b304-4ea1-b914-6f8a87675b15,Resealable Bag v1 half empty - Soda Pop,Soda Pop,Resealable Bag v1,Midwest,Low Fill,Amazon Review,2026-01-26T01:42:00,0.86,False,
066a39ce-2a20-410d-a15f-e7fbce4c3120,Can 330ml arrived torn,Soda Pop,Can 330ml,Northeast,Damaged Pack,Twitter,2026-01-26T01:44:00,0.74,False,
8d1d0d0b-4a65-4ffd-a18f-5a24cfa3dd7d,Box crushed in shipping to California,Crunchy Chips,Resealable Bag v2 - New Lid,California,Damaged Pack,Amazon Review,2026-01-26T02:04:00,0.93,False,
b01581b2-45fa-4cad-99c3-670605ccb8ec,Ordered Cookies Pack got wrong flavor,Cookies Pack,Can 330ml,Midwest,Wrong Flavor,Twitter,2026-01-26T02:11:00,0.88,False,
0b73403d-4760-4226-9b6a-6b182f6eba30,Resealable Bag v1 half empty - Granola Bar,Granola Bar,Resealable Bag v1,Pacific Northwest,Low Fill,Email,2026-01-26T02:22:00,0.81,False,
0cec6271-cd91-4795-8260-60d25b950555,Ordered Soda Pop got wrong flavor,Soda Pop,Box 200g,Pacific Northwest,Wrong Flavor,Twitter,2026-01-26T02:23:00,0.8,False,
54f14303-9279-4328-b6f2-bfec5a21cfef,Ordered Soda Pop got wrong flavor,Soda Pop,Resealable Bag v2 - New Lid,Midwest,Wrong Flavor,Amazon Review,2026-01-26T02:24:00,0.69,False,
ef783a30-909b-4360-8c7b-d5430eaefcef,Stale Granola Bar in Can 330ml,Granola Bar,Can 330ml,Texas,Stale Taste,Call Center,2026-01-26T02:25:00,0.83,False,
8882fe42-7418-4063-9e3b-fcbbae7f8d79,Ordered Crunchy Chips got wrong flavor,Crunchy Chips,Can 330ml,California,Wrong Flavor,Email,2026-01-26T02:45:00,0.74,False,
2f8a5a2c-62de-434b-93bc-a5f4f112be32,New lid on Box 200g doesn't seal properly,Cookies Pack,Box 200g,Midwest,Seal Failure,Call Center,2026-01-26T02:56:00,0.85,False,
64dae320-5a2d-4ddb-93bd-77641b2443ce,New lid on Resealable Bag v1 doesn't seal properly,Crunchy Chips,Resealable Bag v1,Texas,Seal Failure,Call Center,2026-01-26T03:06:00,0.72,False,
5107aa98-c5dd-43fa-b3f5-4be076d59ac1,"The Box 200g won't close, goes stale in Texas",Soda Pop,Box 200g,Texas,Seal Failure,Call Center,2026-01-26T03:11:00,0.61,False,
9955a25a-94a5-441c-873b-8072e55492e7,Opened Crunchy Chips and it was stale,Crunchy Chips,Box 200g,Pacific Northwest,Stale Taste,Email,2026-01-26T03:19:00,0.84,False,
afe0bbe3-3575-4a1b-801f-f2efd7b24e05,Ordered Granola Bar got wrong flavor,Granola Bar,Resealable Bag v1,Midwest,Wrong Flavor,Email,2026-01-26T03:25:00,0.7,False,
e4f57071-78aa-4b78-8c9a-dada2e0324c2,Ordered Cookies Pack got wrong flavor,Cookies Pack,Box 200g,Northeast,Wrong Flavor,Email,2026-01-26T03:29:00,0.73,False,
e059e80e-8689-4d54-8225-75ded57aa519,Stale Cookies Pack in Box 200g,Cookies Pack,Box 200g,Texas,Stale Taste,Email,2026-01-26T03:35:00,0.77,False,
038b5086-619b-4010-97b9-83f9c59f96c5,Can 330ml half empty - Crunchy Chips,Crunchy Chips,Can 330ml,Pacific Northwest,Low Fill,Amazon Review,2026-01-26T03:38:00,0.93,False,
53b69790-c90d-4550-bd68-6067a91763b8,Stale Cookies Pack in Box 200g,Cookies Pack,Box 200g,California,Stale Taste,Email,2026-01-26T03:38:00,0.92,False,
4acc7ecb-6205-4199-a7cf-d7e82bbc1797,Box 200g half empty - Granola Bar,Granola Bar,Box 200g,Midwest,Low Fill,Twitter,2026-01-26T03:40:00,0.93,False,
410f2da2-b54f-4391-b6d0-3e9000d62fc8,Resealable Bag v2 - New Lid half empty - Crunchy Chips,Crunchy Chips,Resealable Bag v2 - New Lid,Midwest,Low Fill,Amazon Review,2026-01-26T03:54:00,0.8,False,
1ea4c23e-94e1-49f6-a00b-8253a6279bc0,Soda Pop tastes stale from California,Soda Pop,Box 200g,California,Stale Taste,Twitter,2026-01-26T03:58:00,0.93,False,
8cf70db8-25ff-407b-9eca-02603b072c22,Ordered Granola Bar got wrong flavor,Granola Bar,Box 200g,Midwest,Wrong Flavor,Twitter,2026-01-26T03:58:00,0.81,False,
62998a96-446a-4469-acd0-3f758a7c9394,Can 330ml leaking in transit to Northeast,Crunchy Chips,Can 330ml,Northeast,Leaking,Email,2026-01-26T04:06:00,0.87,False,
8ec891f9-b493-42d1-af53-9454c5580392,Resealable Bag v1 leaking in transit to Northeast,Granola Bar,Resealable Bag v1,Northeast,Leaking,Amazon Review,2026-01-26T04:16:00,0.62,False,
3bb1f218-a769-4388-a31f-c33f1298a792,Resealable Resealable Bag v2 - New Lid failed to close - Northeast,Soda Pop,Resealable Bag v2 - New Lid,Northeast,Seal Failure,Amazon Review,2026-01-26T04:18:00,0.79,False,
7ab5f918-45df-440a-b91c-20af99291944,Box 200g half empty - Crunchy Chips,Crunchy Chips,Box 200g,California,Low Fill,Amazon Review,2026-01-26T04:21:00,0.75,False,
a15fb5c9-94c0-4ec5-b621-96fe7bdc8a27,Opened Crunchy Chips and it was stale,Crunchy Chips,Box 200g,Pacific Northwest,Stale Taste,Call Center,2026-01-26T04:27:00,0.75,False,
4d9d2a26-508b-4ea3-a022-59bb82964ad8,Ordered Crunchy Chips got wrong flavor,Crunchy Chips,Resealable Bag v2 - New Lid,Pacific Northwest,Wrong Flavor,Amazon Review,2026-01-26T04:32:00,0.93,False,
6f5005c0-b8d6-4af0-888b-d6b492381ab3,Resealable Bag v1 half empty - Granola Bar,Granola Bar,Resealable Bag v1,Midwest,Low Fill,Twitter,2026-01-26T04:34:00,0.87,False,
ded9e912-166e-4956-b66d-18a77f1a6d7d,Resealable Bag v2 - New Lid leaking in transit to Midwest,Crunchy Chips,Resealable Bag v2 - New Lid,Midwest,Leaking,Amazon Review,2026-01-26T04:43:00,0.62,False,
d9cf763f-a3ea-417b-9290-6518fd57bb0a,Resealable Bag v2 - New Lid half empty - Crunchy Chips,Crunchy Chips,Resealable Bag v2 - New Lid,Texas,Low Fill,Twitter,2026-01-26T04:51:00,0.77,False,
96954895-0c4b-4a13-a9e0-6a59beeca720,Resealable Bag v2 - New Lid leaking in transit to Northeast,Soda Pop,Resealable Bag v2 - New Lid,Northeast,Leaking,Call Center,2026-01-26T04:53:00,0.79,False,
6be74781-613f-4762-8b89-3be6c226839b,Resealable Bag v2 - New Lid half empty - Crunchy Chips,Crunchy Chips,Resealable Bag v2 - New Lid,Northeast,Low Fill,Amazon Review,2026-01-26T05:01:00,0.93,False,
708ddf86-97d1-4060-9e1e-07609a11482c,Resealable Resealable Bag v1 failed to close - Northeast,Soda Pop,Resealable Bag v1,Northeast,Seal Failure,Email,2026-01-26T05:12:00,0.89,False,
49c8cf18-bb86-4c13-a806-cdc656ce9912,Ordered Cookies Pack got wrong flavor,Cookies Pack,Resealable Bag v1,Texas,Wrong Flavor,Twitter,2026-01-26T05:14:00,0.8,False,
301f345a-17dd-4f86-8a7e-d2bbd5a3b5d4,Ordered Granola Bar got wrong flavor,Granola Bar,Resealable Bag v2 - New Lid,Pacific Northwest,Wrong Flavor,Email,2026-01-26T05:16:00,0.91,False,
cb83058c-94d0-44c6-947f-02f6ca1415aa,Resealable Bag v1 arrived torn,Soda Pop,Resealable Bag v1,Pacific Northwest,Damaged Pack,Email,2026-01-26T05:29:00,0.64,False,
9f3f4d75-494a-4876-9c77-946616531c78,Resealable Bag v1 arrived torn,Granola Bar,Resealable Bag v1,California,Damaged Pack,Call Center,2026-01-26T05:36:00,0.64,False,
0abc5786-fa1e-4560-993b-aab793a291be,Can 330ml half empty - Crunchy Chips,Crunchy Chips,Can 330ml,Pacific Northwest,Low Fill,Email,2026-01-26T05:37:00,0.73,False,
0875b99d-62e0-4924-99dd-3013e17a1d7e,Ordered Crunchy Chips got wrong flavor,Crunchy Chips,Resealable Bag v2 - New Lid,Midwest,Wrong Flavor,Call Center,2026-01-26T05:39:00,0.73,False,
0496ddb8-2eb2-4384-8e92-fcb84043a252,Resealable Resealable Bag v1 failed to close - Pacific Northwest,Crunchy Chips,Resealable Bag v1,Pacific Northwest,Seal Failure,Call Center,2026-01-26T05:42:00,0.74,False,
38077b97-262e-4a3f-975a-0502d66b1696,Can 330ml arrived torn,Crunchy Chips,Can 330ml,Midwest,Damaged Pack,Call Center,2026-01-26T05:45:00,0.77,False,
193db882-43ef-45bd-970b-17157dc139e2,New lid on Resealable Bag v1 doesn't seal properly,Cookies Pack,Resealable Bag v1,California,Seal Failure,Amazon Review,2026-01-26T05:48:00,0.86,False,
be09b2d5-e3e4-454a-a281-c384e4ea995f,Ordered Crunchy Chips got wrong flavor,Crunchy Chips,Resealable Bag v2 - New Lid,Northeast,Wrong Flavor,Call Center,2026-01-26T05:54:00,0.78,False,
05fa1e3c-6c43-4569-8652-f37af974b9e2,Box crushed in shipping to Texas,Granola Bar,Resealable Bag v2 - New Lid,Texas,Damaged Pack,Amazon Review,2026-01-26T06:05:00,0.72,False,
8bcb291e-1e05-47c5-b292-7802925e4050,Resealable Box 200g failed to close - Pacific Northwest,Crunchy Chips,Box 200g,Pacific Northwest,Seal Failure,Amazon Review,2026-01-26T06:10:00,0.9,False,
0da70993-339d-4648-a1ba-cb450b5d6871,Granola Bar tastes stale from California,Granola Bar,Resealable Bag v2 - New Lid,California,Stale Taste,Email,2026-01-26T06:40:00,0.71,False,
a0765a9d-7d9d-432c-886c-98e2a9815e0e,Box crushed in shipping to California,Crunchy Chips,Resealable Bag v2 - New Lid,California,Damaged Pack,Amazon Review,2026-01-26T06:40:00,0.74,False,
7decd0ba-c65f-4d86-9837-b21c904c6dfc,Can 330ml half empty - Cookies Pack,Cookies Pack,Can 330ml,Midwest,Low Fill,Twitter,2026-01-26T06:46:00,0.89,False,
453037ce-07ab-407a-bf07-8cd920d522a4,Ordered Granola Bar got wrong flavor,Granola Bar,Resealable Bag v1,Northeast,Wrong Flavor,Twitter,2026-01-26T06:47:00,0.65,False,
677b4d4b-032a-4d55-9041-117e75074fbd,Box crushed in shipping to Midwest,Cookies Pack,Box 200g,Midwest,Damaged Pack,Twitter,2026-01-26T06:47:00,0.78,False,
72c61a13-6c7e-4a42-ba2a-898056d32a11,Box crushed in shipping to Texas,Cookies Pack,Can 330ml,Texas,Damaged Pack,Email,2026-01-26T06:50:00,0.61,False,
6c0e1bca-f8a7-4cd0-a5e0-89cf298698c6,Box 200g half empty - Soda Pop,Soda Pop,Box 200g,Pacific Northwest,Low Fill,Email,2026-01-26T06:50:00,0.75,False,
4d66ff6e-f3ad-47fc-b8af-8c73f2da9c44,Box crushed in shipping to Pacific Northwest,Soda Pop,Resealable Bag v1,Pacific Northwest,Damaged Pack,Email,2026-01-26T06:54:00,0.76,False,
3c925799-58db-4ee7-b1f2-4813403459b3,Ordered Granola Bar got wrong flavor,Granola Bar,Resealable Bag v2 - New Lid,Texas,Wrong Flavor,Email,2026-01-26T07:00:00,0.61,False,
600b59f3-6730-434d-87a9-01c1fc8b6405,Resealable Resealable Bag v2 - New Lid failed to close - California,Soda Pop,Resealable Bag v2 - New Lid,California,Seal Failure,Call Center,2026-01-26T07:02:00,0.93,False,
943450e1-62e5-4b21-bb60-bee2daa03b2a,Resealable Bag v2 - New Lid half empty - Crunchy Chips,Crunchy Chips,Resealable Bag v2 - New Lid,California,Low Fill,Twitter,2026-01-26T07:09:00,0.82,False,
97c06588-dbd4-4029-be8e-47acf5d5387e,Ordered Crunchy Chips got wrong flavor,Crunchy Chips,Can 330ml,Texas,Wrong Flavor,Call Center,2026-01-26T07:13:00,0.86,False,
5a2c4370-d7fb-4ea2-a35d-3995c9713e64,Stale Granola Bar in Can 330ml,Granola Bar,Can 330ml,Northeast,Stale Taste,Call Center,2026-01-26T07:19:00,0.89,False,
a1e78b6b-ff7c-4087-84b7-afa2d4aa05fe,Can 330ml leaking in transit to California,Soda Pop,Can 330ml,California,Leaking,Twitter,2026-01-26T07:39:00,0.61,False,
fdf73c4a-6610-4466-8b88-cb29ba18f81b,Soda Pop tastes stale from Northeast,Soda Pop,Box 200g,Northeast,Stale Taste,Twitter,2026-01-26T07:50:00,0.71,False,
34136c71-9131-4989-a792-1ebf8841cd62,New lid on Resealable Bag v2 - New Lid doesn't seal properly,Crunchy Chips,Resealable Bag v2 - New Lid,Midwest,Seal Failure,Amazon Review,2026-01-26T07:59:00,0.7,False,
70f0854d-485b-4c6c-863d-4bddbfaf36ac,Can 330ml leaking in transit to Midwest,Cookies Pack,Can 330ml,Midwest,Leaking,Email,2026-01-26T07:59:00,0.7,False,
8109e167-4886-4832-b9e9-3c8f645b022e,Resealable Bag v2 - New Lid leaking in transit to California,Cookies Pack,Resealable Bag v2 - New Lid,California,Leaking,Call Center,2026-01-26T08:04:00,0.94,False,
a591650d-00bb-4b40-ab77-52bd45268339,Box 200g leaking in transit to Texas,Soda Pop,Box 200g,Texas,Leaking,Amazon Review,2026-01-26T08:08:00,0.69,False,
a5c1c2c9-a294-4834-ab8f-079a6f5f0a13,Resealable Bag v2 - New Lid arrived torn,Soda Pop,Resealable Bag v2 - New Lid,California,Damaged Pack,Amazon Review,2026-01-26T08:11:00,0.64,False,
349f424e-e0da-469d-9523-338bfedc0b77,Box 200g arrived torn,Crunchy Chips,Box 200g,Midwest,Damaged Pack,Twitter,2026-01-26T08:30:00,0.68,False,
bf323a66-ec28-4453-80c9-21926ae57f6a,Box crushed in shipping to Midwest,Soda Pop,Box 200g,Midwest,Damaged Pack,Amazon Review,2026-01-26T08:44:00,0.9,False,
0a049192-c024-4b61-ba91-588a05564810,Box 200g leaking in transit to Pacific Northwest,Cookies Pack,Box 200g,Pacific Northwest,Leaking,Amazon Review,2026-01-26T08:48:00,0.83,False,
8bbda5e3-022e-40b6-a6ac-5b0ac150de1f,Resealable Bag v2 - New Lid half empty - Soda Pop,Soda Pop,Resealable Bag v2 - New Lid,Northeast,Low Fill,Call Center,2026-01-26T08:51:00,0.62,False,
7ff325ea-d45d-436c-87d6-649754f4cd8a,Opened Soda Pop and it was stale,Soda Pop,Resealable Bag v2 - New Lid,Midwest,Stale Taste,Amazon Review,2026-01-26T09:16:00,0.8,False,
39c37524-0306-4722-b3b7-9dcc00aa9467,Can 330ml half empty - Soda Pop,Soda Pop,Can 330ml,California,Low Fill,Call Center,2026-01-26T09:18:00,0.76,False,
fcef6025-ee9c-4865-8a6c-fddd5806a51c,Stale Granola Bar in Box 200g,Granola Bar,Box 200g,Texas,Stale Taste,Twitter,2026-01-26T09:18:00,0.67,False,
45dde572-be46-4d58-82d3-e68daa2597e5,Ordered Granola Bar got wrong flavor,Granola Bar,Resealable Bag v2 - New Lid,Midwest,Wrong Flavor,Twitter,2026-01-26T09:37:00,0.82,False,
4e14c622-d5fd-4c69-9ca5-b9f44b3308a1,New lid on Box 200g doesn't seal properly,Granola Bar,Box 200g,California,Seal Failure,Twitter,2026-01-26T09:39:00,0.8,False,
a0f51bfd-1f50-4778-af88-125f3dfae914,Can 330ml leaking in transit to Northeast,Granola Bar,Can 330ml,Northeast,Leaking,Email,2026-01-26T09:39:00,0.72,False,
3bfcd9ea-bbd1-4e3e-8689-f1342b3a9e2a,Ordered Granola Bar got wrong flavor,Granola Bar,Resealable Bag v1,California,Wrong Flavor,Twitter,2026-01-26T09:48:00,0.88,False,
0aa01a62-ce65-447f-8f74-0b02e738e085,Box crushed in shipping to Pacific Northwest,Crunchy Chips,Resealable Bag v2 - New Lid,Pacific Northwest,Damaged Pack,Email,2026-01-26T10:04:00,0.92,False,
8ffe3fa0-e21e-46e0-8323-33ab3f9c5b44,Resealable Bag v2 - New Lid leaking in transit to Pacific Northwest,Cookies Pack,Resealable Bag v2 - New Lid,Pacific Northwest,Leaking,Email,2026-01-26T10:09:00,0.78,False,
89d4617a-1d0e-4121-a16e-a3cfca086d8d,Crunchy Chips tastes stale from California,Crunchy Chips,Resealable Bag v2 - New Lid,California,Stale Taste,Amazon Review,2026-01-26T10:30:00,0.63,False,
6cb85d77-e1e4-490f-bf8b-ccc1c5263979,Box 200g arrived torn,Cookies Pack,Box 200g,Midwest,Damaged Pack,Email,2026-01-26T10:31:00,0.72,False,
9f4e96c5-a338-497f-a4ff-cb109933793a,New lid on Box 200g doesn't seal properly,Cookies Pack,Box 200g,California,Seal Failure,Email,2026-01-26T10:32:00,0.91,False,
2116f32f-9e50-4006-9b04-e291f65c78fa,Box crushed in shipping to California,Granola Bar,Resealable Bag v2 - New Lid,California,Damaged Pack,Email,2026-01-26T10:36:00,0.81,False,
70c465ea-61da-400e-b560-77b2dce8ad37,Ordered Granola Bar got wrong flavor,Granola Bar,Box 200g,Midwest,Wrong Flavor,Amazon Review,2026-01-26T10:36:00,0.63,False,
bcaf9b56-8975-428e-860d-4541703bf24b,Opened Crunchy Chips and it was stale,Crunchy Chips,Resealable Bag v1,Midwest,Stale Taste,Call Center,2026-01-26T10:41:00,0.8,False,
00a5c3f3-e209-466f-95af-318123fbb370,"The Resealable Bag v2 - New Lid won't close, goes stale in California",Crunchy Chips,Resealable Bag v2 - New Lid,California,Seal Failure,Call Center,2026-01-26T10:51:00,0.92,False,
171d7592-e26b-493f-aad8-c6114defc916,Box 200g half empty - Granola Bar,Granola Bar,Box 200g,California,Low Fill,Amazon Review,2026-01-26T10:59:00,0.93,False,
6f897e95-8a9d-4072-9994-96619960733f,Granola Bar tastes stale from Midwest,Granola Bar,Resealable Bag v2 - New Lid,Midwest,Stale Taste,Twitter,2026-01-26T11:19:00,0.77,False,
342bcc0e-06d4-4428-ab29-8ae9fe23b532,Ordered Crunchy Chips got wrong flavor,Crunchy Chips,Can 330ml,Midwest,Wrong Flavor,Email,2026-01-26T11:30:00,0.87,False,
aa028fc3-bd29-46aa-8af6-73228fde01e1,Resealable Bag v2 - New Lid half empty - Soda Pop,Soda Pop,Resealable Bag v2 - New Lid,Pacific Northwest,Low Fill,Amazon Review,2026-01-26T11:40:00,0.6,False,
28067c4c-e34d-4d21-b40a-8b8b0ff597ea,Resealable Bag v2 - New Lid half empty - Granola Bar,Granola Bar,Resealable Bag v2 - New Lid,California,Low Fill,Amazon Review,2026-01-26T11:41:00,0.78,False,
ee0efb6d-824f-453e-9945-c58460114451,Can 330ml arrived torn,Soda Pop,Can 330ml,California,Damaged Pack,Call Center,2026-01-26T11:46:00,0.87,False,
498b01b4-794f-47db-ba30-64120e04c31c,Resealable Bag v1 arrived torn,Crunchy Chips,Resealable Bag v1,Northeast,Damaged Pack,Email,2026-01-26T11:47:00,0.93,False,
d248ad67-fa5b-45a7-9b67-8ce0e7e88113,Granola Bar tastes stale from Pacific Northwest,Granola Bar,Resealable Bag v1,Pacific Northwest,Stale Taste,Call Center,2026-01-26T12:11:00,0.87,False,
4a5595a1-4a72-488e-aff3-8677dce92e15,Box 200g leaking in transit to California,Cookies Pack,Box 200g,California,Leaking,Amazon Review,2026-01-26T12:22:00,0.76,False,
8b19c1bb-bfe2-4c04-b507-a3fc9be51393,Can 330ml leaking in transit to Northeast,Granola Bar,Can 330ml,Northeast,Leaking,Amazon Review,2026-01-26T12:51:00,0.91,False,
7259b28c-c108-4f80-a82a-79237777142f,Resealable Bag v2 - New Lid half empty - Crunchy Chips,Crunchy Chips,Resealable Bag v2 - New Lid,California,Low Fill,Call Center,2026-01-26T13:02:00,0.84,False,
7b44618e-7b5a-4b51-b477-ecb3e089ed4a,Resealable Bag v2 - New Lid arrived torn,Cookies Pack,Resealable Bag v2 - New Lid,Midwest,Damaged Pack,Email,2026-01-26T13:22:00,0.82,False,
5dffcc46-da8e-4bb8-8a38-9f29b09cecdd,Soda Pop tastes stale from Northeast,Soda Pop,Resealable Bag v1,Northeast,Stale Taste,Email,2026-01-26T13:23:00,0.89,False,
533d2827-3f19-43d4-b95c-aae0ad908d0b,Soda Pop tastes stale from Midwest,Soda Pop,Resealable Bag v2 - New Lid,Midwest,Stale Taste,Call Center,2026-01-26T13:27:00,0.76,False,
ed51814a-2a21-4aba-b19e-37180724acec,Can 330ml arrived torn,Soda Pop,Can 330ml,Midwest,Damaged Pack,Amazon Review,2026-01-26T13:31:00,0.61,False,
b57e439a-3fc1-4694-bfbc-3a6aed67dcfe,Box crushed in shipping to Northeast,Cookies Pack,Can 330ml,Northeast,Damaged Pack,Call Center,2026-01-26T13:39:00,0.94,False,
eef17087-e2a7-4cb8-8a8f-5f0235aefb3f,Ordered Crunchy Chips got wrong flavor,Crunchy Chips,Resealable Bag v1,Texas,Wrong Flavor,Amazon Review,2026-01-26T13:45:00,0.83,False,
77f35c32-e6d2-41ae-b30b-81d8902b07bb,Box 200g leaking in transit to California,Cookies Pack,Box 200g,California,Leaking,Twitter,2026-01-26T13:53:00,0.82,False,
44240a59-7dfd-46f8-b8c2-0d729b7ae623,Box crushed in shipping to California,Cookies Pack,Can 330ml,California,Damaged Pack,Amazon Review,2026-01-26T13:59:00,0.75,False,
6fb66f21-3afe-4e03-872a-288676b312d6,Resealable Resealable Bag v1 failed to close - Pacific Northwest,Soda Pop,Resealable Bag v1,Pacific Northwest,Seal Failure,Amazon Review,2026-01-26T14:02:00,0.73,False,
b8012543-5871-491c-a580-06e9aef76cf9,Ordered Soda Pop got wrong flavor,Soda Pop,Can 330ml,California,Wrong Flavor,Amazon Review,2026-01-26T14:05:00,0.94,False,
ca985257-cf49-42ac-a384-c26daa3c958a,Ordered Granola Bar got wrong flavor,Granola Bar,Resealable Bag v2 - New Lid,Pacific Northwest,Wrong Flavor,Twitter,2026-01-26T14:21:00,0.77,False,
f1c9e998-a245-44c6-aae0-b54c6f325a57,New lid on Box 200g doesn't seal properly,Crunchy Chips,Box 200g,Pacific Northwest,Seal Failure,Call Center,2026-01-26T14:24:00,0.89,False,
ec204bc8-4c65-4242-a937-a74a2fd68a47,Resealable Bag v1 leaking in transit to Pacific Northwest,Cookies Pack,Resealable Bag v1,Pacific Northwest,Leaking,Amazon Review,2026-01-26T14:29:00,0.84,False,
3e82c2ea-8b49-4235-b0eb-77ccbbcebd12,Stale Granola Bar in Box 200g,Granola Bar,Box 200g,Midwest,Stale Taste,Call Center,2026-01-26T14:31:00,0.84,False,
67dba845-5de1-4e81-be83-543388fe25dc,Resealable Box 200g failed to close - California,Granola Bar,Box 200g,California,Seal Failure,Call Center,2026-01-26T14:32:00,0.86,False,
049f779c-623f-4198-aaf3-3553c4c769af,Ordered Soda Pop got wrong flavor,Soda Pop,Can 330ml,Northeast,Wrong Flavor,Amazon Review,2026-01-26T14:55:00,0.63,False,
ae270463-63ec-4d69-8f75-26a185a09b1b,Can 330ml arrived torn,Crunchy Chips,Can 330ml,Pacific Northwest,Damaged Pack,Amazon Review,2026-01-26T14:59:00,0.83,False,
a58544c6-5ad1-470b-901e-341386a4fa6c,Box 200g half empty - Crunchy Chips,Crunchy Chips,Box 200g,California,Low Fill,Amazon Review,2026-01-26T15:00:00,0.67,False,
1d23802f-b50e-4349-a979-0eb31bf98184,Can 330ml leaking in transit to Pacific Northwest,Crunchy Chips,Can 330ml,Pacific Northwest,Leaking,Amazon Review,2026-01-26T15:26:00,0.84,False,
215d6002-aa7b-4259-a993-d5e8d7e34ede,"The Resealable Bag v1 won't close, goes stale in Texas",Crunchy Chips,Resealable Bag v1,Texas,Seal Failure,Email,2026-01-26T15:28:00,0.89,False,
c1bf7602-a7f3-4912-9605-90ae7ccd4d8b,Box 200g arrived torn,Soda Pop,Box 200g,Midwest,Damaged Pack,Amazon Review,2026-01-26T15:47:00,0.83,False,
9f732495-98f4-48a4-9e47-f60de98ae3c1,Ordered Cookies Pack got wrong flavor,Cookies Pack,Resealable Bag v1,California,Wrong Flavor,Email,2026-01-26T15:47:00,0.82,False,
5463ea8e-cbd6-4e5c-918b-29fef5097d1b,Ordered Cookies Pack got wrong flavor,Cookies Pack,Box 200g,Midwest,Wrong Flavor,Email,2026-01-26T15:56:00,0.86,False,
bde0a7ab-fab4-4807-9c60-1eb966e19f48,Crunchy Chips tastes stale from California,Crunchy Chips,Resealable Bag v1,California,Stale Taste,Twitter,2026-01-26T16:05:00,0.8,False,
e8d73a2e-80d6-49cd-8b92-e8769ace3924,Resealable Bag v2 - New Lid leaking in transit to California,Soda Pop,Resealable Bag v2 - New Lid,California,Leaking,Call Center,2026-01-26T16:06:00,0.69,False,
fc7edca5-b527-44a4-a429-59e11aa70065,Resealable Bag v1 arrived torn,Granola Bar,Resealable Bag v1,California,Damaged Pack,Email,2026-01-26T16:11:00,0.72,False,
6f93232f-130c-4242-91ea-fa4d476f7963,Resealable Bag v2 - New Lid leaking in transit to Texas,Soda Pop,Resealable Bag v2 - New Lid,Texas,Leaking,Twitter,2026-01-26T16:22:00,0.95,False,
687b47cd-33cf-4229-a91f-e0f64b1348f0,Box 200g leaking in transit to Midwest,Soda Pop,Box 200g,Midwest,Leaking,Twitter,2026-01-26T16:25:00,0.94,False,
b5de4d4e-25af-4337-96fa-f95acfa1046d,Box crushed in shipping to Midwest,Crunchy Chips,Resealable Bag v2 - New Lid,Midwest,Damaged Pack,Amazon Review,2026-01-26T16:40:00,0.93,False,
3e96c568-0e0d-455e-85af-30f7becdd0d8,Stale Soda Pop in Box 200g,Soda Pop,Box 200g,Pacific Northwest,Stale Taste,Amazon Review,2026-01-26T16:51:00,0.82,False,
04217be7-b99a-41fe-82b1-ebf51d132808,Can 330ml leaking in transit to Texas,Crunchy Chips,Can 330ml,Texas,Leaking,Amazon Review,2026-01-26T16:54:00,0.82,False,
94203858-aa79-44bf-b4cb-bafd8c5972b1,Resealable Bag v2 - New Lid half empty - Crunchy Chips,Crunchy Chips,Resealable Bag v2 - New Lid,Midwest,Low Fill,Amazon Review,2026-01-26T16:56:00,0.95,False,
7195ffc3-cb1e-4108-b9a2-7219146f942a,Resealable Resealable Bag v1 failed to close - Northeast,Soda Pop,Resealable Bag v1,Northeast,Seal Failure,Twitter,2026-01-26T16:57:00,0.86,False,
054cb03a-62da-471e-aaa9-abe3153d84d9,Resealable Bag v1 arrived torn,Crunchy Chips,Resealable Bag v1,California,Damaged Pack,Twitter,2026-01-26T17:14:00,0.66,False,
9bce382c-5d18-44e4-8fb2-dfa02f5a8373,Resealable Bag v2 - New Lid half empty - Soda Pop,Soda Pop,Resealable Bag v2 - New Lid,Northeast,Low Fill,Amazon Review,2026-01-26T17:34:00,0.94,False,
243f3fbb-f9e1-4cd9-a0f5-0aed5c0ab827,Resealable Bag v1 half empty - Cookies Pack,Cookies Pack,Resealable Bag v1,Midwest,Low Fill,Amazon Review,2026-01-26T17:40:00,0.73,False,
89ca5a8c-6503-4441-b1ea-6cf740c5a9aa,Stale Cookies Pack in Resealable Bag v1,Cookies Pack,Resealable Bag v1,Northeast,Stale Taste,Amazon Review,2026-01-26T17:44:00,0.88,False,
eab26c70-94c6-4165-a76e-ca5059c053cc,Crunchy Chips tastes stale from Northeast,Crunchy Chips,Resealable Bag v1,Northeast,Stale Taste,Email,2026-01-26T17:50:00,0.69,False,
be28c438-91ee-47bb-89ef-d4e846621f98,Cookies Pack tastes stale from Midwest,Cookies Pack,Can 330ml,Midwest,Stale Taste,Amazon Review,2026-01-26T18:04:00,0.91,False,
5695ee2f-0c91-4947-9d0c-990776a55fc2,Box crushed in shipping to Pacific Northwest,Cookies Pack,Can 330ml,Pacific Northwest,Damaged Pack,Amazon Review,2026-01-26T18:12:00,0.7,False,
39d6e681-d3b4-4c1e-80a2-2e7ee810c2f2,Resealable Bag v2 - New Lid arrived torn,Granola Bar,Resealable Bag v2 - New Lid,Midwest,Damaged Pack,Call Center,2026-01-26T18:12:00,0.61,False,
4f403b68-17f1-460c-9be7-50064f59577d,New lid on Can 330ml doesn't seal properly,Granola Bar,Can 330ml,Midwest,Seal Failure,Twitter,2026-01-26T18:17:00,0.73,False,
30196f27-4565-46e0-adf4-94738e6e1e17,Resealable Bag v2 - New Lid leaking in transit to Midwest,Granola Bar,Resealable Bag v2 - New Lid,Midwest,Leaking,Call Center,2026-01-26T18:31:00,0.8,False,
9cbd9be3-108f-4f76-863e-04f888d5b2f8,Ordered Cookies Pack got wrong flavor,Cookies Pack,Resealable Bag v2 - New Lid,Pacific Northwest,Wrong Flavor,Call Center,2026-01-26T18:48:00,0.77,False,
f87557ff-adcc-4941-8ac7-0b4b0d693e43,Opened Granola Bar and it was stale,Granola Bar,Resealable Bag v2 - New Lid,Midwest,Stale Taste,Twitter,2026-01-26T18:48:00,0.6,False,
24eb1a82-f7ae-4eef-ba95-698cc1361c1b,Opened Crunchy Chips and it was stale,Crunchy Chips,Can 330ml,Midwest,Stale Taste,Twitter,2026-01-26T18:54:00,0.61,False,
6e8e7bcc-86a3-494f-baef-638bfa162e95,Resealable Bag v2 - New Lid half empty - Soda Pop,Soda Pop,Resealable Bag v2 - New Lid,Midwest,Low Fill,Email,2026-01-26T19:00:00,0.73,False,
91393162-7a46-4aa8-be1e-5cc26e2dc64c,Resealable Bag v1 half empty - Soda Pop,Soda Pop,Resealable Bag v1,Pacific Northwest,Low Fill,Call Center,2026-01-26T19:02:00,0.72,False,
5c3e7f5f-fe33-4cb9-9407-ee3de411c995,Resealable Bag v1 arrived torn,Granola Bar,Resealable Bag v1,Pacific Northwest,Damaged Pack,Amazon Review,2026-01-26T19:37:00,0.75,False,
616dedbd-1302-4523-ae30-768730979057,Box 200g leaking in transit to California,Cookies Pack,Box 200g,California,Leaking,Amazon Review,2026-01-26T19:45:00,0.74,False,
7498a2bf-7663-4b44-bfae-95418772704f,Resealable Bag v2 - New Lid half empty - Granola Bar,Granola Bar,Resealable Bag v2 - New Lid,California,Low Fill,Twitter,2026-01-26T19:46:00,0.94,False,
d73ccb99-5d0e-4477-890d-1b62cb05864a,Ordered Granola Bar got wrong flavor,Granola Bar,Resealable Bag v2 - New Lid,Texas,Wrong Flavor,Amazon Review,2026-01-26T19:47:00,0.94,False,
387f388b-c2c1-403e-a1ec-156edb55c4d5,Can 330ml leaking in transit to California,Granola Bar,Can 330ml,California,Leaking,Email,2026-01-26T19:54:00,0.95,False,
67c2f2c2-568d-450c-84bd-2d56bd9f801a,Can 330ml arrived torn,Crunchy Chips,Can 330ml,Pacific Northwest,Damaged Pack,Email,2026-01-26T19:59:00,0.63,False,
fdc24457-8de2-4460-98a2-4d07d2312e8e,Box 200g half empty - Granola Bar,Granola Bar,Box 200g,Northeast,Low Fill,Amazon Review,2026-01-26T20:11:00,0.82,False,
e43de45b-bac9-48cc-9af9-0cce2305270c,"The Resealable Bag v1 won't close, goes stale in Northeast",Soda Pop,Resealable Bag v1,Northeast,Seal Failure,Twitter,2026-01-26T20:22:00,0.62,False,
c8553376-fd59-45f6-bd88-e8f6de6d3308,Cookies Pack tastes stale from Midwest,Cookies Pack,Resealable Bag v2 - New Lid,Midwest,Stale Taste,Email,2026-01-26T20:27:00,0.84,False,
26b29a32-31a0-4681-ad14-970ef9ca0352,"The Resealable Bag v2 - New Lid won't close, goes stale in Midwest",Granola Bar,Resealable Bag v2 - New Lid,Midwest,Seal Failure,Call Center,2026-01-26T20:46:00,0.86,False,
1685b780-6a50-44e4-bfec-042c57c0b45e,Box crushed in shipping to Texas,Granola Bar,Box 200g,Texas,Damaged Pack,Amazon Review,2026-01-26T20:48:00,0.69,False,
ff50ecb7-b239-4480-b072-d580c6e06f8b,Resealable Bag v2 - New Lid leaking in transit to Northeast,Granola Bar,Resealable Bag v2 - New Lid,Northeast,Leaking,Email,2026-01-26T20:58:00,0.85,False,
0d956a3c-2773-4a77-81aa-0d5083a720b2,Resealable Bag v1 leaking in transit to Pacific Northwest,Cookies Pack,Resealable Bag v1,Pacific Northwest,Leaking,Call Center,2026-01-26T21:09:00,0.71,False,
2c464113-09b0-4512-b739-315f0180f31d,Can 330ml half empty - Granola Bar,Granola Bar,Can 330ml,Northeast,Low Fill,Amazon Review,2026-01-26T21:16:00,0.83,False,
d3faa970-dc6e-4d5a-928c-a7604b522992,Can 330ml leaking in transit to California,Cookies Pack,Can 330ml,California,Leaking,Call Center,2026-01-26T21:30:00,0.74,False,
0119b9e0-b867-4ef3-bb1b-73450fd66599,New lid on Box 200g doesn't seal properly,Soda Pop,Box 200g,Northeast,Seal Failure,Twitter,2026-01-26T21:32:00,0.86,False,
a74fb61d-592e-4011-af1e-adf6f2438562,"The Resealable Bag v1 won't close, goes stale in Midwest",Granola Bar,Resealable Bag v1,Midwest,Seal Failure,Amazon Review,2026-01-26T21:34:00,0.88,False,
a95aa29c-a17e-4c1d-912c-4bd7f06bff23,Can 330ml leaking in transit to Pacific Northwest,Crunchy Chips,Can 330ml,Pacific Northwest,Leaking,Amazon Review,2026-01-26T21:42:00,0.67,False,
0e27a9ab-94f5-4183-96ae-71aef889d196,"The Box 200g won't close, goes stale in Midwest",Granola Bar,Box 200g,Midwest,Seal Failure,Call Center,2026-01-26T22:05:00,0.92,False,
86132c2f-39a5-4225-8117-9ac9729153c0,Ordered Crunchy Chips got wrong flavor,Crunchy Chips,Resealable Bag v1,Texas,Wrong Flavor,Email,2026-01-26T22:05:00,0.92,False,
7b01ba75-a140-4b46-b552-2c8383a8426d,Can 330ml leaking in transit to Midwest,Cookies Pack,Can 330ml,Midwest,Leaking,Call Center,2026-01-26T22:06:00,0.93,False,
1a4fa178-e21e-427f-8af7-e42b6050ba17,Box crushed in shipping to California,Soda Pop,Resealable Bag v2 - New Lid,California,Damaged Pack,Call Center,2026-01-26T22:18:00,0.64,False,
99ddb85d-9ea8-405d-a1cf-ce5acc0e570b,Box 200g leaking in transit to Midwest,Soda Pop,Box 200g,Midwest,Leaking,Email,2026-01-26T22:19:00,0.65,False,
9da2b0a2-160a-4317-987c-ab02cce24a57,Can 330ml half empty - Soda Pop,Soda Pop,Can 330ml,Texas,Low Fill,Twitter,2026-01-26T22:53:00,0.79,False,
419c9a75-9d73-46ce-bfc3-e1d5eca1061c,Ordered Soda Pop got wrong flavor,Soda Pop,Resealable Bag v2 - New Lid,Texas,Wrong Flavor,Amazon Review,2026-01-26T23:21:00,0.94,False,
87a530dd-4bd7-45f7-9bcf-b201f766db67,Crunchy Chips tastes stale from Pacific Northwest,Crunchy Chips,Can 330ml,Pacific Northwest,Stale Taste,Call Center,2026-01-26T23:24:00,0.64,False,
0f43e92e-ea19-491d-a587-b9209524b3ac,Box crushed in shipping to Texas,Granola Bar,Resealable Bag v1,Texas,Damaged Pack,Twitter,2026-01-26T23:29:00,0.71,False,
b37eeb50-4903-4407-a05b-47c733dad238,Resealable Bag v1 half empty - Cookies Pack,Cookies Pack,Resealable Bag v1,California,Low Fill,Twitter,2026-01-26T23:43:00,0.67,False,
94cefb9e-d491-4a9a-bdc6-c704a8fe1c1d,Cookies Pack tastes stale from California,Cookies Pack,Box 200g,California,Stale Taste,Twitter,2026-01-26T23:51:00,0.63,False,
69db1b0b-57c7-435c-9c3b-86ca34e084a8,Box crushed in shipping to Texas,Soda Pop,Resealable Bag v1,Texas,Damaged Pack,Amazon Review,2026-01-26T23:53:00,0.9,False,
912f0e54-7b5a-4e7a-8d41-ec11bda69561,Resealable Bag v1 half empty - Granola Bar,Granola Bar,Resealable Bag v1,Texas,Low Fill,Call Center,2026-01-26T23:55:00,0.88,False,
2d40bbd3-885b-4693-be41-edc3bc1023c4,Resealable Bag v1 half empty - Soda Pop,Soda Pop,Resealable Bag v1,Pacific Northwest,Low Fill,Amazon Review,2026-01-27T00:00:00,0.79,False,
4f47ee98-d592-4e8b-a007-58ed1866c6e2,Opened Cookies Pack and it was stale,Cookies Pack,Resealable Bag v2 - New Lid,Pacific Northwest,Stale Taste,Amazon Review,2026-01-27T00:03:00,0.8,False,
bee8b19c-6f73-47a1-b185-91243d6123a3,Stale Crunchy Chips in Box 200g,Crunchy Chips,Box 200g,Midwest,Stale Taste,Twitter,2026-01-27T00:13:00,0.6,False,
8e3afd44-5a06-4658-9925-f160a1c27e94,Cookies Pack tastes stale from Northeast,Cookies Pack,Resealable Bag v1,Northeast,Stale Taste,Twitter,2026-01-27T00:30:00,0.81,False,
33b26c14-b17e-41d4-89dc-13bd517f562b,"The Can 330ml won't close, goes stale in California",Crunchy Chips,Can 330ml,California,Seal Failure,Twitter,2026-01-27T00:33:00,0.75,False,
3656738a-f442-45e8-acbb-b82a68049b12,Cookies Pack tastes stale from California,Cookies Pack,Box 200g,California,Stale Taste,Amazon Review,2026-01-27T00:36:00,0.9,False,
276c7fbb-5fe0-4bb7-9efd-ce2ff4162fc0,Ordered Granola Bar got wrong flavor,Granola Bar,Box 200g,Pacific Northwest,Wrong Flavor,Call Center,2026-01-27T00:45:00,0.71,False,
26d14abc-6dd5-4dcf-aa36-c1fc196e7684,Ordered Granola Bar got wrong flavor,Granola Bar,Can 330ml,Northeast,Wrong Flavor,Amazon Review,2026-01-27T00:49:00,0.78,False,
8c5d7ea2-0205-41bd-921e-e7ae8cf90fd0,Box 200g leaking in transit to Pacific Northwest,Granola Bar,Box 200g,Pacific Northwest,Leaking,Call Center,2026-01-27T01:07:00,0.77,False,
f6f80500-2d5c-4a8c-97f2-a2cdea3d572e,Resealable Bag v2 - New Lid half empty - Granola Bar,Granola Bar,Resealable Bag v2 - New Lid,Northeast,Low Fill,Amazon Review,2026-01-27T01:10:00,0.74,False,
588a4cb8-d891-4a37-bcaa-962034357ec8,"The Box 200g won't close, goes stale in Midwest",Crunchy Chips,Box 200g,Midwest,Seal Failure,Call Center,2026-01-27T01:19:00,0.68,False,
04a5e871-364a-4ef0-8b47-f9e83f357ed8,Box 200g leaking in transit to California,Granola Bar,Box 200g,California,Leaking,Amazon Review,2026-01-27T01:24:00,0.79,False,
caf58460-cb78-4743-b68a-1fd147605ea0,Ordered Cookies Pack got wrong flavor,Cookies Pack,Resealable Bag v2 - New Lid,Texas,Wrong Flavor,Amazon Review,2026-01-27T01:24:00,0.95,False,
cc5bdb26-2e7a-4a84-9802-b449144ee442,Can 330ml half empty - Cookies Pack,Cookies Pack,Can 330ml,Midwest,Low Fill,Amazon Review,2026-01-27T01:36:00,0.69,False,
e894e411-13a2-4f4b-a0f2-ce7402888a48,Ordered Soda Pop got wrong flavor,Soda Pop,Resealable Bag v1,Pacific Northwest,Wrong Flavor,Call Center,2026-01-27T01:37:00,0.87,False,
2a8a91c2-dc20-4072-b96c-f338ba1e2512,Ordered Soda Pop got wrong flavor,Soda Pop,Resealable Bag v2 - New Lid,Pacific Northwest,Wrong Flavor,Call Center,2026-01-27T01:41:00,0.87,False,
2580f8f9-ff77-4f2f-b875-aef09c814644,Resealable Bag v1 leaking in transit to Midwest,Crunchy Chips,Resealable Bag v1,Midwest,Leaking,Amazon Review,2026-01-27T01:43:00,0.76,False,
439d1a28-cc73-42c6-9774-82241e29c34a,Opened Crunchy Chips and it was stale,Crunchy Chips,Box 200g,Northeast,Stale Taste,Amazon Review,2026-01-27T02:02:00,0.9,False,
475d7181-450d-477d-9631-7cc8e9338905,Can 330ml arrived torn,Granola Bar,Can 330ml,Texas,Damaged Pack,Email,2026-01-27T02:11:00,0.64,False,
0ca527a8-0043-435a-b022-326b9ee5a2e6,Resealable Bag v1 arrived torn,Crunchy Chips,Resealable Bag v1,Midwest,Damaged Pack,Email,2026-01-27T02:16:00,0.61,False,
12d82767-239e-4eab-902a-b32204aa3009,Ordered Crunchy Chips got wrong flavor,Crunchy Chips,Can 330ml,California,Wrong Flavor,Email,2026-01-27T02:22:00,0.81,False,
d8e7aded-e065-4b4a-a951-d6e095bb3c6f,Can 330ml leaking in transit to Texas,Cookies Pack,Can 330ml,Texas,Leaking,Call Center,2026-01-27T02:30:00,0.85,False,
e9eb9f25-4f2e-4dba-95f3-2bfb6c195016,Opened Soda Pop and it was stale,Soda Pop,Can 330ml,Texas,Stale Taste,Email,2026-01-27T02:36:00,0.66,False,
c4b9b53c-12c0-4b54-aea6-d1d94303be22,Can 330ml leaking in transit to Midwest,Cookies Pack,Can 330ml,Midwest,Leaking,Twitter,2026-01-27T02:37:00,0.9,False,
b5c3dddd-8524-4aaf-b48f-e9ce126d4aee,Can 330ml arrived torn,Soda Pop,Can 330ml,California,Damaged Pack,Amazon Review,2026-01-27T03:01:00,0.62,False,
4a3228c5-8ebe-40b2-a217-c7da7b261ea4,Resealable Box 200g failed to close - Pacific Northwest,Granola Bar,Box 200g,Pacific Northwest,Seal Failure,Email,2026-01-27T03:05:00,0.82,False,
0556f64c-0b93-4eef-a101-832ad2345943,New lid on Resealable Bag v1 doesn't seal properly,Granola Bar,Resealable Bag v1,Texas,Seal Failure,Twitter,2026-01-27T03:07:00,0.87,False,
53ff5ad9-f151-445f-b4d3-7681c4631e81,Box 200g arrived torn,Cookies Pack,Box 200g,Pacific Northwest,Damaged Pack,Amazon Review,2026-01-27T03:09:00,0.71,False,
39a6b606-6f6b-4235-9ca9-8a736cec5c74,Ordered Cookies Pack got wrong flavor,Cookies Pack,Resealable Bag v1,Northeast,Wrong Flavor,Amazon Review,2026-01-27T03:19:00,0.91,False,
d777f2b8-47de-4d88-b745-2724dcb6682d,Ordered Granola Bar got wrong flavor,Granola Bar,Box 200g,California,Wrong Flavor,Email,2026-01-27T03:41:00,0.7,False,
b495306a-bade-4c75-8470-6a269c954b69,Stale Granola Bar in Can 330ml,Granola Bar,Can 330ml,Pacific Northwest,Stale Taste,Amazon Review,2026-01-27T03:52:00,0.8,False,
9ba5354d-1485-4cf7-9ea3-0fac72760c90,Box 200g leaking in transit to Texas,Soda Pop,Box 200g,Texas,Leaking,Twitter,2026-01-27T03:54:00,0.64,False,
f9541435-dab2-488e-be6a-1e3aaf1bb81c,Resealable Bag v1 leaking in transit to Pacific Northwest,Crunchy Chips,Resealable Bag v1,Pacific Northwest,Leaking,Email,2026-01-27T04:09:00,0.69,False,
1db87d27-03a6-4f8b-96f6-35563a0319b2,Ordered Cookies Pack got wrong flavor,Cookies Pack,Resealable Bag v2 - New Lid,Texas,Wrong Flavor,Twitter,2026-01-27T04:15:00,0.72,False,
19926096-78d2-44e0-9d76-9680acfd2228,Resealable Can 330ml failed to close - Northeast,Soda Pop,Can 330ml,Northeast,Seal Failure,Twitter,2026-01-27T04:40:00,0.67,False,
b4d0d2a3-c534-4bc9-a60d-1b58e04707c7,Box crushed in shipping to California,Cookies Pack,Box 200g,California,Damaged Pack,Call Center,2026-01-27T04:41:00,0.92,False,
2d4d83bb-bb61-4632-9b1f-6bfabeaa03d5,Can 330ml half empty - Cookies Pack,Cookies Pack,Can 330ml,Texas,Low Fill,Amazon Review,2026-01-27T04:41:00,0.72,False,
409c9e65-acb6-4fab-8e2b-127212bf51d6,Ordered Cookies Pack got wrong flavor,Cookies Pack,Can 330ml,Northeast,Wrong Flavor,Email,2026-01-27T04:56:00,0.82,False,
06f4ae8b-6083-4d75-aac9-d7e69c8866fa,New lid on Box 200g doesn't seal properly,Soda Pop,Box 200g,Northeast,Seal Failure,Amazon Review,2026-01-27T05:13:00,0.88,False,
88f5cfad-3b48-4dc8-9008-80eb62e456f9,Ordered Cookies Pack got wrong flavor,Cookies Pack,Resealable Bag v2 - New Lid,Midwest,Wrong Flavor,Email,2026-01-27T05:15:00,0.72,False,
ea0b1608-6bc3-4121-b1e7-908a04198497,Soda Pop tastes stale from Texas,Soda Pop,Resealable Bag v2 - New Lid,Texas,Stale Taste,Twitter,2026-01-27T05:17:00,0.87,False,
7a823490-f8f1-462b-95bb-0aafd97124aa,New lid on Resealable Bag v1 doesn't seal properly,Crunchy Chips,Resealable Bag v1,Midwest,Seal Failure,Email,2026-01-27T05:22:00,0.81,False,
53c631f5-0795-4220-b215-4399b32f204d,Box 200g half empty - Cookies Pack,Cookies Pack,Box 200g,California,Low Fill,Call Center,2026-01-27T05:23:00,0.81,False,
f206fb87-4679-4bbe-9964-daf4c4ee71a6,Opened Crunchy Chips and it was stale,Crunchy Chips,Can 330ml,California,Stale Taste,Email,2026-01-27T05:24:00,0.61,False,
f9aedd0f-6f14-4c98-8ae0-4b6e6d035978,Opened Granola Bar and it was stale,Granola Bar,Can 330ml,Texas,Stale Taste,Twitter,2026-01-27T05:26:00,0.78,False,
b27be088-a4b5-41ca-9db9-bef20a2b3aea,New lid on Box 200g doesn't seal properly,Granola Bar,Box 200g,Texas,Seal Failure,Twitter,2026-01-27T05:43:00,0.88,False,
4b0d7139-b8fb-4f64-af84-f367a6b3dd47,Ordered Soda Pop got wrong flavor,Soda Pop,Resealable Bag v1,Texas,Wrong Flavor,Amazon Review,2026-01-27T05:47:00,0.77,False,
024822be-0fdf-46b7-9198-82d562ebfc94,Resealable Bag v1 leaking in transit to California,Cookies Pack,Resealable Bag v1,California,Leaking,Call Center,2026-01-27T05:52:00,0.66,False,
30d17ca7-cf09-4572-84d2-923ac377803f,Box crushed in shipping to Pacific Northwest,Crunchy Chips,Box 200g,Pacific Northwest,Damaged Pack,Call Center,2026-01-27T05:57:00,0.8,False,
8a38aa2d-1a60-4bf8-bc90-6512f33af173,Box crushed in shipping to Midwest,Granola Bar,Resealable Bag v1,Midwest,Damaged Pack,Email,2026-01-27T06:07:00,0.76,False,
d34efb4e-1a69-42cd-b3e4-c8e61bfbe192,Ordered Soda Pop got wrong flavor,Soda Pop,Resealable Bag v1,Northeast,Wrong Flavor,Twitter,2026-01-27T06:11:00,0.69,False,
91a78206-5cad-423e-8dd5-2d5cab4bda0e,Ordered Granola Bar got wrong flavor,Granola Bar,Resealable Bag v2 - New Lid,Pacific Northwest,Wrong Flavor,Email,2026-01-27T06:21:00,0.89,False,
389107b5-4c5f-4202-b626-fbe9b90aa8bd,Crunchy Chips tastes stale from Midwest,Crunchy Chips,Resealable Bag v1,Midwest,Stale Taste,Amazon Review,2026-01-27T06:29:00,0.84,False,
0ee884d5-7450-4f31-9960-3e2d360658dd,Can 330ml leaking in transit to Texas,Cookies Pack,Can 330ml,Texas,Leaking,Amazon Review,2026-01-27T06:34:00,0.87,False,
241a0658-eb8d-4569-80aa-903eaff64c18,Can 330ml leaking in transit to Pacific Northwest,Cookies Pack,Can 330ml,Pacific Northwest,Leaking,Email,2026-01-27T06:49:00,0.61,False,
f18b7bb2-d93e-440b-8eb5-ca7810d23eb6,Resealable Bag v2 - New Lid half empty - Cookies Pack,Cookies Pack,Resealable Bag v2 - New Lid,Texas,Low Fill,Amazon Review,2026-01-27T07:11:00,0.66,False,
2d2b1a84-dbf8-4848-a32e-0840c79e239a,Resealable Bag v2 - New Lid arrived torn,Cookies Pack,Resealable Bag v2 - New Lid,California,Damaged Pack,Call Center,2026-01-27T07:19:00,0.63,False,
cad32896-dee0-4e24-904e-689fb548dfd6,Can 330ml leaking in transit to Texas,Soda Pop,Can 330ml,Texas,Leaking,Call Center,2026-01-27T07:29:00,0.66,False,
084440da-a512-4f59-afb2-0b00f7dfe7c0,Stale Cookies Pack in Resealable Bag v2 - New Lid,Cookies Pack,Resealable Bag v2 - New Lid,Northeast,Stale Taste,Call Center,2026-01-27T07:37:00,0.93,False,
37920dd5-3d6f-4b08-9797-0728c2f40a24,Box crushed in shipping to Texas,Crunchy Chips,Box 200g,Texas,Damaged Pack,Email,2026-01-27T07:40:00,0.64,False,
a41c1b2f-9264-478b-8246-a05ba972eca4,Box 200g arrived torn,Soda Pop,Box 200g,Pacific Northwest,Damaged Pack,Email,2026-01-27T07:42:00,0.68,False,
fbe084e4-dc89-4899-8adf-ae167de61110,Resealable Bag v2 - New Lid arrived torn,Crunchy Chips,Resealable Bag v2 - New Lid,Northeast,Damaged Pack,Call Center,2026-01-27T08:02:00,0.88,False,
70e54212-7db8-41d4-ba41-c24f18fa7b58,Ordered Granola Bar got wrong flavor,Granola Bar,Can 330ml,Midwest,Wrong Flavor,Call Center,2026-01-27T08:04:00,0.68,False,
91dfa43f-505b-46ed-87bc-e498550bd97f,Ordered Soda Pop got wrong flavor,Soda Pop,Box 200g,Northeast,Wrong Flavor,Amazon Review,2026-01-27T08:07:00,0.61,False,
bb0b41b0-8731-4ba3-af59-d357ad30eda1,Resealable Bag v1 arrived torn,Crunchy Chips,Resealable Bag v1,Northeast,Damaged Pack,Email,2026-01-27T08:18:00,0.93,False,
63cddf24-1397-47de-9fd4-6416fcbe57c4,Ordered Granola Bar got wrong flavor,Granola Bar,Resealable Bag v2 - New Lid,Pacific Northwest,Wrong Flavor,Call Center,2026-01-27T08:24:00,0.89,False,
b6a0c105-cb22-44e5-acf8-39d0e6e574ed,Stale Granola Bar in Box 200g,Granola Bar,Box 200g,Northeast,Stale Taste,Email,2026-01-27T08:24:00,0.61,False,
fb5f5b27-5387-488f-95c0-f4e76437bf16,Resealable Box 200g failed to close - Midwest,Soda Pop,Box 200g,Midwest,Seal Failure,Call Center,2026-01-27T08:31:00,0.83,False,
6f6c1296-1105-42f2-9595-14ed07c6b3ae,Ordered Cookies Pack got wrong flavor,Cookies Pack,Box 200g,Texas,Wrong Flavor,Twitter,2026-01-27T08:43:00,0.75,False,
5b6098f6-4052-4b5e-b2a0-4fd6859693db,Resealable Bag v1 leaking in transit to Texas,Crunchy Chips,Resealable Bag v1,Texas,Leaking,Twitter,2026-01-27T08:50:00,0.81,False,
bb60ded5-d398-4f7e-977a-0c1dd1bd519f,Opened Crunchy Chips and it was stale,Crunchy Chips,Box 200g,Midwest,Stale Taste,Call Center,2026-01-27T08:56:00,0.6,False,
1d6b359a-3e56-4cc7-8357-cf4ef107f14e,Resealable Bag v2 - New Lid half empty - Soda Pop,Soda Pop,Resealable Bag v2 - New Lid,Midwest,Low Fill,Call Center,2026-01-27T09:00:00,0.88,False,
a168772c-d861-4c95-861b-9d8342d15416,Opened Granola Bar and it was stale,Granola Bar,Can 330ml,Midwest,Stale Taste,Amazon Review,2026-01-27T09:08:00,0.78,False,
b3b181ef-9df9-44fb-ba0b-1ca6508bdf05,Box 200g leaking in transit to Pacific Northwest,Cookies Pack,Box 200g,Pacific Northwest,Leaking,Amazon Review,2026-01-27T09:48:00,0.71,False,
79d8a6f2-2a32-4b57-b290-dea6c0b01718,Ordered Granola Bar got wrong flavor,Granola Bar,Resealable Bag v2 - New Lid,Northeast,Wrong Flavor,Email,2026-01-27T09:51:00,0.92,False,
a80d76dc-16be-46f8-bb2b-d6bf23c33f9d,Ordered Cookies Pack got wrong flavor,Cookies Pack,Resealable Bag v1,California,Wrong Flavor,Email,2026-01-27T09:52:00,0.64,False,
29162cd3-37df-4820-a3d5-4c90cb48c0df,Resealable Bag v1 arrived torn,Soda Pop,Resealable Bag v1,California,Damaged Pack,Email,2026-01-27T09:59:00,0.92,False,
0169f57a-f7d2-4ec6-9917-588330a3448c,Ordered Granola Bar got wrong flavor,Granola Bar,Resealable Bag v1,Midwest,Wrong Flavor,Email,2026-01-27T10:02:00,0.7,False,
3bcbfbbb-0c2f-4b30-89ef-d875f7072a1d,Resealable Bag v1 half empty - Soda Pop,Soda Pop,Resealable Bag v1,Texas,Low Fill,Email,2026-01-27T10:15:00,0.92,False,
31976eee-ee8c-497a-ba89-acd1073dd743,Ordered Crunchy Chips got wrong flavor,Crunchy Chips,Resealable Bag v1,California,Wrong Flavor,Amazon Review,2026-01-27T10:16:00,0.85,False,
29945a47-1a7d-46e4-adbd-0d88ef3dc920,Box crushed in shipping to Midwest,Granola Bar,Resealable Bag v2 - New Lid,Midwest,Damaged Pack,Call Center,2026-01-27T10:23:00,0.78,False,
5d27df33-d8f6-4b97-8e9d-95c4b06564c3,New lid on Resealable Bag v1 doesn't seal properly,Crunchy Chips,Resealable Bag v1,Northeast,Seal Failure,Email,2026-01-27T10:39:00,0.63,False,
bfbd6276-a268-4b8a-9934-bcf966869b64,Crunchy Chips tastes stale from Pacific Northwest,Crunchy Chips,Resealable Bag v2 - New Lid,Pacific Northwest,Stale Taste,Call Center,2026-01-27T10:40:00,0.77,False,
ab6f6c08-15e3-4b36-943c-e0f2d3bf1419,New lid on Resealable Bag v1 doesn't seal properly,Soda Pop,Resealable Bag v1,Midwest,Seal Failure,Amazon Review,2026-01-27T10:40:00,0.65,False,
546bc390-578c-4044-a90f-0f200efce080,Box crushed in shipping to Pacific Northwest,Soda Pop,Resealable Bag v2 - New Lid,Pacific Northwest,Damaged Pack,Twitter,2026-01-27T11:06:00,0.87,False,
83e68e17-266c-46be-a018-45891cdacd4c,Can 330ml leaking in transit to Texas,Crunchy Chips,Can 330ml,Texas,Leaking,Amazon Review,2026-01-27T11:08:00,0.77,False,
9487961e-bd2e-4edd-8366-3e214608b396,Resealable Bag v1 leaking in transit to Midwest,Cookies Pack,Resealable Bag v1,Midwest,Leaking,Email,2026-01-27T11:30:00,0.64,False,
a6142702-f0f6-4e25-9d8f-7d501aedebd6,Ordered Soda Pop got wrong flavor,Soda Pop,Resealable Bag v2 - New Lid,California,Wrong Flavor,Amazon Review,2026-01-27T11:35:00,0.76,False,
8802c6b3-11f3-48bb-8aa8-bab96a6d27b3,Resealable Bag v1 half empty - Granola Bar,Granola Bar,Resealable Bag v1,California,Low Fill,Call Center,2026-01-27T11:45:00,0.72,False,
329abed6-cb0a-4145-9108-775286a37de9,Resealable Bag v2 - New Lid leaking in transit to Northeast,Crunchy Chips,Resealable Bag v2 - New Lid,Northeast,Leaking,Email,2026-01-27T11:48:00,0.65,False,
e1b391ee-b662-4856-94b5-864ae3b467d0,Box 200g half empty - Crunchy Chips,Crunchy Chips,Box 200g,Midwest,Low Fill,Amazon Review,2026-01-27T11:51:00,0.89,False,
27f88c31-edb5-4e51-a5ba-4ace7556e8fa,Soda Pop tastes stale from California,Soda Pop,Resealable Bag v1,California,Stale Taste,Amazon Review,2026-01-27T11:57:00,0.76,False,
ff3d2bb1-582e-41f4-ad2b-c3d6ccd061f8,Ordered Soda Pop got wrong flavor,Soda Pop,Resealable Bag v2 - New Lid,Midwest,Wrong Flavor,Email,2026-01-27T11:59:00,0.63,False,
0b7ed141-2de7-4845-b5fc-f861169f5bb5,Box crushed in shipping to California,Crunchy Chips,Can 330ml,California,Damaged Pack,Call Center,2026-01-27T12:02:00,0.62,False,
28aa88f6-c7c5-45ee-af45-dea15eba752c,"The Can 330ml won't close, goes stale in Midwest",Granola Bar,Can 330ml,Midwest,Seal Failure,Email,2026-01-27T12:07:00,0.92,False,
a83d2d57-95ed-4ace-91ec-f962bab859c5,Resealable Bag v1 arrived torn,Soda Pop,Resealable Bag v1,Pacific Northwest,Damaged Pack,Twitter,2026-01-27T12:22:00,0.75,False,
66ae2607-ef88-4bc5-b69b-f936f53f1a4d,"The Resealable Bag v1 won't close, goes stale in Texas",Soda Pop,Resealable Bag v1,Texas,Seal Failure,Call Center,2026-01-27T12:24:00,0.89,False,
ae986641-de36-45f9-8655-3f11c66fea4b,Resealable Bag v2 - New Lid leaking in transit to California,Cookies Pack,Resealable Bag v2 - New Lid,California,Leaking,Email,2026-01-27T12:26:00,0.77,False,
e839aebc-6ce6-4844-9cae-21a202ed8f45,Box crushed in shipping to Midwest,Granola Bar,Box 200g,Midwest,Damaged Pack,Amazon Review,2026-01-27T12:41:00,0.75,False,
d001cafe-ac2c-4980-811a-1238acc04827,Resealable Resealable Bag v2 - New Lid failed to close - Texas,Crunchy Chips,Resealable Bag v2 - New Lid,Texas,Seal Failure,Amazon Review,2026-01-27T12:42:00,0.65,False,
15d2380e-453c-4e6b-abb5-3d7102b650c1,Resealable Bag v1 half empty - Crunchy Chips,Crunchy Chips,Resealable Bag v1,Northeast,Low Fill,Call Center,2026-01-27T12:51:00,0.85,False,
99bf7d8c-f0ea-49a9-aa5e-0b983565917b,Can 330ml arrived torn,Granola Bar,Can 330ml,California,Damaged Pack,Amazon Review,2026-01-27T13:00:00,0.75,False,
874dc166-2e72-4ad7-a6d8-cadb77227668,Ordered Soda Pop got wrong flavor,Soda Pop,Box 200g,Texas,Wrong Flavor,Email,2026-01-27T13:11:00,0.93,False,
fabe3fb3-2094-4607-9dee-d5ffbb895e3f,Resealable Box 200g failed to close - Midwest,Cookies Pack,Box 200g,Midwest,Seal Failure,Amazon Review,2026-01-27T13:22:00,0.61,False,
00df173b-17f0-46bd-a3ff-4e8e7151cc64,Resealable Bag v1 arrived torn,Crunchy Chips,Resealable Bag v1,Texas,Damaged Pack,Email,2026-01-27T13:29:00,0.89,False,
3a40e1b0-a7b8-4182-bc99-0e8b8b4c3e16,Box crushed in shipping to Texas,Crunchy Chips,Can 330ml,Texas,Damaged Pack,Call Center,2026-01-27T13:31:00,0.88,False,
5127051d-4dbe-4d07-8f66-fe4b6fa9888f,"The Resealable Bag v1 won't close, goes stale in Pacific Northwest",Crunchy Chips,Resealable Bag v1,Pacific Northwest,Seal Failure,Twitter,2026-01-27T13:51:00,0.9,False,
3fca2d31-2569-4ef7-a281-2c778797e258,Can 330ml leaking in transit to Northeast,Crunchy Chips,Can 330ml,Northeast,Leaking,Email,2026-01-27T14:09:00,0.72,False,
75233030-4780-4a02-986a-0e99511d123a,Resealable Bag v2 - New Lid arrived torn,Crunchy Chips,Resealable Bag v2 - New Lid,Northeast,Damaged Pack,Email,2026-01-27T14:21:00,0.92,False,
e7c102b3-1350-4236-97ef-b0979ea96af7,Box 200g half empty - Cookies Pack,Cookies Pack,Box 200g,Texas,Low Fill,Email,2026-01-27T14:38:00,0.9,False,
33519c64-c2cd-4bff-9232-aba1c8f70916,Crunchy Chips tastes stale from Texas,Crunchy Chips,Resealable Bag v2 - New Lid,Texas,Stale Taste,Twitter,2026-01-27T14:43:00,0.77,False,
b27652a0-bd77-4b5c-8e77-6018a2b59385,Box crushed in shipping to California,Soda Pop,Can 330ml,California,Damaged Pack,Twitter,2026-01-27T14:47:00,0.88,False,
978beaae-27c0-435a-af59-9f5a02c96402,Cookies Pack tastes stale from Pacific Northwest,Cookies Pack,Resealable Bag v1,Pacific Northwest,Stale Taste,Email,2026-01-27T14:51:00,0.7,False,
f8fc4832-8c20-43d5-b124-926c7961311d,Stale Granola Bar in Resealable Bag v1,Granola Bar,Resealable Bag v1,Northeast,Stale Taste,Twitter,2026-01-27T14:52:00,0.79,False,
b2a4a591-1ff6-45b3-bdcc-0e7996b54257,Can 330ml half empty - Granola Bar,Granola Bar,Can 330ml,Midwest,Low Fill,Twitter,2026-01-27T15:01:00,0.67,False,
b6e6a689-0157-4e90-b093-e20e8e38ebcc,Crunchy Chips tastes stale from Texas,Crunchy Chips,Can 330ml,Texas,Stale Taste,Call Center,2026-01-27T15:01:00,0.83,False,
281e2f96-870b-42d6-99c0-5cde374a9c7c,Ordered Cookies Pack got wrong flavor,Cookies Pack,Resealable Bag v2 - New Lid,Texas,Wrong Flavor,Call Center,2026-01-27T15:05:00,0.66,False,
5ff15b92-1b19-4538-948f-89cbcd9b49af,Granola Bar tastes stale from California,Granola Bar,Box 200g,California,Stale Taste,Call Center,2026-01-27T15:15:00,0.9,False,
2c4f8e4c-1435-42a5-913f-e3263b3de9f7,Box 200g leaking in transit to Texas,Crunchy Chips,Box 200g,Texas,Leaking,Twitter,2026-01-27T15:27:00,0.84,False,
077b247d-ef14-4f6f-be79-623b1090facb,Opened Soda Pop and it was stale,Soda Pop,Resealable Bag v2 - New Lid,Pacific Northwest,Stale Taste,Call Center,2026-01-27T15:29:00,0.93,False,
ad847a8e-35c1-4408-922d-a5d338017580,Box crushed in shipping to Texas,Cookies Pack,Box 200g,Texas,Damaged Pack,Call Center,2026-01-27T15:30:00,0.9,False,
d0c096ae-77f9-401e-b5a4-94a08177cae1,Box crushed in shipping to Pacific Northwest,Cookies Pack,Resealable Bag v2 - New Lid,Pacific Northwest,Damaged Pack,Email,2026-01-27T15:34:00,0.89,False,
47c93687-ec60-4013-8a64-f8840f1774df,Can 330ml half empty - Cookies Pack,Cookies Pack,Can 330ml,California,Low Fill,Call Center,2026-01-27T15:58:00,0.72,False,
7f2b8d58-5757-4598-9407-62095600f77d,Box 200g half empty - Soda Pop,Soda Pop,Box 200g,California,Low Fill,Call Center,2026-01-27T16:29:00,0.84,False,
33906b53-e2a0-404a-bdbd-473ca0e8c686,Resealable Bag v2 - New Lid arrived torn,Crunchy Chips,Resealable Bag v2 - New Lid,Texas,Damaged Pack,Amazon Review,2026-01-27T16:36:00,0.88,False,
1a36344d-a409-43eb-a532-d4aa9dc74e2f,Resealable Bag v2 - New Lid arrived torn,Cookies Pack,Resealable Bag v2 - New Lid,Texas,Damaged Pack,Amazon Review,2026-01-27T16:36:00,0.79,False,
5c5f96d7-5d92-4f9e-8e86-bd318adb22ea,Resealable Bag v1 half empty - Soda Pop,Soda Pop,Resealable Bag v1,Pacific Northwest,Low Fill,Call Center,2026-01-27T16:46:00,0.65,False,
158b70da-28eb-498b-874c-c6d4547ac76c,Box crushed in shipping to Texas,Cookies Pack,Box 200g,Texas,Damaged Pack,Call Center,2026-01-27T17:21:00,0.67,False,
e6cadf91-e04f-4ade-9ff6-12d4ec23dafa,Ordered Crunchy Chips got wrong flavor,Crunchy Chips,Can 330ml,Texas,Wrong Flavor,Twitter,2026-01-27T17:27:00,0.87,False,
f5bc8462-70e7-4aee-a3b4-41c46ac9d3fb,Can 330ml arrived torn,Cookies Pack,Can 330ml,Midwest,Damaged Pack,Amazon Review,2026-01-27T17:28:00,0.62,False,
d9e5ceb5-5790-4438-9de8-c2ab5249eba3,New lid on Box 200g doesn't seal properly,Soda Pop,Box 200g,Northeast,Seal Failure,Amazon Review,2026-01-27T17:44:00,0.77,False,
799b507b-d552-47ae-a280-c790cfd060a5,New lid on Box 200g doesn't seal properly,Crunchy Chips,Box 200g,Midwest,Seal Failure,Amazon Review,2026-01-27T17:48:00,0.9,False,
cecc1d43-2170-45dc-aed8-8e82d413bc6a,Box 200g arrived torn,Crunchy Chips,Box 200g,California,Damaged Pack,Amazon Review,2026-01-27T17:49:00,0.62,False,
13fa655b-1f82-4684-a241-8395ebd1f1ed,Resealable Bag v1 half empty - Granola Bar,Granola Bar,Resealable Bag v1,Northeast,Low Fill,Call Center,2026-01-27T18:15:00,0.78,False,
8151ce72-3441-435d-9a08-813322dcfc62,Box crushed in shipping to Midwest,Crunchy Chips,Resealable Bag v2 - New Lid,Midwest,Damaged Pack,Call Center,2026-01-27T18:30:00,0.73,False,
e6231ccb-d460-4ea7-9600-7250adec5035,Resealable Bag v2 - New Lid half empty - Crunchy Chips,Crunchy Chips,Resealable Bag v2 - New Lid,Midwest,Low Fill,Call Center,2026-01-27T18:37:00,0.65,False,
a4d5af68-de6b-4c09-a74a-dc162e966b9c,Ordered Crunchy Chips got wrong flavor,Crunchy Chips,Resealable Bag v2 - New Lid,California,Wrong Flavor,Amazon Review,2026-01-27T18:38:00,0.63,False,
7b97af65-88d8-4598-9c96-19616190c195,Box 200g arrived torn,Cookies Pack,Box 200g,Midwest,Damaged Pack,Call Center,2026-01-27T19:00:00,0.69,False,
e5264411-2e0d-42d8-bfc9-8c8d73e68531,Can 330ml half empty - Soda Pop,Soda Pop,Can 330ml,Midwest,Low Fill,Email,2026-01-27T19:02:00,0.87,False,
55827659-e69c-4c5a-8fb2-806a5cd60143,"The Box 200g won't close, goes stale in Midwest",Crunchy Chips,Box 200g,Midwest,Seal Failure,Amazon Review,2026-01-27T19:25:00,0.94,False,
d935d945-b0b3-40a0-9558-2e7c76452390,Ordered Cookies Pack got wrong flavor,Cookies Pack,Resealable Bag v1,Midwest,Wrong Flavor,Email,2026-01-27T19:38:00,0.79,False,
b2f9f7ae-2d3c-4314-b430-bd3ffa74a9e7,Box crushed in shipping to California,Cookies Pack,Can 330ml,California,Damaged Pack,Twitter,2026-01-27T19:51:00,0.84,False,
f4eb571f-f9e0-4912-85d6-9256630f2038,Ordered Cookies Pack got wrong flavor,Cookies Pack,Resealable Bag v2 - New Lid,Texas,Wrong Flavor,Email,2026-01-27T19:53:00,0.91,False,
98eaffbf-8bd1-4623-9b02-bdf87b048cb4,Resealable Bag v1 half empty - Cookies Pack,Cookies Pack,Resealable Bag v1,Northeast,Low Fill,Amazon Review,2026-01-27T19:57:00,0.62,False,
2635c684-60de-41b7-b06f-9ef6addd9b59,Ordered Cookies Pack got wrong flavor,Cookies Pack,Resealable Bag v2 - New Lid,Texas,Wrong Flavor,Email,2026-01-27T20:07:00,0.69,False,
ebfc0cb3-f5cf-4596-ade3-6ac7b2a9e4d0,Box 200g half empty - Cookies Pack,Cookies Pack,Box 200g,Pacific Northwest,Low Fill,Amazon Review,2026-01-27T20:09:00,0.78,False,
2e50781c-44c2-47d8-92c7-c4de13282137,Resealable Resealable Bag v1 failed to close - Midwest,Granola Bar,Resealable Bag v1,Midwest,Seal Failure,Call Center,2026-01-27T20:14:00,0.87,False,
db46af0e-2332-4156-9d07-ea866eb24393,New lid on Box 200g doesn't seal properly,Crunchy Chips,Box 200g,California,Seal Failure,Twitter,2026-01-27T20:17:00,0.76,False,
659c0d0a-8ea9-41fb-90f0-c9f6a488c54d,Resealable Bag v1 leaking in transit to Pacific Northwest,Cookies Pack,Resealable Bag v1,Pacific Northwest,Leaking,Amazon Review,2026-01-27T20:46:00,0.95,False,
14c7ff9f-0506-4e6a-ab1b-153b262f68fe,Can 330ml arrived torn,Granola Bar,Can 330ml,California,Damaged Pack,Email,2026-01-27T21:00:00,0.7,False,
6a49b006-5fff-4071-a9e2-d9d2841b8270,Can 330ml half empty - Crunchy Chips,Crunchy Chips,Can 330ml,Northeast,Low Fill,Amazon Review,2026-01-27T21:34:00,0.74,False,
3d7f8ef0-fd45-4296-832a-01cf50f98d2e,Box crushed in shipping to California,Granola Bar,Resealable Bag v1,California,Damaged Pack,Twitter,2026-01-27T21:35:00,0.91,False,
38e12e39-29e1-4375-910c-5befabe41612,New lid on Resealable Bag v1 doesn't seal properly,Cookies Pack,Resealable Bag v1,Pacific Northwest,Seal Failure,Email,2026-01-27T21:44:00,0.83,False,
53da8b38-12af-4966-bfc0-bf270fbbb61c,Box crushed in shipping to Midwest,Granola Bar,Resealable Bag v1,Midwest,Damaged Pack,Call Center,2026-01-27T21:44:00,0.95,False,
74ff8942-1f87-4d9d-9a49-71bf8dfbeb27,Opened Crunchy Chips and it was stale,Crunchy Chips,Box 200g,Pacific Northwest,Stale Taste,Email,2026-01-27T21:50:00,0.8,False,
1d60320c-12b4-4575-9497-f026ea134abc,Ordered Crunchy Chips got wrong flavor,Crunchy Chips,Resealable Bag v1,Northeast,Wrong Flavor,Twitter,2026-01-27T21:51:00,0.66,False,
5e236c18-05e1-485a-9a56-203dd1a257a4,Ordered Cookies Pack got wrong flavor,Cookies Pack,Can 330ml,California,Wrong Flavor,Twitter,2026-01-27T21:53:00,0.92,False,
7bd26bf7-cf25-4158-87e7-766bf9e606cc,Opened Cookies Pack and it was stale,Cookies Pack,Can 330ml,Texas,Stale Taste,Amazon Review,2026-01-27T21:55:00,0.67,False,
5f54da63-b809-42cc-bd91-67990024af8f,Opened Crunchy Chips and it was stale,Crunchy Chips,Resealable Bag v2 - New Lid,Pacific Northwest,Stale Taste,Email,2026-01-27T22:03:00,0.68,False,
39ca3ec0-9b09-4e2a-a6cd-feeb26d9e056,Opened Soda Pop and it was stale,Soda Pop,Resealable Bag v2 - New Lid,Pacific Northwest,Stale Taste,Call Center,2026-01-27T22:09:00,0.69,False,
2d0287ea-fb76-47f3-8b54-3dbbfc5b6bc9,Ordered Granola Bar got wrong flavor,Granola Bar,Box 200g,Pacific Northwest,Wrong Flavor,Email,2026-01-27T22:15:00,0.79,False,
073aa63b-e181-421a-9de6-00085e3b385c,Box crushed in shipping to California,Cookies Pack,Can 330ml,California,Damaged Pack,Email,2026-01-27T22:23:00,0.71,False,
3b5db442-5efe-40f0-8705-600bf18b45ab,Box 200g arrived torn,Crunchy Chips,Box 200g,Texas,Damaged Pack,Twitter,2026-01-27T22:37:00,0.87,False,
89d9e47c-d0ee-4b32-a282-e7f764714fea,Box crushed in shipping to Pacific Northwest,Crunchy Chips,Box 200g,Pacific Northwest,Damaged Pack,Twitter,2026-01-27T22:46:00,0.83,False,
fb386a80-652e-4ffa-8d2d-399482389f22,Resealable Bag v2 - New Lid leaking in transit to Midwest,Crunchy Chips,Resealable Bag v2 - New Lid,Midwest,Leaking,Call Center,2026-01-27T22:47:00,0.84,False,
068f791e-3ced-4680-96b3-eff4aec21949,Box 200g half empty - Crunchy Chips,Crunchy Chips,Box 200g,Northeast,Low Fill,Email,2026-01-27T22:54:00,0.7,False,
179dc1cd-c419-43e0-9cfc-14c9619635d8,New lid on Box 200g doesn't seal properly,Soda Pop,Box 200g,Pacific Northwest,Seal Failure,Amazon Review,2026-01-27T23:22:00,0.62,False,
5b30269b-56cd-479c-8a42-38362514cf34,Can 330ml arrived torn,Soda Pop,Can 330ml,Midwest,Damaged Pack,Amazon Review,2026-01-27T23:27:00,0.82,False,
cca45a99-87a8-44c2-a81f-3ae8171c32ef,Can 330ml half empty - Crunchy Chips,Crunchy Chips,Can 330ml,Texas,Low Fill,Call Center,2026-01-27T23:27:00,0.64,False,
33b1270b-408c-46b3-95e8-1020bbd04a42,Can 330ml leaking in transit to California,Soda Pop,Can 330ml,California,Leaking,Call Center,2026-01-27T23:39:00,0.94,False,
1a72d6c9-61cb-48ca-850b-b6205c55edc3,Ordered Crunchy Chips got wrong flavor,Crunchy Chips,Resealable Bag v2 - New Lid,Texas,Wrong Flavor,Twitter,2026-01-27T23:49:00,0.76,False,
2a77d24f-62f1-4b5a-8869-4dd91aa8f4cb,Can 330ml half empty - Granola Bar,Granola Bar,Can 330ml,Pacific Northwest,Low Fill,Email,2026-01-28T00:08:00,0.83,False,
638d927d-655f-4e01-beca-be4ca701cbe1,Resealable Bag v2 - New Lid arrived torn,Soda Pop,Resealable Bag v2 - New Lid,Texas,Damaged Pack,Twitter,2026-01-28T00:10:00,0.82,False,
02f4cb62-5d9d-4205-b812-353d97ea6bc3,Soda Pop tastes stale from Texas,Soda Pop,Resealable Bag v1,Texas,Stale Taste,Twitter,2026-01-28T00:11:00,0.87,False,
2d7957da-cb9f-4ae9-b006-edd22f24b23d,Box 200g leaking in transit to Northeast,Crunchy Chips,Box 200g,Northeast,Leaking,Twitter,2026-01-28T00:13:00,0.67,False,
665487d9-60c4-4694-8bb1-7c63be7189d6,Stale Granola Bar in Resealable Bag v2 - New Lid,Granola Bar,Resealable Bag v2 - New Lid,Midwest,Stale Taste,Email,2026-01-28T00:14:00,0.62,False,
ba98e43c-d7c4-4554-98bd-2c76a599abdc,Ordered Soda Pop got wrong flavor,Soda Pop,Can 330ml,Texas,Wrong Flavor,Amazon Review,2026-01-28T00:32:00,0.78,False,
5492ab2c-0c98-4c38-9fde-f98543fc449a,Box crushed in shipping to Midwest,Cookies Pack,Box 200g,Midwest,Damaged Pack,Call Center,2026-01-28T00:36:00,0.81,False,
a3382a23-e750-45ca-82dd-9f4122e18cdc,Box 200g half empty - Soda Pop,Soda Pop,Box 200g,Northeast,Low Fill,Call Center,2026-01-28T00:40:00,0.93,False,
f6b3e37e-deab-4a6f-8a30-1a9967e1972f,Can 330ml half empty - Soda Pop,Soda Pop,Can 330ml,Midwest,Low Fill,Email,2026-01-28T00:41:00,0.91,False,
417a6818-aea4-4b72-aa41-d2159eaab64e,Resealable Box 200g failed to close - California,Crunchy Chips,Box 200g,California,Seal Failure,Amazon Review,2026-01-28T01:15:00,0.71,False,
61b44602-b604-4a81-9547-c3e27a367b6b,Ordered Crunchy Chips got wrong flavor,Crunchy Chips,Box 200g,Pacific Northwest,Wrong Flavor,Amazon Review,2026-01-28T01:15:00,0.62,False,
1efb3efd-c2b1-4c4c-9294-473ecdcdcaa1,Ordered Crunchy Chips got wrong flavor,Crunchy Chips,Resealable Bag v2 - New Lid,Pacific Northwest,Wrong Flavor,Twitter,2026-01-28T01:25:00,0.92,False,
742f096a-68bf-456d-a292-4b06374e833d,Ordered Granola Bar got wrong flavor,Granola Bar,Box 200g,California,Wrong Flavor,Amazon Review,2026-01-28T01:27:00,0.8,False,
60252eae-2fd7-45ef-b465-8de72880b05b,Box crushed in shipping to Pacific Northwest,Soda Pop,Resealable Bag v1,Pacific Northwest,Damaged Pack,Amazon Review,2026-01-28T01:28:00,0.66,False,
b4985361-fc23-49cb-ac87-4340aa43d414,Box crushed in shipping to Pacific Northwest,Cookies Pack,Resealable Bag v2 - New Lid,Pacific Northwest,Damaged Pack,Email,2026-01-28T01:38:00,0.87,False,
af70574e-49e5-4534-8f0e-90fb22b0d5bb,Soda Pop tastes stale from Pacific Northwest,Soda Pop,Resealable Bag v2 - New Lid,Pacific Northwest,Stale Taste,Call Center,2026-01-28T02:18:00,0.76,False,
6504effb-12fc-4ef1-970a-511523359b15,Resealable Bag v1 arrived torn,Soda Pop,Resealable Bag v1,California,Damaged Pack,Twitter,2026-01-28T02:26:00,0.73,False,
82bbd6d7-f850-41a8-8f74-f5b69f409bb4,Resealable Bag v2 - New Lid leaking in transit to California,Crunchy Chips,Resealable Bag v2 - New Lid,California,Leaking,Twitter,2026-01-28T02:28:00,0.62,False,
2a453102-5aa1-4adf-a1c5-3842c4d29251,Box crushed in shipping to Pacific Northwest,Soda Pop,Box 200g,Pacific Northwest,Damaged Pack,Amazon Review,2026-01-28T02:30:00,0.71,False,
b3382f44-49f3-41dc-9013-7ed2e976c25c,New lid on Can 330ml doesn't seal properly,Soda Pop,Can 330ml,California,Seal Failure,Call Center,2026-01-28T02:43:00,0.93,False,
7dbca396-c2da-4e52-b1a9-5a29246ff7d0,Can 330ml half empty - Soda Pop,Soda Pop,Can 330ml,Texas,Low Fill,Twitter,2026-01-28T02:45:00,0.87,False,
835e7874-5c07-41cf-b857-5070e8190881,Can 330ml half empty - Granola Bar,Granola Bar,Can 330ml,Midwest,Low Fill,Call Center,2026-01-28T03:01:00,0.89,False,
d29ca530-f8b2-430e-8291-cabd63b0b36b,Resealable Bag v2 - New Lid leaking in transit to Pacific Northwest,Soda Pop,Resealable Bag v2 - New Lid,Pacific Northwest,Leaking,Amazon Review,2026-01-28T03:08:00,0.81,False,
37bbc5d6-06e3-4cf6-a956-31f9885f2c7e,Stale Granola Bar in Can 330ml,Granola Bar,Can 330ml,Northeast,Stale Taste,Twitter,2026-01-28T03:17:00,0.63,False,
409bb2f2-4416-4184-94f1-26cedae68e8a,Resealable Bag v1 arrived torn,Granola Bar,Resealable Bag v1,Texas,Damaged Pack,Email,2026-01-28T03:18:00,0.86,False,
11b90a69-ef61-4b6f-975d-03ac57ad1067,Ordered Granola Bar got wrong flavor,Granola Bar,Box 200g,Northeast,Wrong Flavor,Call Center,2026-01-28T03:31:00,0.63,False,
060d4552-3113-4a3b-a8bf-7af9ac140879,Can 330ml leaking in transit to California,Granola Bar,Can 330ml,California,Leaking,Twitter,2026-01-28T03:32:00,0.9,False,
63baf294-94ae-4b5d-adc0-4311331cdc13,Resealable Bag v1 half empty - Soda Pop,Soda Pop,Resealable Bag v1,Midwest,Low Fill,Twitter,2026-01-28T03:40:00,0.79,False,
58afb2cd-5a62-4e5b-bec7-057ff474d038,Ordered Cookies Pack got wrong flavor,Cookies Pack,Resealable Bag v2 - New Lid,Midwest,Wrong Flavor,Email,2026-01-28T03:40:00,0.72,False,
90124284-a782-401b-b9d3-5d4e13a29aae,Box 200g leaking in transit to California,Granola Bar,Box 200g,California,Leaking,Twitter,2026-01-28T03:45:00,0.85,False,
b436497c-0ff2-4b2f-95d6-e63786e98ec6,Box crushed in shipping to Texas,Crunchy Chips,Resealable Bag v2 - New Lid,Texas,Damaged Pack,Amazon Review,2026-01-28T04:06:00,0.79,False,
a863cc5d-a80c-4851-a37d-02d6ead13004,Ordered Crunchy Chips got wrong flavor,Crunchy Chips,Resealable Bag v1,Northeast,Wrong Flavor,Call Center,2026-01-28T04:21:00,0.84,False,
59a6397b-826a-4cec-80ee-4f48822c680a,Box 200g half empty - Crunchy Chips,Crunchy Chips,Box 200g,California,Low Fill,Email,2026-01-28T04:35:00,0.78,False,
17d8a3b8-f0b5-49b2-9c86-e2e186406e71,Stale Crunchy Chips in Resealable Bag v2 - New Lid,Crunchy Chips,Resealable Bag v2 - New Lid,Northeast,Stale Taste,Call Center,2026-01-28T04:39:00,0.76,False,
ca143483-6984-408b-8ee0-7a66a55f4a52,Resealable Bag v2 - New Lid leaking in transit to Texas,Crunchy Chips,Resealable Bag v2 - New Lid,Texas,Leaking,Twitter,2026-01-28T04:40:00,0.92,False,
f500d165-21b8-4716-b59f-1caa0a6f6ce2,Box 200g leaking in transit to California,Soda Pop,Box 200g,California,Leaking,Amazon Review,2026-01-28T04:51:00,0.92,False,
52a6204c-8ce5-4c8f-b093-f404f1ef6ab2,Can 330ml half empty - Granola Bar,Granola Bar,Can 330ml,California,Low Fill,Amazon Review,2026-01-28T05:03:00,0.85,False,
0e5bb193-f328-4aa4-9fea-9e083085c755,Resealable Bag v1 half empty - Granola Bar,Granola Bar,Resealable Bag v1,Texas,Low Fill,Email,2026-01-28T05:05:00,0.77,False,
ff15d198-20f6-4809-8d15-b108f1d89b20,Opened Soda Pop and it was stale,Soda Pop,Can 330ml,Pacific Northwest,Stale Taste,Email,2026-01-28T05:14:00,0.65,False,
9ea7c699-ac0a-4e9d-8517-ec36f371ee1b,Box 200g half empty - Crunchy Chips,Crunchy Chips,Box 200g,Northeast,Low Fill,Amazon Review,2026-01-28T05:19:00,0.61,False,
1747e526-00f7-4ccf-b359-9de860178912,Box 200g half empty - Granola Bar,Granola Bar,Box 200g,California,Low Fill,Twitter,2026-01-28T05:34:00,0.72,False,
032ec5dc-d047-4623-99d9-3635ae0c3147,Resealable Bag v2 - New Lid arrived torn,Granola Bar,Resealable Bag v2 - New Lid,Northeast,Damaged Pack,Call Center,2026-01-28T05:35:00,0.63,False,
83dc033e-eff1-43e2-9d2d-7a15773d2645,Can 330ml leaking in transit to Midwest,Granola Bar,Can 330ml,Midwest,Leaking,Amazon Review,2026-01-28T05:44:00,0.86,False,
034214ff-39f2-4ce5-8cff-3a70751f75e8,Box crushed in shipping to Pacific Northwest,Cookies Pack,Box 200g,Pacific Northwest,Damaged Pack,Call Center,2026-01-28T05:53:00,0.75,False,
b59b685a-01f3-4857-b83e-d68f4467e861,Resealable Bag v1 arrived torn,Cookies Pack,Resealable Bag v1,Texas,Damaged Pack,Email,2026-01-28T05:59:00,0.6,False,
83757230-c4bd-40d2-9c30-abb2dae06ffa,Ordered Crunchy Chips got wrong flavor,Crunchy Chips,Resealable Bag v1,Northeast,Wrong Flavor,Amazon Review,2026-01-28T06:10:00,0.72,False,
c938c985-40b6-454b-af00-8d7da7c3178c,Ordered Crunchy Chips got wrong flavor,Crunchy Chips,Box 200g,Pacific Northwest,Wrong Flavor,Call Center,2026-01-28T06:20:00,0.79,False,
b8a5cacd-c506-4dff-ae8f-389e4a428d9c,Soda Pop tastes stale from Northeast,Soda Pop,Resealable Bag v1,Northeast,Stale Taste,Twitter,2026-01-28T06:20:00,0.64,False,
707148de-dea6-4cd0-8a6e-a66a6b1f43de,Can 330ml arrived torn,Granola Bar,Can 330ml,Texas,Damaged Pack,Email,2026-01-28T06:23:00,0.64,False,
9516f4bc-1370-476d-92bc-522dbb8c13aa,Can 330ml leaking in transit to Northeast,Soda Pop,Can 330ml,Northeast,Leaking,Amazon Review,2026-01-28T06:24:00,0.83,False,
1e44dba6-6448-48bd-9d98-f1bd34c2c5c5,Box 200g half empty - Cookies Pack,Cookies Pack,Box 200g,Midwest,Low Fill,Email,2026-01-28T06:25:00,0.87,False,
fcd4519f-e17c-491f-9869-d5bcdee055ef,Box 200g leaking in transit to California,Cookies Pack,Box 200g,California,Leaking,Amazon Review,2026-01-28T06:30:00,0.91,False,
5384d350-269c-4d2b-a50e-5385acb056ec,"The Resealable Bag v1 won't close, goes stale in Pacific Northwest",Granola Bar,Resealable Bag v1,Pacific Northwest,Seal Failure,Amazon Review,2026-01-28T06:39:00,0.6,False,
88bdcfc1-e829-4bf9-8ee7-6638b32e6b9b,New lid on Resealable Bag v2 - New Lid doesn't seal properly,Crunchy Chips,Resealable Bag v2 - New Lid,Midwest,Seal Failure,Email,2026-01-28T06:53:00,0.71,False,
6aafd501-6cb2-4656-8478-b0da9fa6e10a,Stale Crunchy Chips in Box 200g,Crunchy Chips,Box 200g,California,Stale Taste,Call Center,2026-01-28T06:58:00,0.69,False,
2dfa9538-ded1-478b-b4c7-963dc477d71c,Box 200g half empty - Crunchy Chips,Crunchy Chips,Box 200g,California,Low Fill,Call Center,2026-01-28T06:58:00,0.83,False,
465216eb-30d2-497b-8217-31475ec77d3c,"The Box 200g won't close, goes stale in Northeast",Cookies Pack,Box 200g,Northeast,Seal Failure,Call Center,2026-01-28T06:59:00,0.84,False,
ed0c0b5f-0304-4e79-bc00-6de88bdf3046,Resealable Bag v1 leaking in transit to California,Soda Pop,Resealable Bag v1,California,Leaking,Twitter,2026-01-28T07:13:00,0.68,False,
9820a550-f11f-4f1c-a431-1d4af7a35e18,Can 330ml half empty - Cookies Pack,Cookies Pack,Can 330ml,Texas,Low Fill,Email,2026-01-28T07:17:00,0.67,False,
c80d2c94-de22-4bc0-b81e-0c8e59a616d7,Can 330ml leaking in transit to Pacific Northwest,Granola Bar,Can 330ml,Pacific Northwest,Leaking,Amazon Review,2026-01-28T07:36:00,0.74,False,
46b0296f-ea55-4e18-afb4-7c5eec65a745,Ordered Cookies Pack got wrong flavor,Cookies Pack,Can 330ml,Midwest,Wrong Flavor,Twitter,2026-01-28T07:46:00,0.76,False,
6427d1eb-9701-4c7a-a06a-9a777ce79b37,Can 330ml half empty - Granola Bar,Granola Bar,Can 330ml,California,Low Fill,Email,2026-01-28T07:58:00,0.64,False,
4c335f1b-5931-42f9-9c0a-35dd85884f68,Ordered Soda Pop got wrong flavor,Soda Pop,Can 330ml,Pacific Northwest,Wrong Flavor,Amazon Review,2026-01-28T07:58:00,0.63,False,
09a61734-950f-48d7-8b1a-b65768c5a691,Ordered Cookies Pack got wrong flavor,Cookies Pack,Resealable Bag v2 - New Lid,Northeast,Wrong Flavor,Amazon Review,2026-01-28T07:59:00,0.8,False,
d0f62784-aa9f-4367-89d6-427d816404f5,Resealable Bag v2 - New Lid half empty - Cookies Pack,Cookies Pack,Resealable Bag v2 - New Lid,Texas,Low Fill,Call Center,2026-01-28T08:11:00,0.76,False,
3c082a51-5386-488f-956a-d2f3587d4ea3,Stale Crunchy Chips in Resealable Bag v1,Crunchy Chips,Resealable Bag v1,Midwest,Stale Taste,Email,2026-01-28T08:16:00,0.91,False,
c74c3e59-fe7a-41c4-8cd4-bfd09e4cfdac,Opened Cookies Pack and it was stale,Cookies Pack,Box 200g,Northeast,Stale Taste,Call Center,2026-01-28T08:20:00,0.74,False,
75e9fe0d-f0ac-45c4-a407-69a7c7fa341b,Resealable Bag v1 arrived torn,Granola Bar,Resealable Bag v1,Northeast,Damaged Pack,Call Center,2026-01-28T08:24:00,0.71,False,
e1303f7e-0d79-4353-ba33-db7d90fddebd,Resealable Bag v1 half empty - Soda Pop,Soda Pop,Resealable Bag v1,Pacific Northwest,Low Fill,Amazon Review,2026-01-28T08:39:00,0.82,False,
8b9a2553-8cb2-4961-86a8-e96018509c9e,Resealable Bag v2 - New Lid half empty - Granola Bar,Granola Bar,Resealable Bag v2 - New Lid,Texas,Low Fill,Amazon Review,2026-01-28T08:40:00,0.88,False,
302e8027-55ed-4239-a3f6-0ef279209dd3,Ordered Soda Pop got wrong flavor,Soda Pop,Resealable Bag v2 - New Lid,Northeast,Wrong Flavor,Email,2026-01-28T08:41:00,0.71,False,
d0364265-1a4d-4d50-ae26-caf0c0de1dbc,Soda Pop tastes stale from Northeast,Soda Pop,Can 330ml,Northeast,Stale Taste,Call Center,2026-01-28T08:43:00,0.89,False,
edd6d27b-5911-40c4-a51f-dea9f23a0f41,Box crushed in shipping to Texas,Crunchy Chips,Box 200g,Texas,Damaged Pack,Email,2026-01-28T08:48:00,0.84,False,
2cf3a2c8-ad78-49e4-b4c1-d1895865232a,New lid on Resealable Bag v1 doesn't seal properly,Soda Pop,Resealable Bag v1,Midwest,Seal Failure,Twitter,2026-01-28T09:10:00,0.66,False,
b5adf62d-2e17-4349-94df-c08de5edb175,Opened Cookies Pack and it was stale,Cookies Pack,Can 330ml,Texas,Stale Taste,Twitter,2026-01-28T09:15:00,0.74,False,
b910e711-35e4-4f62-b5ab-abe3000929dd,Resealable Bag v1 arrived torn,Crunchy Chips,Resealable Bag v1,California,Damaged Pack,Twitter,2026-01-28T09:20:00,0.85,False,
f3f61a46-f736-4178-98a5-1074f751f3b2,Box crushed in shipping to Pacific Northwest,Crunchy Chips,Box 200g,Pacific Northwest,Damaged Pack,Amazon Review,2026-01-28T09:22:00,0.93,False,
c52ef439-e85e-4b65-a8ba-f7d57438569e,Resealable Bag v2 - New Lid arrived torn,Crunchy Chips,Resealable Bag v2 - New Lid,California,Damaged Pack,Amazon Review,2026-01-28T09:24:00,0.61,False,
9a0b4587-8534-4379-a7a5-95c2aa2d4d1f,Box 200g half empty - Granola Bar,Granola Bar,Box 200g,Midwest,Low Fill,Amazon Review,2026-01-28T09:30:00,0.75,False,
14a927f6-a196-4ae8-92a6-4e0a5ccc88fe,"The Box 200g won't close, goes stale in Pacific Northwest",Crunchy Chips,Box 200g,Pacific Northwest,Seal Failure,Twitter,2026-01-28T09:38:00,0.9,False,
96d029cf-0064-4280-a825-ff2b4d876eb6,Ordered Granola Bar got wrong flavor,Granola Bar,Box 200g,Texas,Wrong Flavor,Twitter,2026-01-28T09:46:00,0.88,False,
f955def8-f3a5-4937-a390-9d787fb410de,Can 330ml leaking in transit to Texas,Crunchy Chips,Can 330ml,Texas,Leaking,Call Center,2026-01-28T09:51:00,0.64,False,
1cc933be-6b18-4232-aebe-a170929da394,Ordered Crunchy Chips got wrong flavor,Crunchy Chips,Can 330ml,Midwest,Wrong Flavor,Twitter,2026-01-28T09:58:00,0.6,False,
848a899e-3537-46b2-8ec2-44f6a4084254,Box crushed in shipping to Midwest,Granola Bar,Resealable Bag v2 - New Lid,Midwest,Damaged Pack,Amazon Review,2026-01-28T09:59:00,0.81,False,
c6ee3b42-44ac-4ee0-a5d8-8df8c445b03e,Soda Pop tastes stale from Texas,Soda Pop,Resealable Bag v1,Texas,Stale Taste,Twitter,2026-01-28T10:01:00,0.92,False,
aaa577c6-e309-4b8c-9d96-7fb97b7ee667,Opened Granola Bar and it was stale,Granola Bar,Box 200g,Texas,Stale Taste,Call Center,2026-01-28T10:22:00,0.69,False,
2a6ff64e-4776-4ab0-a06e-db6e80762784,New lid on Can 330ml doesn't seal properly,Cookies Pack,Can 330ml,California,Seal Failure,Twitter,2026-01-28T10:27:00,0.77,False,
a8cc86f8-34fa-4aa3-85a4-a3f4ab7b9648,Resealable Box 200g failed to close - Midwest,Granola Bar,Box 200g,Midwest,Seal Failure,Twitter,2026-01-28T10:51:00,0.9,False,
f4d1dce4-5bf1-4092-b96e-ec4ed67f541f,Resealable Bag v1 leaking in transit to Pacific Northwest,Crunchy Chips,Resealable Bag v1,Pacific Northwest,Leaking,Amazon Review,2026-01-28T10:54:00,0.93,False,
316ba944-7a1d-4cd8-83c6-74972dcd1dae,Can 330ml half empty - Soda Pop,Soda Pop,Can 330ml,Midwest,Low Fill,Amazon Review,2026-01-28T10:55:00,0.63,False,
9cc8781d-b075-4797-80d7-33a5a6d09f0a,Can 330ml leaking in transit to Texas,Crunchy Chips,Can 330ml,Texas,Leaking,Call Center,2026-01-28T11:06:00,0.81,False,
29b30f13-b84a-4b9f-b189-91f31f7db76a,Ordered Cookies Pack got wrong flavor,Cookies Pack,Box 200g,Pacific Northwest,Wrong Flavor,Amazon Review,2026-01-28T11:07:00,0.86,False,
8a4b5691-9ea0-4bc5-8b29-96914ee9f807,New lid on Box 200g doesn't seal properly,Cookies Pack,Box 200g,Northeast,Seal Failure,Amazon Review,2026-01-28T11:09:00,0.92,False,
0fe1ae5d-b4fd-4fbc-add2-126ba6d4e595,Ordered Cookies Pack got wrong flavor,Cookies Pack,Resealable Bag v2 - New Lid,Northeast,Wrong Flavor,Email,2026-01-28T11:16:00,0.92,False,
8d6a8657-2cf8-433d-9154-4f9f8438784b,Box 200g arrived torn,Granola Bar,Box 200g,Midwest,Damaged Pack,Amazon Review,2026-01-28T11:17:00,0.84,False,
e5523ea9-3323-4041-9625-39519a40cc7c,Box 200g half empty - Granola Bar,Granola Bar,Box 200g,Pacific Northwest,Low Fill,Call Center,2026-01-28T11:44:00,0.6,False,
6ea785c5-e9f1-4940-b42c-c830545efe73,Ordered Soda Pop got wrong flavor,Soda Pop,Box 200g,Midwest,Wrong Flavor,Email,2026-01-28T11:54:00,0.84,False,
8114cdcb-8f23-4ec6-b0b7-3c3243dad459,Resealable Bag v2 - New Lid arrived torn,Crunchy Chips,Resealable Bag v2 - New Lid,Northeast,Damaged Pack,Call Center,2026-01-28T12:01:00,0.92,False,
38b043f1-4a13-428c-a0be-d930d423952c,Ordered Cookies Pack got wrong flavor,Cookies Pack,Can 330ml,Texas,Wrong Flavor,Amazon Review,2026-01-28T12:04:00,0.94,False,
50c066c2-a1c6-4de1-863e-0547423025ff,"The Box 200g won't close, goes stale in Midwest",Granola Bar,Box 200g,Midwest,Seal Failure,Email,2026-01-28T12:24:00,0.74,False,
72dcb2a3-9d8c-4286-b780-cd8febe5f2d5,Resealable Bag v1 half empty - Granola Bar,Granola Bar,Resealable Bag v1,Midwest,Low Fill,Email,2026-01-28T12:26:00,0.67,False,
ee6b02f3-f0e8-4df2-a413-ec68e29d4ff1,Can 330ml half empty - Soda Pop,Soda Pop,Can 330ml,California,Low Fill,Twitter,2026-01-28T12:30:00,0.8,False,
e1954cde-07c5-4d70-8b14-25c95fcd7293,Can 330ml half empty - Soda Pop,Soda Pop,Can 330ml,Midwest,Low Fill,Twitter,2026-01-28T13:28:00,0.68,False,
f5bee2f0-e81b-4961-8a0e-398183740321,Opened Crunchy Chips and it was stale,Crunchy Chips,Box 200g,Midwest,Stale Taste,Twitter,2026-01-28T13:38:00,0.74,False,
a03ed575-d9c1-4ea4-b912-ad0396abd563,"The Resealable Bag v1 won't close, goes stale in Pacific Northwest",Soda Pop,Resealable Bag v1,Pacific Northwest,Seal Failure,Email,2026-01-28T14:00:00,0.85,False,
da9702c0-8bc3-481b-ae55-5073126d2be3,Resealable Bag v2 - New Lid arrived torn,Soda Pop,Resealable Bag v2 - New Lid,Pacific Northwest,Damaged Pack,Email,2026-01-28T14:03:00,0.68,False,
08b86ba3-ad73-415a-bc3b-2f30b1d7600b,Resealable Bag v1 arrived torn,Crunchy Chips,Resealable Bag v1,Northeast,Damaged Pack,Amazon Review,2026-01-28T14:08:00,0.83,False,
01eca04a-dfd0-403e-8765-c53e9b05fc0e,Resealable Bag v2 - New Lid half empty - Cookies Pack,Cookies Pack,Resealable Bag v2 - New Lid,Pacific Northwest,Low Fill,Twitter,2026-01-28T14:15:00,0.85,False,
cf4204a3-98e7-4a52-bcb7-b8e4fa3832c1,Can 330ml leaking in transit to Pacific Northwest,Soda Pop,Can 330ml,Pacific Northwest,Leaking,Amazon Review,2026-01-28T14:21:00,0.93,False,
b5fb90e3-41f6-4f3b-afaf-b7590087fb9c,Ordered Soda Pop got wrong flavor,Soda Pop,Can 330ml,Texas,Wrong Flavor,Email,2026-01-28T14:27:00,0.6,False,
efa4c250-7d02-41e7-969e-488caa51b86b,Ordered Cookies Pack got wrong flavor,Cookies Pack,Box 200g,Pacific Northwest,Wrong Flavor,Call Center,2026-01-28T14:29:00,0.87,False,
9f404681-d48e-4478-8f48-341b65312c38,Soda Pop tastes stale from Texas,Soda Pop,Box 200g,Texas,Stale Taste,Email,2026-01-28T14:38:00,0.61,False,
74e229a9-3206-435b-8c6b-6b5ca94b66e9,Ordered Cookies Pack got wrong flavor,Cookies Pack,Box 200g,Midwest,Wrong Flavor,Call Center,2026-01-28T14:39:00,0.81,False,
70ea0637-8b87-4b80-8993-7edcd488dd36,Box crushed in shipping to Texas,Crunchy Chips,Box 200g,Texas,Damaged Pack,Email,2026-01-28T14:48:00,0.93,False,
0dbff994-dc8c-449a-852f-4eac8b2ae0dd,Can 330ml arrived torn,Granola Bar,Can 330ml,Pacific Northwest,Damaged Pack,Amazon Review,2026-01-28T14:49:00,0.92,False,
25707904-3428-4eab-98d5-cf8dc1705902,Ordered Soda Pop got wrong flavor,Soda Pop,Resealable Bag v2 - New Lid,Midwest,Wrong Flavor,Email,2026-01-28T14:50:00,0.66,False,
08234180-9be9-4584-b7a3-fc0586b70132,Box 200g leaking in transit to Pacific Northwest,Cookies Pack,Box 200g,Pacific Northwest,Leaking,Call Center,2026-01-28T14:50:00,0.67,False,
b24e029d-2c1a-40ba-8f6f-3870d6fd8750,Can 330ml half empty - Crunchy Chips,Crunchy Chips,Can 330ml,Pacific Northwest,Low Fill,Call Center,2026-01-28T14:51:00,0.73,False,
462146d3-7cee-4f8a-bb83-9009d91f466e,Box 200g leaking in transit to Northeast,Granola Bar,Box 200g,Northeast,Leaking,Twitter,2026-01-28T14:52:00,0.79,False,
293e7eac-24d9-4ae6-8e8a-c18b1298c4c2,Resealable Bag v1 half empty - Crunchy Chips,Crunchy Chips,Resealable Bag v1,California,Low Fill,Amazon Review,2026-01-28T15:09:00,0.76,False,
698074d1-2b63-4838-8928-04373a1affe4,Can 330ml leaking in transit to Texas,Soda Pop,Can 330ml,Texas,Leaking,Email,2026-01-28T15:23:00,0.84,False,
053aee6c-ee0f-4c7f-894e-fa1f7f6eab04,Stale Crunchy Chips in Resealable Bag v1,Crunchy Chips,Resealable Bag v1,Texas,Stale Taste,Amazon Review,2026-01-28T15:32:00,0.89,False,
4fe8f121-22c4-4e71-93a0-879f4e0c6521,Resealable Bag v2 - New Lid leaking in transit to Northeast,Soda Pop,Resealable Bag v2 - New Lid,Northeast,Leaking,Twitter,2026-01-28T15:35:00,0.69,False,
fc0454cb-ed55-4b23-a7e7-00df0a302f58,Box crushed in shipping to California,Crunchy Chips,Resealable Bag v1,California,Damaged Pack,Twitter,2026-01-28T15:39:00,0.66,False,
9b40935d-1eef-442a-909c-bc8572a4e356,Box crushed in shipping to California,Crunchy Chips,Resealable Bag v2 - New Lid,California,Damaged Pack,Amazon Review,2026-01-28T15:49:00,0.64,False,
f0b1b279-7f98-48ab-b7f7-9757c69502d4,Resealable Bag v1 leaking in transit to California,Granola Bar,Resealable Bag v1,California,Leaking,Amazon Review,2026-01-28T15:51:00,0.69,False,
576f49b7-982c-4702-b304-c7fd2886be7a,"The Resealable Bag v1 won't close, goes stale in Pacific Northwest",Crunchy Chips,Resealable Bag v1,Pacific Northwest,Seal Failure,Call Center,2026-01-28T15:59:00,0.66,False,
636c90a4-ce59-4218-a9bc-f97c990639f5,Ordered Cookies Pack got wrong flavor,Cookies Pack,Can 330ml,Northeast,Wrong Flavor,Email,2026-01-28T16:01:00,0.62,False,
164bd0d3-bfc6-4b53-b874-59cde170dc61,Box crushed in shipping to Midwest,Cookies Pack,Can 330ml,Midwest,Damaged Pack,Amazon Review,2026-01-28T16:02:00,0.84,False,
dd94e69f-528d-4da6-af62-f9bfa9f605e7,New lid on Box 200g doesn't seal properly,Cookies Pack,Box 200g,California,Seal Failure,Twitter,2026-01-28T16:15:00,0.94,False,
1b2aab74-21c2-4634-ba22-f5beb61a4111,Box crushed in shipping to California,Crunchy Chips,Resealable Bag v2 - New Lid,California,Damaged Pack,Amazon Review,2026-01-28T16:17:00,0.81,False,
b00b57aa-30f8-4f0a-b15c-427680bd42d8,Resealable Box 200g failed to close - Pacific Northwest,Soda Pop,Box 200g,Pacific Northwest,Seal Failure,Twitter,2026-01-28T16:47:00,0.81,False,
46dde277-7bfb-46a6-aa70-79174c9c530f,Resealable Bag v1 leaking in transit to California,Soda Pop,Resealable Bag v1,California,Leaking,Twitter,2026-01-28T16:50:00,0.75,False,
405f9557-6932-4dac-ac2b-a5afe911aee5,Ordered Granola Bar got wrong flavor,Granola Bar,Resealable Bag v2 - New Lid,Texas,Wrong Flavor,Call Center,2026-01-28T16:57:00,0.61,False,
ca83f7a1-9220-4f4a-b1b4-b2207a92b5dd,Can 330ml arrived torn,Crunchy Chips,Can 330ml,Pacific Northwest,Damaged Pack,Amazon Review,2026-01-28T17:03:00,0.74,False,
f2a281fe-32d6-4738-a8a4-575b6f565107,"The Box 200g won't close, goes stale in Midwest",Crunchy Chips,Box 200g,Midwest,Seal Failure,Email,2026-01-28T17:38:00,0.62,False,
b1c8c403-952f-492e-90d4-02fe06734f29,Ordered Granola Bar got wrong flavor,Granola Bar,Box 200g,Northeast,Wrong Flavor,Twitter,2026-01-28T17:41:00,0.67,False,
f92abd0f-420f-4c4e-baee-7865cc75b52c,Granola Bar tastes stale from Pacific Northwest,Granola Bar,Resealable Bag v1,Pacific Northwest,Stale Taste,Email,2026-01-28T17:48:00,0.66,False,
91e208e2-04e6-47ab-8dcd-1fe644ad4e3c,Box crushed in shipping to Midwest,Soda Pop,Resealable Bag v2 - New Lid,Midwest,Damaged Pack,Email,2026-01-28T18:03:00,0.83,False,
c9213a38-fae7-4836-8b38-1ef1199c02d0,Ordered Crunchy Chips got wrong flavor,Crunchy Chips,Resealable Bag v2 - New Lid,Midwest,Wrong Flavor,Call Center,2026-01-28T18:10:00,0.86,False,
aa7916b7-6bdb-41c8-adac-f0a44858a095,Resealable Bag v2 - New Lid arrived torn,Cookies Pack,Resealable Bag v2 - New Lid,Texas,Damaged Pack,Call Center,2026-01-28T18:10:00,0.81,False,
47137018-8f0c-4fad-ae78-b5fc6c27ec79,Resealable Box 200g failed to close - Pacific Northwest,Granola Bar,Box 200g,Pacific Northwest,Seal Failure,Email,2026-01-28T18:12:00,0.72,False,
e7051896-a6ad-425d-8a97-82c709a232e3,Ordered Soda Pop got wrong flavor,Soda Pop,Resealable Bag v2 - New Lid,Northeast,Wrong Flavor,Amazon Review,2026-01-28T18:19:00,0.68,False,
c5e6836c-3606-4dcb-9db7-3373ad444361,Can 330ml leaking in transit to Midwest,Granola Bar,Can 330ml,Midwest,Leaking,Email,2026-01-28T18:49:00,0.81,False,
4915660e-0144-40ca-a50f-cd86e95c27b3,Resealable Bag v2 - New Lid half empty - Granola Bar,Granola Bar,Resealable Bag v2 - New Lid,Pacific Northwest,Low Fill,Call Center,2026-01-28T18:51:00,0.86,False,
31ccb493-a3a7-4caf-b871-6969518bcea3,Opened Granola Bar and it was stale,Granola Bar,Resealable Bag v1,Midwest,Stale Taste,Email,2026-01-28T19:03:00,0.68,False,
5ca22649-92e3-4f16-af7d-de8eeb8a4847,Resealable Bag v2 - New Lid half empty - Granola Bar,Granola Bar,Resealable Bag v2 - New Lid,Texas,Low Fill,Call Center,2026-01-28T19:03:00,0.65,False,
04b35e19-075b-47f1-831a-8eae2ee93a40,Box 200g leaking in transit to Texas,Crunchy Chips,Box 200g,Texas,Leaking,Call Center,2026-01-28T19:09:00,0.63,False,
e94785ca-43a7-437d-bf1f-09e44a6b220a,Resealable Bag v2 - New Lid half empty - Soda Pop,Soda Pop,Resealable Bag v2 - New Lid,Northeast,Low Fill,Email,2026-01-28T19:10:00,0.87,False,
ee320d27-bf0a-4e01-a50e-6a3cc2b2bba4,Resealable Bag v1 leaking in transit to Texas,Cookies Pack,Resealable Bag v1,Texas,Leaking,Amazon Review,2026-01-28T19:14:00,0.89,False,
6e9f0dfa-ed10-42b2-b24b-659b2d88d9ce,Box crushed in shipping to Texas,Crunchy Chips,Box 200g,Texas,Damaged Pack,Email,2026-01-28T19:53:00,0.77,False,
405465ee-bc09-4ddf-a975-abb99544a792,Resealable Bag v1 half empty - Granola Bar,Granola Bar,Resealable Bag v1,California,Low Fill,Email,2026-01-28T20:00:00,0.88,False,
4ac439bd-e8a9-4d5e-9b6f-eca5d0c5f0a1,Resealable Bag v1 leaking in transit to Northeast,Cookies Pack,Resealable Bag v1,Northeast,Leaking,Amazon Review,2026-01-28T20:01:00,0.8,False,
5ca88a21-8a49-4876-9edc-88f9fa69f630,Can 330ml leaking in transit to California,Crunchy Chips,Can 330ml,California,Leaking,Call Center,2026-01-28T20:05:00,0.69,False,
459f3018-cb74-460d-b92d-baa7ab48b4fe,Box 200g arrived torn,Cookies Pack,Box 200g,Texas,Damaged Pack,Email,2026-01-28T20:14:00,0.7,False,
4eb530e8-ce4a-474e-93bf-061eafeeb94e,Resealable Box 200g failed to close - Texas,Cookies Pack,Box 200g,Texas,Seal Failure,Twitter,2026-01-28T20:16:00,0.89,False,
d70e5ad4-6dba-4eaa-83df-c2ab91fb8233,"The Resealable Bag v2 - New Lid won't close, goes stale in California",Granola Bar,Resealable Bag v2 - New Lid,California,Seal Failure,Amazon Review,2026-01-28T20:22:00,0.8,False,
0dcf6938-fa8a-4a5d-aa0a-d2656fa34be2,Resealable Bag v2 - New Lid half empty - Granola Bar,Granola Bar,Resealable Bag v2 - New Lid,California,Low Fill,Email,2026-01-28T20:32:00,0.94,False,
c05973c7-0fed-4123-ac66-08e362f98175,Resealable Resealable Bag v2 - New Lid failed to close - Texas,Crunchy Chips,Resealable Bag v2 - New Lid,Texas,Seal Failure,Amazon Review,2026-01-28T20:40:00,0.84,False,
b4b81f94-8a99-4773-b21a-aa90aa3923a0,Stale Crunchy Chips in Box 200g,Crunchy Chips,Box 200g,Texas,Stale Taste,Amazon Review,2026-01-28T20:41:00,0.84,False,
d1763b09-fa38-4faa-9d24-91511bfb1328,Box crushed in shipping to California,Cookies Pack,Can 330ml,California,Damaged Pack,Call Center,2026-01-28T20:49:00,0.91,False,
ee6eb585-6112-430e-bfe1-6d8785a9883c,Resealable Can 330ml failed to close - California,Crunchy Chips,Can 330ml,California,Seal Failure,Amazon Review,2026-01-28T21:02:00,0.83,False,
5d883f28-5531-462d-a806-00797a9a7d3f,Resealable Can 330ml failed to close - Northeast,Soda Pop,Can 330ml,Northeast,Seal Failure,Email,2026-01-28T21:07:00,0.68,False,
357948c4-b29d-47ec-988f-e3ad5eca8e86,Stale Crunchy Chips in Resealable Bag v1,Crunchy Chips,Resealable Bag v1,Northeast,Stale Taste,Amazon Review,2026-01-28T21:12:00,0.64,False,
f52a23e6-1c9a-4d5c-996b-edb030c5338c,Can 330ml leaking in transit to Midwest,Soda Pop,Can 330ml,Midwest,Leaking,Twitter,2026-01-28T21:24:00,0.89,False,
b4aa004a-d3da-4b5a-8e76-d47511f56f68,Resealable Bag v2 - New Lid half empty - Granola Bar,Granola Bar,Resealable Bag v2 - New Lid,Northeast,Low Fill,Amazon Review,2026-01-28T21:33:00,0.83,False,
c059f87b-f2e4-4ce8-9fcc-f12486e66d69,Box 200g leaking in transit to Pacific Northwest,Crunchy Chips,Box 200g,Pacific Northwest,Leaking,Call Center,2026-01-28T21:35:00,0.89,False,
36407082-7277-41cc-a7db-9e4fc83d95cb,Resealable Resealable Bag v1 failed to close - Texas,Soda Pop,Resealable Bag v1,Texas,Seal Failure,Amazon Review,2026-01-28T21:43:00,0.68,False,
08ecf8f6-d5a9-4679-8d3d-5e8f8c664b8d,Soda Pop tastes stale from Northeast,Soda Pop,Can 330ml,Northeast,Stale Taste,Twitter,2026-01-28T21:47:00,0.8,False,
9029f602-bdab-49a1-8aa8-00f064b636e1,Box 200g leaking in transit to California,Granola Bar,Box 200g,California,Leaking,Email,2026-01-28T21:47:00,0.71,False,
d59f1b21-ba5a-4a04-9265-b59364473e2b,Can 330ml half empty - Soda Pop,Soda Pop,Can 330ml,Northeast,Low Fill,Call Center,2026-01-28T21:47:00,0.78,False,
c8ca1e54-6c09-4d64-8a9b-7cf62964d3bc,Box crushed in shipping to Pacific Northwest,Cookies Pack,Resealable Bag v2 - New Lid,Pacific Northwest,Damaged Pack,Twitter,2026-01-28T22:01:00,0.87,False,
350da4e6-b6b0-4a64-92ff-983181595abb,Cookies Pack tastes stale from California,Cookies Pack,Resealable Bag v1,California,Stale Taste,Call Center,2026-01-28T22:06:00,0.77,False,
f62a4192-d056-4244-8550-cd8c69236abc,New lid on Box 200g doesn't seal properly,Cookies Pack,Box 200g,Midwest,Seal Failure,Twitter,2026-01-28T22:16:00,0.75,False,
edbe0134-c488-4f35-bdb1-3d1ef580f546,Ordered Granola Bar got wrong flavor,Granola Bar,Resealable Bag v2 - New Lid,Pacific Northwest,Wrong Flavor,Email,2026-01-28T22:20:00,0.82,False,
202c5cbd-7807-4574-82df-bfdad46c53af,"The Can 330ml won't close, goes stale in Pacific Northwest",Granola Bar,Can 330ml,Pacific Northwest,Seal Failure,Amazon Review,2026-01-28T22:35:00,0.73,False,
dff673b1-7c22-4fe8-9a55-41257ce716b7,"The Resealable Bag v1 won't close, goes stale in Pacific Northwest",Cookies Pack,Resealable Bag v1,Pacific Northwest,Seal Failure,Email,2026-01-28T22:51:00,0.69,False,
71f47c5b-4e3f-4f65-93df-da913383257e,Stale Cookies Pack in Box 200g,Cookies Pack,Box 200g,Pacific Northwest,Stale Taste,Email,2026-01-28T23:26:00,0.62,False,
728e72c0-e0e8-4144-ae3a-42a3a20f48e8,Resealable Box 200g failed to close - Midwest,Crunchy Chips,Box 200g,Midwest,Seal Failure,Email,2026-01-28T23:42:00,0.74,False,
7683dad2-2428-448b-a206-4fb12c9b0983,Resealable Bag v2 - New Lid half empty - Granola Bar,Granola Bar,Resealable Bag v2 - New Lid,California,Low Fill,Email,2026-01-28T23:43:00,0.63,False,
32a268d5-5c70-4673-a85c-8828979c9ace,Box 200g half empty - Soda Pop,Soda Pop,Box 200g,Texas,Low Fill,Email,2026-01-28T23:46:00,0.77,False,
b61a6db9-82bc-46ec-b234-93ac0d9df37c,Box crushed in shipping to Northeast,Cookies Pack,Can 330ml,Northeast,Damaged Pack,Amazon Review,2026-01-28T23:50:00,0.6,False,
94523e81-2980-44cf-bc21-b5d5a517cb77,Can 330ml half empty - Granola Bar,Granola Bar,Can 330ml,Northeast,Low Fill,Email,2026-01-28T23:56:00,0.67,False,
e8b1bae1-69b7-45b0-9888-f77a971252e6,Resealable Bag v2 - New Lid half empty - Crunchy Chips,Crunchy Chips,Resealable Bag v2 - New Lid,Midwest,Low Fill,Twitter,2026-01-29T00:01:00,0.84,False,
3208ff8a-d40a-4b28-a63e-d320af066da7,Box crushed in shipping to Northeast,Soda Pop,Can 330ml,Northeast,Damaged Pack,Call Center,2026-01-29T00:10:00,0.76,False,
ae21adcd-c797-4bb9-b99f-71bbf532358b,Box 200g half empty - Crunchy Chips,Crunchy Chips,Box 200g,Northeast,Low Fill,Twitter,2026-01-29T00:13:00,0.84,False,
9bd7cfab-c6a4-41ff-b810-04d58a793665,Crunchy Chips tastes stale from Northeast,Crunchy Chips,Box 200g,Northeast,Stale Taste,Call Center,2026-01-29T00:14:00,0.61,False,
02811256-c364-43eb-953b-006333867044,Box 200g half empty - Granola Bar,Granola Bar,Box 200g,Pacific Northwest,Low Fill,Amazon Review,2026-01-29T00:22:00,0.93,False,
21f4b7fc-31bb-4d92-9264-b905fbbcdbef,Resealable Resealable Bag v2 - New Lid failed to close - California,Granola Bar,Resealable Bag v2 - New Lid,California,Seal Failure,Amazon Review,2026-01-29T00:32:00,0.64,False,
59801a53-329e-41fe-9ffa-66dfea35a858,Can 330ml half empty - Soda Pop,Soda Pop,Can 330ml,Pacific Northwest,Low Fill,Amazon Review,2026-01-29T00:34:00,0.65,False,
c47b71b8-1af3-439f-a31b-e0169b374293,Ordered Crunchy Chips got wrong flavor,Crunchy Chips,Resealable Bag v2 - New Lid,Texas,Wrong Flavor,Twitter,2026-01-29T00:39:00,0.84,False,
8d85903e-d35e-48ad-99c1-3adf838ebdfb,New lid on Box 200g doesn't seal properly,Crunchy Chips,Box 200g,California,Seal Failure,Email,2026-01-29T00:45:00,0.61,False,
0ed08fcb-9512-4d12-b26f-86c541976117,Box 200g arrived torn,Crunchy Chips,Box 200g,Texas,Damaged Pack,Twitter,2026-01-29T00:53:00,0.84,False,
c4954ed1-82c8-42aa-88a1-a616d172e19d,Box 200g leaking in transit to Texas,Cookies Pack,Box 200g,Texas,Leaking,Amazon Review,2026-01-29T01:02:00,0.71,False,
5317471b-497c-4d0b-9622-6c4811e50797,Resealable Bag v1 half empty - Cookies Pack,Cookies Pack,Resealable Bag v1,California,Low Fill,Twitter,2026-01-29T01:09:00,0.9,False,
8192204f-810d-46ae-bd35-983afe38a0dd,Resealable Resealable Bag v2 - New Lid failed to close - Northeast,Cookies Pack,Resealable Bag v2 - New Lid,Northeast,Seal Failure,Twitter,2026-01-29T01:11:00,0.81,False,
110f207f-9642-45b2-aa67-3d8df9e90bdc,Can 330ml leaking in transit to Pacific Northwest,Crunchy Chips,Can 330ml,Pacific Northwest,Leaking,Twitter,2026-01-29T01:15:00,0.63,False,
9c3928c4-700a-4c4a-b186-ee7629779393,Opened Granola Bar and it was stale,Granola Bar,Box 200g,Northeast,Stale Taste,Call Center,2026-01-29T01:21:00,0.76,False,
c70b5401-4d83-49af-8ebd-c4bb467f4ad5,"The Box 200g won't close, goes stale in Midwest",Soda Pop,Box 200g,Midwest,Seal Failure,Email,2026-01-29T01:23:00,0.72,False,
a573720a-2493-48c0-9222-19ef68c97604,New lid on Resealable Bag v1 doesn't seal properly,Soda Pop,Resealable Bag v1,Midwest,Seal Failure,Email,2026-01-29T01:30:00,0.8,False,
2c4dfe91-9ab4-48e5-bf5e-2c23518a7c9d,Resealable Bag v1 leaking in transit to Texas,Crunchy Chips,Resealable Bag v1,Texas,Leaking,Call Center,2026-01-29T01:54:00,0.79,False,
850b82fb-22f7-4ce4-a606-beea53c9d7f8,"The Resealable Bag v1 won't close, goes stale in Texas",Cookies Pack,Resealable Bag v1,Texas,Seal Failure,Email,2026-01-29T02:03:00,0.79,False,
72fefd45-f017-4f7c-9315-9d9f1ca82483,Can 330ml half empty - Cookies Pack,Cookies Pack,Can 330ml,Midwest,Low Fill,Email,2026-01-29T02:05:00,0.62,False,
ab1ce37c-3004-4cc1-9469-6c577043975d,Box 200g leaking in transit to California,Granola Bar,Box 200g,California,Leaking,Email,2026-01-29T02:11:00,0.81,False,
30a3e335-bf6a-4c40-9ae0-a09b89dcb8a3,Box 200g leaking in transit to Midwest,Granola Bar,Box 200g,Midwest,Leaking,Amazon Review,2026-01-29T02:16:00,0.91,False,
49ecc0ee-e8bd-4ff0-8896-8b6204e520fe,Granola Bar tastes stale from Midwest,Granola Bar,Can 330ml,Midwest,Stale Taste,Amazon Review,2026-01-29T02:35:00,0.75,False,
85cc569f-ba7b-4db2-907c-7884c1e4d652,Soda Pop tastes stale from Northeast,Soda Pop,Box 200g,Northeast,Stale Taste,Call Center,2026-01-29T02:36:00,0.7,False,
eb0007ea-35bb-4678-9ea5-b5200b637895,Soda Pop tastes stale from California,Soda Pop,Resealable Bag v1,California,Stale Taste,Call Center,2026-01-29T02:51:00,0.93,False,
aa155303-0ff6-4106-ab71-99c5029f2d3c,Ordered Granola Bar got wrong flavor,Granola Bar,Resealable Bag v1,Midwest,Wrong Flavor,Amazon Review,2026-01-29T03:04:00,0.9,False,
8373ad29-89d8-4354-a412-21217a50961c,Ordered Crunchy Chips got wrong flavor,Crunchy Chips,Can 330ml,Midwest,Wrong Flavor,Email,2026-01-29T03:13:00,0.67,False,
1f7c9019-7667-4674-9875-b6f3bc4b0518,Resealable Can 330ml failed to close - Texas,Granola Bar,Can 330ml,Texas,Seal Failure,Call Center,2026-01-29T03:17:00,0.88,False,
631f2934-4e65-4a83-a5b4-0746303cc9a7,Opened Cookies Pack and it was stale,Cookies Pack,Can 330ml,Pacific Northwest,Stale Taste,Email,2026-01-29T03:21:00,0.67,False,
a5104bcc-c66a-467d-bd2f-8f3679948edd,New lid on Box 200g doesn't seal properly,Cookies Pack,Box 200g,Northeast,Seal Failure,Twitter,2026-01-29T03:24:00,0.75,False,
fbd7e774-5fd7-4904-bfd2-66556182d053,New lid on Can 330ml doesn't seal properly,Cookies Pack,Can 330ml,Midwest,Seal Failure,Call Center,2026-01-29T03:43:00,0.94,False,
8698f702-7d45-4fcc-8478-88318ffe85be,Opened Cookies Pack and it was stale,Cookies Pack,Can 330ml,Texas,Stale Taste,Amazon Review,2026-01-29T03:56:00,0.76,False,
25379d3f-1e2a-4299-bd44-4d9402dc7723,Ordered Soda Pop got wrong flavor,Soda Pop,Resealable Bag v1,Midwest,Wrong Flavor,Amazon Review,2026-01-29T04:45:00,0.91,False,
9696369a-babd-4436-af65-04eb71dd5334,Resealable Resealable Bag v1 failed to close - California,Cookies Pack,Resealable Bag v1,California,Seal Failure,Call Center,2026-01-29T04:46:00,0.79,False,
684757d5-f81c-4950-928d-b446c6e5233a,Opened Granola Bar and it was stale,Granola Bar,Box 200g,Pacific Northwest,Stale Taste,Amazon Review,2026-01-29T04:50:00,0.88,False,
cd357ce0-38b6-4bc7-80fe-d3ac498f81e0,Resealable Bag v2 - New Lid half empty - Soda Pop,Soda Pop,Resealable Bag v2 - New Lid,Northeast,Low Fill,Twitter,2026-01-29T04:53:00,0.91,False,
9a517c36-2eb9-4a8b-9a90-f3f06397193e,Resealable Bag v1 arrived torn,Cookies Pack,Resealable Bag v1,Northeast,Damaged Pack,Twitter,2026-01-29T04:59:00,0.83,False,
8696b5fd-1f67-4aa7-8478-1f13f379f897,Can 330ml half empty - Soda Pop,Soda Pop,Can 330ml,Midwest,Low Fill,Email,2026-01-29T05:08:00,0.71,False,
2960309c-fdad-4f40-8ba9-f3b2c8420217,Can 330ml leaking in transit to Pacific Northwest,Crunchy Chips,Can 330ml,Pacific Northwest,Leaking,Twitter,2026-01-29T05:12:00,0.69,False,
0abd1b64-da05-432c-8797-2a7e3c1dbf2f,Crunchy Chips tastes stale from Pacific Northwest,Crunchy Chips,Can 330ml,Pacific Northwest,Stale Taste,Amazon Review,2026-01-29T05:13:00,0.93,False,
38b97fc5-edd2-446d-ac24-f9db956aa9dc,Box crushed in shipping to Midwest,Cookies Pack,Resealable Bag v1,Midwest,Damaged Pack,Call Center,2026-01-29T05:20:00,0.9,False,
5b5e4859-17ea-4653-8f69-ad0bb7fd7150,Resealable Box 200g failed to close - Texas,Soda Pop,Box 200g,Texas,Seal Failure,Twitter,2026-01-29T05:40:00,0.86,False,
24382732-2caf-43ba-923d-f78c18436efb,Opened Soda Pop and it was stale,Soda Pop,Can 330ml,Texas,Stale Taste,Amazon Review,2026-01-29T05:41:00,0.73,False,
199eb6e2-f504-4b4c-ba9b-4b10ae52b1f1,Stale Soda Pop in Resealable Bag v1,Soda Pop,Resealable Bag v1,Pacific Northwest,Stale Taste,Email,2026-01-29T05:48:00,0.86,False,
d0fe1af5-84ca-41fc-9833-80850fdbf2b0,Resealable Bag v1 leaking in transit to Pacific Northwest,Cookies Pack,Resealable Bag v1,Pacific Northwest,Leaking,Amazon Review,2026-01-29T05:58:00,0.88,False,
e488bd43-6b21-4e82-bba1-83bdb17278e0,Box 200g arrived torn,Crunchy Chips,Box 200g,Northeast,Damaged Pack,Email,2026-01-29T06:14:00,0.93,False,
4d8d1834-2eb3-43d5-b261-9ca714618ba7,Can 330ml half empty - Crunchy Chips,Crunchy Chips,Can 330ml,Pacific Northwest,Low Fill,Email,2026-01-29T06:25:00,0.73,False,
d2c36ba1-a7e2-49f6-9a4c-52d053b72fe5,Box 200g half empty - Crunchy Chips,Crunchy Chips,Box 200g,Texas,Low Fill,Twitter,2026-01-29T06:34:00,0.74,False,
acbd7569-30ec-4792-b107-d0d7ecd2c94a,Can 330ml leaking in transit to Texas,Crunchy Chips,Can 330ml,Texas,Leaking,Amazon Review,2026-01-29T06:50:00,0.66,False,
2ce2cbc7-fbfe-4395-ad32-6177dd98e513,Resealable Bag v2 - New Lid arrived torn,Cookies Pack,Resealable Bag v2 - New Lid,Texas,Damaged Pack,Call Center,2026-01-29T07:08:00,0.84,False,
207eebca-15ae-475f-b783-65507e17ca07,Resealable Bag v2 - New Lid leaking in transit to Texas,Crunchy Chips,Resealable Bag v2 - New Lid,Texas,Leaking,Amazon Review,2026-01-29T07:10:00,0.68,False,
fcd19b6e-563a-4945-81d7-89bf944e2707,Box 200g half empty - Soda Pop,Soda Pop,Box 200g,Northeast,Low Fill,Twitter,2026-01-29T07:17:00,0.88,False,
7e4b18e6-e316-4df2-b7fd-e7fc51404d19,Box crushed in shipping to Pacific Northwest,Soda Pop,Resealable Bag v2 - New Lid,Pacific Northwest,Damaged Pack,Twitter,2026-01-29T07:26:00,0.76,False,
67112a2c-ba0e-44ec-b38e-694f04064536,Resealable Resealable Bag v1 failed to close - Pacific Northwest,Granola Bar,Resealable Bag v1,Pacific Northwest,Seal Failure,Amazon Review,2026-01-29T07:28:00,0.86,False,
ac23ebe6-3a00-4bd2-9c56-a9e244fcd189,Resealable Bag v1 half empty - Granola Bar,Granola Bar,Resealable Bag v1,Midwest,Low Fill,Call Center,2026-01-29T07:35:00,0.62,False,
d1ab7a96-a8bb-4316-9a57-5d0ddea877dc,Resealable Bag v2 - New Lid arrived torn,Cookies Pack,Resealable Bag v2 - New Lid,Midwest,Damaged Pack,Call Center,2026-01-29T07:46:00,0.69,False,
7ceed9f2-1590-4280-b0c3-c01abfc82cfc,Box 200g leaking in transit to Texas,Granola Bar,Box 200g,Texas,Leaking,Email,2026-01-29T08:00:00,0.67,False,
c4f8ba25-2ffb-4b5c-b2d0-1c8c5b876f93,Ordered Crunchy Chips got wrong flavor,Crunchy Chips,Box 200g,Pacific Northwest,Wrong Flavor,Email,2026-01-29T08:00:00,0.91,False,
5507e12a-fcca-494f-8c1e-0a98c9429874,Resealable Bag v2 - New Lid leaking in transit to Northeast,Soda Pop,Resealable Bag v2 - New Lid,Northeast,Leaking,Amazon Review,2026-01-29T08:01:00,0.71,False,
4ab4652d-1ad3-4be3-829f-6646b0daa4c7,Resealable Resealable Bag v1 failed to close - Midwest,Cookies Pack,Resealable Bag v1,Midwest,Seal Failure,Call Center,2026-01-29T08:19:00,0.93,False,
455494f1-040d-40f5-a350-ea3d6b586c63,Resealable Bag v2 - New Lid arrived torn,Cookies Pack,Resealable Bag v2 - New Lid,California,Damaged Pack,Amazon Review,2026-01-29T08:22:00,0.87,False,
8c51897a-b072-4854-874e-99ef52be889c,Box crushed in shipping to Texas,Crunchy Chips,Resealable Bag v1,Texas,Damaged Pack,Email,2026-01-29T08:35:00,0.88,False,
6cd60941-57d1-4c13-855a-45f0e0e12e94,Ordered Granola Bar got wrong flavor,Granola Bar,Resealable Bag v2 - New Lid,Northeast,Wrong Flavor,Amazon Review,2026-01-29T08:42:00,0.62,False,
4e0d7421-51c8-4374-8cdd-666880173df6,Granola Bar tastes stale from Northeast,Granola Bar,Resealable Bag v1,Northeast,Stale Taste,Email,2026-01-29T08:53:00,0.61,False,
6eec9cd7-6c7f-424e-96ac-1d2139479944,Ordered Cookies Pack got wrong flavor,Cookies Pack,Can 330ml,Northeast,Wrong Flavor,Twitter,2026-01-29T08:59:00,0.81,False,
3cdd6745-b934-4960-bee7-3e0a68f8b37e,Opened Soda Pop and it was stale,Soda Pop,Box 200g,California,Stale Taste,Amazon Review,2026-01-29T09:26:00,0.9,False,
f1e934ee-49d3-43c4-8298-d579ce01f59b,Opened Cookies Pack and it was stale,Cookies Pack,Resealable Bag v2 - New Lid,Northeast,Stale Taste,Amazon Review,2026-01-29T09:29:00,0.87,False,
70250af5-30de-4805-be47-b1cfcb6ea2a2,Resealable Bag v1 leaking in transit to Midwest,Crunchy Chips,Resealable Bag v1,Midwest,Leaking,Amazon Review,2026-01-29T09:33:00,0.88,False,
c1515cdb-f6c6-46fb-a0b9-b9fe97e36566,Resealable Bag v1 leaking in transit to Northeast,Cookies Pack,Resealable Bag v1,Northeast,Leaking,Call Center,2026-01-29T09:41:00,0.62,False,
7978511c-fcf0-4940-af19-bacc72bbdca6,Resealable Bag v1 arrived torn,Cookies Pack,Resealable Bag v1,Pacific Northwest,Damaged Pack,Call Center,2026-01-29T09:50:00,0.74,False,
15ab63c6-ed9b-4559-bfd4-41bc7c88e623,Ordered Granola Bar got wrong flavor,Granola Bar,Can 330ml,Midwest,Wrong Flavor,Call Center,2026-01-29T09:57:00,0.68,False,
0964f512-e369-421d-98fb-49b2b6caa31c,Opened Cookies Pack and it was stale,Cookies Pack,Resealable Bag v2 - New Lid,Midwest,Stale Taste,Amazon Review,2026-01-29T10:06:00,0.62,False,
79d78220-303d-4d40-be23-6acdf849c378,Resealable Resealable Bag v1 failed to close - Northeast,Soda Pop,Resealable Bag v1,Northeast,Seal Failure,Email,2026-01-29T10:17:00,0.89,False,
c73dd150-8732-4bf0-9bfd-b91bcd4e317a,Resealable Bag v2 - New Lid leaking in transit to Pacific Northwest,Cookies Pack,Resealable Bag v2 - New Lid,Pacific Northwest,Leaking,Amazon Review,2026-01-29T10:38:00,0.85,False,
28fc664e-50e4-455c-98b4-1b04b2e97c39,Resealable Bag v1 half empty - Soda Pop,Soda Pop,Resealable Bag v1,California,Low Fill,Email,2026-01-29T10:41:00,0.64,False,
97b0912e-5620-441f-af56-5a6325941ec8,Opened Soda Pop and it was stale,Soda Pop,Resealable Bag v1,Pacific Northwest,Stale Taste,Amazon Review,2026-01-29T10:50:00,0.67,False,
3300cf06-a31d-4c60-9a58-a5d089dfb720,Opened Cookies Pack and it was stale,Cookies Pack,Can 330ml,California,Stale Taste,Email,2026-01-29T10:51:00,0.91,False,
d076c7ba-3c28-4072-af43-b503a675f75b,Resealable Bag v1 leaking in transit to California,Granola Bar,Resealable Bag v1,California,Leaking,Call Center,2026-01-29T10:51:00,0.66,False,
17294848-34ce-4fdb-b41b-5ffac131c8f8,Stale Cookies Pack in Resealable Bag v1,Cookies Pack,Resealable Bag v1,Northeast,Stale Taste,Email,2026-01-29T10:53:00,0.61,False,
480ac4eb-7499-4dcf-8a9b-abcc59a255da,Can 330ml arrived torn,Soda Pop,Can 330ml,Pacific Northwest,Damaged Pack,Call Center,2026-01-29T11:13:00,0.75,False,
3d964ab5-1d83-4b09-aa2d-aa284aa341b1,Resealable Bag v2 - New Lid arrived torn,Cookies Pack,Resealable Bag v2 - New Lid,Northeast,Damaged Pack,Twitter,2026-01-29T11:30:00,0.77,False,
08b4494b-6e55-4260-a506-55dff8f1d10a,Resealable Bag v1 arrived torn,Crunchy Chips,Resealable Bag v1,Texas,Damaged Pack,Twitter,2026-01-29T11:33:00,0.85,False,
e0c83ab2-082a-421f-b84e-686ff4f8ac76,Box 200g leaking in transit to Northeast,Cookies Pack,Box 200g,Northeast,Leaking,Call Center,2026-01-29T11:41:00,0.76,False,
83ce6690-b0d0-4827-b35f-79e8f73c1367,Ordered Cookies Pack got wrong flavor,Cookies Pack,Box 200g,Texas,Wrong Flavor,Call Center,2026-01-29T12:07:00,0.71,False,
0bb7dcfd-2450-45a3-a290-0cba9766c367,Opened Cookies Pack and it was stale,Cookies Pack,Resealable Bag v2 - New Lid,Northeast,Stale Taste,Email,2026-01-29T12:15:00,0.83,False,
1ac478a1-1000-46d9-8bfb-6e014c14471b,Resealable Resealable Bag v1 failed to close - Pacific Northwest,Crunchy Chips,Resealable Bag v1,Pacific Northwest,Seal Failure,Email,2026-01-29T12:17:00,0.79,False,
d04e8601-a73a-463d-9df9-098fff9775d6,Resealable Bag v2 - New Lid leaking in transit to Northeast,Granola Bar,Resealable Bag v2 - New Lid,Northeast,Leaking,Email,2026-01-29T12:25:00,0.69,False,
58c6716e-5444-4b0f-a62c-b983995618c8,Crunchy Chips tastes stale from Northeast,Crunchy Chips,Box 200g,Northeast,Stale Taste,Amazon Review,2026-01-29T12:59:00,0.86,False,
4df1fc29-5ae5-4632-9d7c-fe33ddfe7fbb,Ordered Granola Bar got wrong flavor,Granola Bar,Resealable Bag v1,Midwest,Wrong Flavor,Twitter,2026-01-29T13:15:00,0.61,False,
1ba0be91-d719-4347-a185-fe03fef159b6,Can 330ml arrived torn,Cookies Pack,Can 330ml,Texas,Damaged Pack,Twitter,2026-01-29T13:17:00,0.82,False,
678ebc16-538a-4497-8098-d7fe04658855,Box crushed in shipping to Northeast,Soda Pop,Resealable Bag v1,Northeast,Damaged Pack,Twitter,2026-01-29T13:23:00,0.62,False,
4b029351-1da2-4b11-b817-e854e37c63b7,Resealable Bag v1 half empty - Soda Pop,Soda Pop,Resealable Bag v1,Pacific Northwest,Low Fill,Call Center,2026-01-29T13:25:00,0.89,False,
88c5caf2-ea31-4bfc-97aa-c37383604c4b,Ordered Crunchy Chips got wrong flavor,Crunchy Chips,Resealable Bag v1,Texas,Wrong Flavor,Amazon Review,2026-01-29T13:41:00,0.88,False,
53ade6fd-732b-4d93-8e4a-825947bbd5cd,Can 330ml arrived torn,Soda Pop,Can 330ml,Northeast,Damaged Pack,Amazon Review,2026-01-29T13:44:00,0.92,False,
280dc8de-93df-42d3-9b91-d4b94f07ba60,Box 200g arrived torn,Granola Bar,Box 200g,Midwest,Damaged Pack,Email,2026-01-29T13:57:00,0.92,False,
f12a348f-00b4-4b73-8b83-ddbd3e8982e9,Can 330ml half empty - Granola Bar,Granola Bar,Can 330ml,Pacific Northwest,Low Fill,Amazon Review,2026-01-29T14:15:00,0.81,False,
fa7a8eee-fb44-4436-8492-b1896d472cde,Resealable Resealable Bag v1 failed to close - Pacific Northwest,Cookies Pack,Resealable Bag v1,Pacific Northwest,Seal Failure,Twitter,2026-01-29T14:17:00,0.75,False,
3fd0633c-6900-45fc-a804-216e366e281c,New lid on Box 200g doesn't seal properly,Granola Bar,Box 200g,Texas,Seal Failure,Amazon Review,2026-01-29T14:38:00,0.67,False,
d0f828bd-8b1d-4d8e-a7e4-7a7548195399,Resealable Bag v1 half empty - Cookies Pack,Cookies Pack,Resealable Bag v1,Pacific Northwest,Low Fill,Twitter,2026-01-29T14:39:00,0.9,False,
7aef5575-20cb-4fe3-9fef-628782f7b78a,New lid on Box 200g doesn't seal properly,Crunchy Chips,Box 200g,Texas,Seal Failure,Email,2026-01-29T14:40:00,0.67,False,
d1753577-6e46-4c47-a708-e1ad171b1a2d,Ordered Crunchy Chips got wrong flavor,Crunchy Chips,Box 200g,California,Wrong Flavor,Call Center,2026-01-29T14:43:00,0.93,False,
e65fe8b4-56d9-45d2-b7d5-fdfc9201c3cb,Resealable Bag v2 - New Lid half empty - Cookies Pack,Cookies Pack,Resealable Bag v2 - New Lid,California,Low Fill,Amazon Review,2026-01-29T14:46:00,0.65,False,
0659ac9e-c2a6-440e-8e5b-04ee273abf37,Resealable Bag v1 arrived torn,Crunchy Chips,Resealable Bag v1,California,Damaged Pack,Twitter,2026-01-29T14:54:00,0.69,False,
7fd6d2d4-1644-4ae7-b4bc-df486ed18d54,Ordered Soda Pop got wrong flavor,Soda Pop,Resealable Bag v2 - New Lid,Northeast,Wrong Flavor,Twitter,2026-01-29T15:04:00,0.67,False,
78629587-8168-4a10-86f1-398a7e0e92a4,Stale Cookies Pack in Can 330ml,Cookies Pack,Can 330ml,Midwest,Stale Taste,Call Center,2026-01-29T15:10:00,0.94,False,
b20662cc-c7c9-4dc6-bae7-7e257a380dc0,Can 330ml leaking in transit to Texas,Granola Bar,Can 330ml,Texas,Leaking,Twitter,2026-01-29T15:13:00,0.78,False,
eef24b24-9c40-4806-87fa-ac6f0ec9e342,Box 200g leaking in transit to Midwest,Soda Pop,Box 200g,Midwest,Leaking,Twitter,2026-01-29T15:21:00,0.72,False,
2de51950-198d-4953-b3d1-c0f02189960e,Box crushed in shipping to California,Crunchy Chips,Can 330ml,California,Damaged Pack,Twitter,2026-01-29T15:38:00,0.61,False,
97f14c7d-c5e4-4919-b1b3-d7902f9de2bd,Ordered Granola Bar got wrong flavor,Granola Bar,Can 330ml,California,Wrong Flavor,Twitter,2026-01-29T15:41:00,0.69,False,
e2e50b42-4537-41a9-a199-c6fa0a5ab684,New lid on Can 330ml doesn't seal properly,Soda Pop,Can 330ml,Texas,Seal Failure,Call Center,2026-01-29T15:48:00,0.77,False,
570aecbc-3adc-439c-a9a3-20d032463f8e,Resealable Bag v1 half empty - Cookies Pack,Cookies Pack,Resealable Bag v1,Pacific Northwest,Low Fill,Twitter,2026-01-29T15:51:00,0.72,False,
05282fe5-f78b-4c21-8d9a-5f703d4d316a,Ordered Soda Pop got wrong flavor,Soda Pop,Resealable Bag v2 - New Lid,California,Wrong Flavor,Call Center,2026-01-29T15:53:00,0.81,False,
40fb4daa-51f3-42eb-acf8-fa2dd705f5e3,Can 330ml half empty - Cookies Pack,Cookies Pack,Can 330ml,California,Low Fill,Call Center,2026-01-29T15:56:00,0.64,False,
b39c8e78-1888-40eb-be78-242b444a4885,Soda Pop tastes stale from Pacific Northwest,Soda Pop,Can 330ml,Pacific Northwest,Stale Taste,Amazon Review,2026-01-29T15:59:00,0.83,False,
7f816b5a-7b74-47ae-8fce-788491142f2e,Opened Granola Bar and it was stale,Granola Bar,Box 200g,Midwest,Stale Taste,Call Center,2026-01-29T16:07:00,0.78,False,
eb1a67a3-ae15-4fb0-aad2-b635711cc379,Box 200g leaking in transit to California,Granola Bar,Box 200g,California,Leaking,Amazon Review,2026-01-29T16:08:00,0.94,False,
d1b69331-af16-46ff-b90c-36b4787ccb30,Resealable Bag v1 arrived torn,Cookies Pack,Resealable Bag v1,Texas,Damaged Pack,Call Center,2026-01-29T16:10:00,0.62,False,
0648783e-d376-412e-9649-39642550b806,Box 200g arrived torn,Cookies Pack,Box 200g,Midwest,Damaged Pack,Amazon Review,2026-01-29T16:11:00,0.83,False,
7d27ec5b-e260-430f-a486-6829606a9f96,Ordered Granola Bar got wrong flavor,Granola Bar,Box 200g,Pacific Northwest,Wrong Flavor,Email,2026-01-29T16:21:00,0.95,False,
7b461893-6031-4e61-bd2c-b7834f019711,Resealable Bag v2 - New Lid half empty - Granola Bar,Granola Bar,Resealable Bag v2 - New Lid,Midwest,Low Fill,Amazon Review,2026-01-29T16:48:00,0.67,False,
a852a041-2b3f-4d08-b769-b7a279490073,Resealable Bag v2 - New Lid half empty - Crunchy Chips,Crunchy Chips,Resealable Bag v2 - New Lid,Texas,Low Fill,Call Center,2026-01-29T16:54:00,0.64,False,
06918411-c367-4533-bfec-7c42f9fdff9c,Resealable Bag v2 - New Lid leaking in transit to Midwest,Cookies Pack,Resealable Bag v2 - New Lid,Midwest,Leaking,Amazon Review,2026-01-29T17:21:00,0.76,False,
b88e6dcb-648d-4227-beac-42156c35ccf7,New lid on Can 330ml doesn't seal properly,Crunchy Chips,Can 330ml,Midwest,Seal Failure,Amazon Review,2026-01-29T17:22:00,0.72,False,
89402637-8ec9-4722-b948-a680781feef3,Box crushed in shipping to Texas,Crunchy Chips,Box 200g,Texas,Damaged Pack,Call Center,2026-01-29T18:25:00,0.79,False,
2a2cc0b1-0655-4aff-97ff-14fc4ebd0c6e,Ordered Granola Bar got wrong flavor,Granola Bar,Resealable Bag v1,California,Wrong Flavor,Amazon Review,2026-01-29T18:40:00,0.65,False,
366a96ee-545e-4ce1-ad1b-bd2b9424e60e,Can 330ml arrived torn,Granola Bar,Can 330ml,Pacific Northwest,Damaged Pack,Amazon Review,2026-01-29T18:59:00,0.83,False,
8a84cc8f-f38f-4067-9043-2729470e7aba,Cookies Pack tastes stale from Pacific Northwest,Cookies Pack,Resealable Bag v2 - New Lid,Pacific Northwest,Stale Taste,Twitter,2026-01-29T19:02:00,0.92,False,
fcd0efb2-b6c7-4966-9d8c-bd00b543671f,Resealable Bag v1 half empty - Cookies Pack,Cookies Pack,Resealable Bag v1,Northeast,Low Fill,Twitter,2026-01-29T19:25:00,0.77,False,
6a6a7e47-5840-4183-9d15-3c0d15112b87,Ordered Granola Bar got wrong flavor,Granola Bar,Resealable Bag v1,Northeast,Wrong Flavor,Email,2026-01-29T19:30:00,0.62,False,
e7e46b11-291a-4493-b8b2-98e0aded2107,Ordered Granola Bar got wrong flavor,Granola Bar,Box 200g,Northeast,Wrong Flavor,Email,2026-01-29T19:30:00,0.88,False,
b2571290-dd26-4272-83c2-9cf36b31cd57,Resealable Bag v1 half empty - Cookies Pack,Cookies Pack,Resealable Bag v1,Texas,Low Fill,Twitter,2026-01-29T19:39:00,0.78,False,
88d9de64-3a29-4738-92c9-9a1013d14cb5,Resealable Resealable Bag v1 failed to close - Pacific Northwest,Granola Bar,Resealable Bag v1,Pacific Northwest,Seal Failure,Twitter,2026-01-29T19:46:00,0.91,False,
543d101f-3f6a-4002-8736-46dbf8b950d2,Can 330ml arrived torn,Soda Pop,Can 330ml,California,Damaged Pack,Call Center,2026-01-29T19:50:00,0.84,False,
f68947cf-4560-4876-85ed-5cf15b2cc0dc,Ordered Crunchy Chips got wrong flavor,Crunchy Chips,Box 200g,Pacific Northwest,Wrong Flavor,Email,2026-01-29T20:12:00,0.64,False,
d57417d9-fe77-4ed0-ab37-48e8c7293e83,Ordered Cookies Pack got wrong flavor,Cookies Pack,Box 200g,Pacific Northwest,Wrong Flavor,Twitter,2026-01-29T20:14:00,0.73,False,
718fcae1-ee23-4152-803a-91fe0bcae0cb,"The Resealable Bag v2 - New Lid won't close, goes stale in Midwest",Granola Bar,Resealable Bag v2 - New Lid,Midwest,Seal Failure,Email,2026-01-29T20:19:00,0.93,False,
97d0a157-93c2-4324-940d-40f01ad29327,Opened Cookies Pack and it was stale,Cookies Pack,Resealable Bag v2 - New Lid,Northeast,Stale Taste,Amazon Review,2026-01-29T20:20:00,0.7,False,
39eaccff-198e-4265-889a-4e2a61298194,Box 200g leaking in transit to California,Soda Pop,Box 200g,California,Leaking,Call Center,2026-01-29T20:30:00,0.75,False,
de25a3a6-1aa8-4e13-9ef8-2b3529701fbb,New lid on Resealable Bag v1 doesn't seal properly,Cookies Pack,Resealable Bag v1,Pacific Northwest,Seal Failure,Call Center,2026-01-29T20:39:00,0.83,False,
e13a1f67-98d9-4260-96b1-e39a377bac95,Resealable Resealable Bag v1 failed to close - Midwest,Crunchy Chips,Resealable Bag v1,Midwest,Seal Failure,Twitter,2026-01-29T20:42:00,0.94,False,
07c0586a-4b71-43fe-968e-2167a3da4ea4,Can 330ml leaking in transit to Pacific Northwest,Cookies Pack,Can 330ml,Pacific Northwest,Leaking,Email,2026-01-29T20:45:00,0.76,False,
cec4bbae-99de-4ef8-83d6-5911222791ac,Can 330ml half empty - Cookies Pack,Cookies Pack,Can 330ml,Midwest,Low Fill,Amazon Review,2026-01-29T20:48:00,0.74,False,
8fa79ff9-d1b3-4ef0-a1a8-8e25adf7f130,Resealable Bag v1 half empty - Soda Pop,Soda Pop,Resealable Bag v1,Midwest,Low Fill,Email,2026-01-29T21:05:00,0.9,False,
4c0be62a-294c-439a-929f-db068dc9f74f,Cookies Pack tastes stale from Texas,Cookies Pack,Can 330ml,Texas,Stale Taste,Amazon Review,2026-01-29T21:26:00,0.77,False,
bc255095-01e1-4918-9415-27d58fa60e24,Box 200g half empty - Granola Bar,Granola Bar,Box 200g,Midwest,Low Fill,Amazon Review,2026-01-29T21:29:00,0.82,False,
86818656-3781-4f68-8e1a-74432b45917f,Ordered Cookies Pack got wrong flavor,Cookies Pack,Can 330ml,Northeast,Wrong Flavor,Email,2026-01-29T21:45:00,0.82,False,
5d6be379-8baa-44e9-8e71-d04479e98248,Resealable Bag v2 - New Lid half empty - Granola Bar,Granola Bar,Resealable Bag v2 - New Lid,Pacific Northwest,Low Fill,Email,2026-01-29T21:57:00,0.76,False,
c8d182ee-4fcd-46ba-b20e-29ee25156eb7,Stale Soda Pop in Box 200g,Soda Pop,Box 200g,Pacific Northwest,Stale Taste,Email,2026-01-29T22:07:00,0.79,False,
a7f92e4a-6118-4642-a5b2-e0af35d382bc,Box 200g half empty - Crunchy Chips,Crunchy Chips,Box 200g,Pacific Northwest,Low Fill,Call Center,2026-01-29T22:14:00,0.87,False,
3c8b0dd9-4974-4e4d-b4e4-aecdecde806c,Can 330ml leaking in transit to Pacific Northwest,Granola Bar,Can 330ml,Pacific Northwest,Leaking,Amazon Review,2026-01-29T22:19:00,0.65,False,
e7e8c15f-591e-43f5-8c0f-3d89da51fb9c,Ordered Cookies Pack got wrong flavor,Cookies Pack,Can 330ml,Midwest,Wrong Flavor,Twitter,2026-01-29T22:24:00,0.8,False,
20a00337-c356-4db1-8cba-a40cc43d1df7,Box 200g arrived torn,Soda Pop,Box 200g,California,Damaged Pack,Amazon Review,2026-01-29T22:35:00,0.63,False,
3929ded8-4754-4041-b7b5-705e77fff594,Box crushed in shipping to Midwest,Cookies Pack,Resealable Bag v1,Midwest,Damaged Pack,Amazon Review,2026-01-29T22:49:00,0.74,False,
fd6656bc-4719-43e6-a7ec-3ed930ff2278,Granola Bar tastes stale from Midwest,Granola Bar,Resealable Bag v2 - New Lid,Midwest,Stale Taste,Twitter,2026-01-29T22:54:00,0.64,False,
5479b20f-fb23-422f-9d19-42ac1b2649eb,Ordered Crunchy Chips got wrong flavor,Crunchy Chips,Box 200g,Pacific Northwest,Wrong Flavor,Twitter,2026-01-29T23:01:00,0.85,False,
bf630ae6-ec58-406e-9bc4-6e256c1eed38,Resealable Bag v1 leaking in transit to Texas,Soda Pop,Resealable Bag v1,Texas,Leaking,Twitter,2026-01-29T23:12:00,0.63,False,
3550d6cc-a316-40ee-bc29-ed5d56aa6bb6,Resealable Bag v2 - New Lid half empty - Cookies Pack,Cookies Pack,Resealable Bag v2 - New Lid,Texas,Low Fill,Amazon Review,2026-01-29T23:21:00,0.91,False,
32214645-fd36-42d8-91be-c246ad1444a3,Can 330ml leaking in transit to Texas,Crunchy Chips,Can 330ml,Texas,Leaking,Amazon Review,2026-01-29T23:26:00,0.92,False,
9e9c24af-fe2b-4cc5-86b4-6a0055f8255c,Resealable Resealable Bag v2 - New Lid failed to close - California,Granola Bar,Resealable Bag v2 - New Lid,California,Seal Failure,Twitter,2026-01-29T23:34:00,0.81,False,
afaa35f4-cd8b-4d61-9f7b-58da63b14579,"The Resealable Bag v1 won't close, goes stale in Midwest",Soda Pop,Resealable Bag v1,Midwest,Seal Failure,Call Center,2026-01-29T23:35:00,0.63,False,
ec9fd5df-2213-4f67-8685-68ac799b0575,Box 200g half empty - Granola Bar,Granola Bar,Box 200g,Pacific Northwest,Low Fill,Amazon Review,2026-01-29T23:39:00,0.63,False,
65da1896-ac77-4cc7-8f74-6d7ab273eafe,New lid on Can 330ml doesn't seal properly,Cookies Pack,Can 330ml,Texas,Seal Failure,Amazon Review,2026-01-29T23:41:00,0.84,False,
65d34948-1c7a-4cd7-8f72-b166bb63d7dd,Ordered Crunchy Chips got wrong flavor,Crunchy Chips,Box 200g,Texas,Wrong Flavor,Call Center,2026-01-29T23:48:00,0.86,False,
3e1a981b-74cf-492d-948a-ac8db288a507,Ordered Soda Pop got wrong flavor,Soda Pop,Can 330ml,Pacific Northwest,Wrong Flavor,Email,2026-01-29T23:55:00,0.8,False,
6177da73-bc9d-40e7-93cd-510d709b1473,Can 330ml half empty - Cookies Pack,Cookies Pack,Can 330ml,Northeast,Low Fill,Call Center,2026-01-30T00:02:00,0.77,False,
4f832a5d-9cb8-40b9-838f-0faa1629f0fc,Opened Crunchy Chips and it was stale,Crunchy Chips,Box 200g,Texas,Stale Taste,Email,2026-01-30T00:14:00,0.82,False,
096ce269-aadc-4c5b-a638-4335601c83c8,Ordered Granola Bar got wrong flavor,Granola Bar,Can 330ml,Pacific Northwest,Wrong Flavor,Call Center,2026-01-30T00:16:00,0.92,False,
15a8fe35-8ad1-4016-96a5-5bbce9120d92,Resealable Bag v2 - New Lid leaking in transit to Texas,Crunchy Chips,Resealable Bag v2 - New Lid,Texas,Leaking,Twitter,2026-01-30T00:26:00,0.76,False,
b13584fa-d06e-40d8-b194-507d817bf5fd,Can 330ml leaking in transit to Northeast,Granola Bar,Can 330ml,Northeast,Leaking,Amazon Review,2026-01-30T00:34:00,0.92,False,
c4e6733e-76f9-4c27-aa8d-fe17c81926b6,New lid on Resealable Bag v2 - New Lid doesn't seal properly,Cookies Pack,Resealable Bag v2 - New Lid,California,Seal Failure,Amazon Review,2026-01-30T00:36:00,0.68,False,
cc42d82e-454b-4f9e-8089-47bafa767122,Box 200g half empty - Crunchy Chips,Crunchy Chips,Box 200g,Northeast,Low Fill,Amazon Review,2026-01-30T00:37:00,0.8,False,
58d14485-f5fd-40b8-8ec0-4b8bd952b41f,Can 330ml half empty - Crunchy Chips,Crunchy Chips,Can 330ml,California,Low Fill,Amazon Review,2026-01-30T00:57:00,0.87,False,
5a0f9a28-fa78-422f-95fb-560b819c84d6,Opened Cookies Pack and it was stale,Cookies Pack,Box 200g,California,Stale Taste,Call Center,2026-01-30T01:03:00,0.7,False,
6018b438-fe9e-4995-b852-6f768aea620c,Ordered Soda Pop got wrong flavor,Soda Pop,Resealable Bag v1,Pacific Northwest,Wrong Flavor,Email,2026-01-30T01:20:00,0.76,False,
767ef54b-178d-42de-b0a0-738d47f00209,Resealable Can 330ml failed to close - Midwest,Cookies Pack,Can 330ml,Midwest,Seal Failure,Amazon Review,2026-01-30T01:39:00,0.7,False,
a3ba6b8d-08af-4fb5-bae2-1df884bc87b7,Resealable Resealable Bag v1 failed to close - Pacific Northwest,Granola Bar,Resealable Bag v1,Pacific Northwest,Seal Failure,Call Center,2026-01-30T01:46:00,0.78,False,
b21f6f56-54d5-444b-9fc0-a6b86fc7b915,Resealable Bag v1 leaking in transit to Pacific Northwest,Soda Pop,Resealable Bag v1,Pacific Northwest,Leaking,Amazon Review,2026-01-30T01:46:00,0.66,False,
9fca772d-fca8-4af0-b061-0146a57e16ff,Resealable Bag v1 half empty - Crunchy Chips,Crunchy Chips,Resealable Bag v1,Midwest,Low Fill,Amazon Review,2026-01-30T01:52:00,0.89,False,
ba0db8fb-cab7-40e2-8d8a-aeb7b8144ea0,Resealable Bag v2 - New Lid leaking in transit to Northeast,Granola Bar,Resealable Bag v2 - New Lid,Northeast,Leaking,Amazon Review,2026-01-30T02:17:00,0.63,False,
7b338393-8b7d-4dc6-8c97-84af43c65d0b,Resealable Resealable Bag v1 failed to close - Northeast,Soda Pop,Resealable Bag v1,Northeast,Seal Failure,Call Center,2026-01-30T02:32:00,0.72,False,
7042af24-f621-406a-8da2-d77ae9d9a678,Stale Crunchy Chips in Resealable Bag v1,Crunchy Chips,Resealable Bag v1,Texas,Stale Taste,Call Center,2026-01-30T02:38:00,0.6,False,
814b8910-53cc-4a5d-bfe8-7c8d095f3fbc,Stale Granola Bar in Box 200g,Granola Bar,Box 200g,Midwest,Stale Taste,Amazon Review,2026-01-30T02:51:00,0.78,False,
eba06f33-1dac-4e06-8d8c-aabca8437d11,Stale Granola Bar in Box 200g,Granola Bar,Box 200g,Texas,Stale Taste,Amazon Review,2026-01-30T03:02:00,0.78,False,
29d291e4-5a89-44b2-8a70-8b454e7c0d4b,Ordered Cookies Pack got wrong flavor,Cookies Pack,Box 200g,Pacific Northwest,Wrong Flavor,Call Center,2026-01-30T03:16:00,0.87,False,
28d6ab81-6ec9-44aa-ad9b-79c275eee33d,Box 200g half empty - Crunchy Chips,Crunchy Chips,Box 200g,Texas,Low Fill,Email,2026-01-30T03:52:00,0.94,False,
df484bfd-67a3-4ce9-9df0-b23f00230f64,Opened Granola Bar and it was stale,Granola Bar,Resealable Bag v2 - New Lid,California,Stale Taste,Call Center,2026-01-30T04:09:00,0.64,False,
a93ee11d-de1d-4d66-ab51-66ed59bde937,Resealable Bag v1 half empty - Crunchy Chips,Crunchy Chips,Resealable Bag v1,Midwest,Low Fill,Call Center,2026-01-30T04:15:00,0.82,False,
df3585e8-bf05-4bd8-9c28-f6d7c879852f,Resealable Bag v2 - New Lid half empty - Soda Pop,Soda Pop,Resealable Bag v2 - New Lid,Pacific Northwest,Low Fill,Call Center,2026-01-30T04:25:00,0.84,False,
5a34fd03-7ed4-424b-a44c-1e86fe723da7,Resealable Bag v1 leaking in transit to Northeast,Crunchy Chips,Resealable Bag v1,Northeast,Leaking,Amazon Review,2026-01-30T04:27:00,0.67,False,
40502fcf-04ee-4476-9162-ac2813ce273b,Soda Pop tastes stale from Midwest,Soda Pop,Resealable Bag v1,Midwest,Stale Taste,Email,2026-01-30T04:37:00,0.89,False,
d3ae9a0b-f587-46c7-839e-56195ce74cdd,Ordered Granola Bar got wrong flavor,Granola Bar,Can 330ml,Midwest,Wrong Flavor,Twitter,2026-01-30T04:55:00,0.88,False,
0d495efb-d9d4-4a84-aeac-6f2dc32d8018,Ordered Granola Bar got wrong flavor,Granola Bar,Resealable Bag v2 - New Lid,Northeast,Wrong Flavor,Amazon Review,2026-01-30T05:05:00,0.74,False,
3955cbe4-1b29-47cc-ba22-13c9676a1c30,New lid on Resealable Bag v1 doesn't seal properly,Crunchy Chips,Resealable Bag v1,Texas,Seal Failure,Email,2026-01-30T05:12:00,0.94,False,
f6a4743e-18f6-4f10-9623-e567c91b18e5,Can 330ml leaking in transit to Pacific Northwest,Cookies Pack,Can 330ml,Pacific Northwest,Leaking,Twitter,2026-01-30T05:20:00,0.72,False,
f2baaa81-5877-4a21-a8b2-58d74c2af92c,Resealable Bag v2 - New Lid half empty - Granola Bar,Granola Bar,Resealable Bag v2 - New Lid,Texas,Low Fill,Twitter,2026-01-30T05:27:00,0.69,False,
de9e0ae4-83ac-4787-b985-23185b81f75e,New lid on Resealable Bag v1 doesn't seal properly,Cookies Pack,Resealable Bag v1,Midwest,Seal Failure,Amazon Review,2026-01-30T05:45:00,0.76,False,
d714cd12-afcd-43e4-8061-59bb89095893,Resealable Bag v1 half empty - Soda Pop,Soda Pop,Resealable Bag v1,Midwest,Low Fill,Amazon Review,2026-01-30T05:48:00,0.79,False,
99e75a34-cad2-44dc-bca7-1bf9b0d17aba,Can 330ml half empty - Cookies Pack,Cookies Pack,Can 330ml,Texas,Low Fill,Call Center,2026-01-30T05:50:00,0.72,False,
0efd8808-4a61-4044-b17f-85ddd5e079c6,"The Resealable Bag v2 - New Lid won't close, goes stale in California",Soda Pop,Resealable Bag v2 - New Lid,California,Seal Failure,Amazon Review,2026-01-30T05:52:00,0.64,False,
ffc0e00e-7264-4a22-822c-3cbd98aa1423,Can 330ml half empty - Crunchy Chips,Crunchy Chips,Can 330ml,Midwest,Low Fill,Call Center,2026-01-30T06:08:00,0.78,False,
fd2d79a6-3414-443a-8c94-2d97b28d349f,Stale Soda Pop in Resealable Bag v1,Soda Pop,Resealable Bag v1,Texas,Stale Taste,Amazon Review,2026-01-30T06:11:00,0.89,False,
7f70c342-29c3-4cef-9d3d-0850c300fc4d,Ordered Crunchy Chips got wrong flavor,Crunchy Chips,Resealable Bag v2 - New Lid,Texas,Wrong Flavor,Call Center,2026-01-30T06:15:00,0.68,False,
58cf938a-d9a0-49cc-a670-868cd9b34bef,Can 330ml leaking in transit to Midwest,Granola Bar,Can 330ml,Midwest,Leaking,Amazon Review,2026-01-30T07:00:00,0.65,False,
216007f5-3ae8-48cc-a6f9-7fcdcdb91366,Box crushed in shipping to Northeast,Soda Pop,Resealable Bag v1,Northeast,Damaged Pack,Email,2026-01-30T07:17:00,0.66,False,
1234d683-e52d-4387-ac70-ed08ee122a83,Ordered Crunchy Chips got wrong flavor,Crunchy Chips,Box 200g,Pacific Northwest,Wrong Flavor,Email,2026-01-30T07:30:00,0.74,False,
6e40372d-0830-484c-b3c3-d1643a4ce48f,New lid on Resealable Bag v2 - New Lid doesn't seal properly,Granola Bar,Resealable Bag v2 - New Lid,Northeast,Seal Failure,Amazon Review,2026-01-30T07:30:00,0.72,False,
56cce770-476f-4538-9a2b-2862c0097095,Box 200g half empty - Cookies Pack,Cookies Pack,Box 200g,Texas,Low Fill,Call Center,2026-01-30T07:42:00,0.89,False,
cc136618-fc2e-46cc-bb57-494b0d9135a9,Ordered Crunchy Chips got wrong flavor,Crunchy Chips,Box 200g,Pacific Northwest,Wrong Flavor,Call Center,2026-01-30T08:24:00,0.77,False,
2a8f4176-a2d6-4334-a2a3-712f1ac781c1,Resealable Bag v1 arrived torn,Granola Bar,Resealable Bag v1,Midwest,Damaged Pack,Twitter,2026-01-30T08:28:00,0.78,False,
dc3e104e-2dca-48b8-97a2-d4f5ac38eeba,Can 330ml arrived torn,Granola Bar,Can 330ml,Pacific Northwest,Damaged Pack,Amazon Review,2026-01-30T08:37:00,0.76,False,
1c072469-7ff5-4867-93e9-1df8b9c28423,Box crushed in shipping to Pacific Northwest,Crunchy Chips,Resealable Bag v1,Pacific Northwest,Damaged Pack,Twitter,2026-01-30T08:48:00,0.64,False,
e95d709c-1bba-42cd-8050-789015939ab8,Resealable Bag v2 - New Lid arrived torn,Granola Bar,Resealable Bag v2 - New Lid,California,Damaged Pack,Amazon Review,2026-01-30T08:56:00,0.77,False,
1792ac85-48fe-41ff-87a6-808a3c821b5d,Resealable Bag v2 - New Lid half empty - Granola Bar,Granola Bar,Resealable Bag v2 - New Lid,Pacific Northwest,Low Fill,Amazon Review,2026-01-30T09:15:00,0.91,False,
f99beecb-2716-4fd0-8b02-0c506566893d,New lid on Can 330ml doesn't seal properly,Crunchy Chips,Can 330ml,California,Seal Failure,Twitter,2026-01-30T09:21:00,0.94,False,
f05cfa42-f707-4ab0-8fb1-3039bd41180a,New lid on Box 200g doesn't seal properly,Soda Pop,Box 200g,Texas,Seal Failure,Call Center,2026-01-30T09:28:00,0.67,False,
92b6bf13-dda2-49a1-9b7c-87da8806d5d5,Resealable Bag v1 leaking in transit to Pacific Northwest,Crunchy Chips,Resealable Bag v1,Pacific Northwest,Leaking,Twitter,2026-01-30T09:39:00,0.83,False,
6fc9ae4f-3c54-4c94-af11-4c7646f21582,Box crushed in shipping to Texas,Granola Bar,Resealable Bag v1,Texas,Damaged Pack,Email,2026-01-30T09:40:00,0.65,False,
a6a9d8eb-c8fb-4fcf-a296-7e551f709e28,Box 200g arrived torn,Cookies Pack,Box 200g,Midwest,Damaged Pack,Amazon Review,2026-01-30T09:50:00,0.63,False,
066b297b-5099-4871-8f39-d27be78adc86,Ordered Crunchy Chips got wrong flavor,Crunchy Chips,Resealable Bag v2 - New Lid,Northeast,Wrong Flavor,Call Center,2026-01-30T09:51:00,0.73,False,
c341fb3c-32ea-4114-847c-4951bc302dac,Ordered Cookies Pack got wrong flavor,Cookies Pack,Can 330ml,California,Wrong Flavor,Twitter,2026-01-30T09:57:00,0.77,False,
6607f74d-1d21-4ffb-b6df-cd9788aa9914,Opened Crunchy Chips and it was stale,Crunchy Chips,Box 200g,Pacific Northwest,Stale Taste,Email,2026-01-30T10:03:00,0.73,False,
8253ef2f-893d-4c55-91ac-e79c1a59cd8d,Resealable Bag v2 - New Lid half empty - Crunchy Chips,Crunchy Chips,Resealable Bag v2 - New Lid,Midwest,Low Fill,Twitter,2026-01-30T10:05:00,0.8,False,
af312f7e-f64e-4fb5-bd6f-769f0a53a68f,Can 330ml arrived torn,Granola Bar,Can 330ml,California,Damaged Pack,Amazon Review,2026-01-30T10:14:00,0.71,False,
6c6e69fd-9731-462e-9057-44ee313863b7,Can 330ml leaking in transit to Midwest,Crunchy Chips,Can 330ml,Midwest,Leaking,Twitter,2026-01-30T10:14:00,0.75,False,
13f5a8b5-11af-46bd-b702-b529167a3080,New lid on Box 200g doesn't seal properly,Soda Pop,Box 200g,Northeast,Seal Failure,Email,2026-01-30T10:16:00,0.73,False,
c2e1c87d-d989-423a-a970-8744474f3076,Box 200g leaking in transit to California,Cookies Pack,Box 200g,California,Leaking,Call Center,2026-01-30T10:30:00,0.72,False,
2549f9f8-f3b5-4b0b-9a41-2fa344c3cb0d,Box 200g half empty - Cookies Pack,Cookies Pack,Box 200g,California,Low Fill,Amazon Review,2026-01-30T10:32:00,0.76,False,
b4d77033-9412-42bb-b006-ae8ff22b34d4,Resealable Bag v2 - New Lid leaking in transit to Pacific Northwest,Granola Bar,Resealable Bag v2 - New Lid,Pacific Northwest,Leaking,Amazon Review,2026-01-30T10:34:00,0.66,False,
5c07e293-abdf-4962-8944-11d49bb08a3d,New lid on Box 200g doesn't seal properly,Granola Bar,Box 200g,Northeast,Seal Failure,Twitter,2026-01-30T10:39:00,0.67,False,
d86c4aff-6e9d-4799-9924-1e1a756f3787,Box 200g leaking in transit to Texas,Soda Pop,Box 200g,Texas,Leaking,Call Center,2026-01-30T10:39:00,0.72,False,
56808cde-e511-47b9-8c73-b11ef46f4754,Opened Crunchy Chips and it was stale,Crunchy Chips,Can 330ml,Texas,Stale Taste,Email,2026-01-30T10:49:00,0.9,False,
6c00eff5-3694-4015-a662-28056686081d,Box crushed in shipping to Northeast,Crunchy Chips,Resealable Bag v2 - New Lid,Northeast,Damaged Pack,Twitter,2026-01-30T10:51:00,0.62,False,
c0f36c8d-b071-4b96-9d58-df2012480bdf,Resealable Bag v1 half empty - Granola Bar,Granola Bar,Resealable Bag v1,Texas,Low Fill,Call Center,2026-01-30T11:12:00,0.93,False,
a4521b24-4a88-4742-aa65-a95d8ee821be,Box 200g arrived torn,Granola Bar,Box 200g,Northeast,Damaged Pack,Amazon Review,2026-01-30T11:20:00,0.85,False,
eabf7efe-ab49-4a8d-98a7-71000ce13f2f,Can 330ml half empty - Cookies Pack,Cookies Pack,Can 330ml,Northeast,Low Fill,Twitter,2026-01-30T11:33:00,0.82,False,
ae157e2f-60cb-4c80-8f7a-4fba2876a487,Ordered Granola Bar got wrong flavor,Granola Bar,Box 200g,Pacific Northwest,Wrong Flavor,Twitter,2026-01-30T11:33:00,0.73,False,
d41fbe02-8274-4517-86bd-33ec71a49608,Granola Bar tastes stale from Pacific Northwest,Granola Bar,Can 330ml,Pacific Northwest,Stale Taste,Amazon Review,2026-01-30T11:35:00,0.94,False,
a47717de-3511-4343-badc-fcce0e0e5412,Box crushed in shipping to Midwest,Soda Pop,Box 200g,Midwest,Damaged Pack,Twitter,2026-01-30T11:35:00,0.77,False,
e8eca775-291f-4391-9c98-8ef3ed7aae3a,"The Can 330ml won't close, goes stale in Midwest",Crunchy Chips,Can 330ml,Midwest,Seal Failure,Twitter,2026-01-30T11:56:00,0.68,False,
a24c66bd-602b-450c-8702-b3036ba8c9fd,Box 200g arrived torn,Crunchy Chips,Box 200g,Pacific Northwest,Damaged Pack,Twitter,2026-01-30T11:58:00,0.87,False,
76c548e5-e888-4685-b16e-c9f3ff42f949,Resealable Bag v2 - New Lid leaking in transit to California,Crunchy Chips,Resealable Bag v2 - New Lid,California,Leaking,Email,2026-01-30T12:09:00,0.63,False,
d8e65e4f-d515-4ce1-a3f0-7792b7aae78b,Resealable Bag v2 - New Lid half empty - Soda Pop,Soda Pop,Resealable Bag v2 - New Lid,Midwest,Low Fill,Amazon Review,2026-01-30T12:10:00,0.67,False,
5bb5bda0-cb7a-40ec-9a7b-689d173f95f2,New lid on Resealable Bag v1 doesn't seal properly,Cookies Pack,Resealable Bag v1,Texas,Seal Failure,Twitter,2026-01-30T12:17:00,0.85,False,
53cb6b01-dee4-4f07-a99d-00fb2066344e,Resealable Bag v1 leaking in transit to Northeast,Cookies Pack,Resealable Bag v1,Northeast,Leaking,Call Center,2026-01-30T12:27:00,0.93,False,
ae88cf85-fed6-4ba8-9e9d-7399be396365,Resealable Bag v1 leaking in transit to Pacific Northwest,Crunchy Chips,Resealable Bag v1,Pacific Northwest,Leaking,Email,2026-01-30T12:34:00,0.75,False,
163dde17-73ad-45ee-ba1c-8992671a32d7,Cookies Pack tastes stale from Pacific Northwest,Cookies Pack,Can 330ml,Pacific Northwest,Stale Taste,Amazon Review,2026-01-30T12:52:00,0.93,False,
ceb5db1b-5363-40b8-89b4-bccf3982d807,Resealable Bag v2 - New Lid half empty - Cookies Pack,Cookies Pack,Resealable Bag v2 - New Lid,Texas,Low Fill,Call Center,2026-01-30T12:54:00,0.77,False,
90cd587a-67dd-440f-89ef-53bf377c6912,Ordered Soda Pop got wrong flavor,Soda Pop,Box 200g,California,Wrong Flavor,Amazon Review,2026-01-30T13:13:00,0.83,False,
db87ef93-ffef-4ff2-904a-6b7fc6fa5240,Box 200g arrived torn,Soda Pop,Box 200g,California,Damaged Pack,Email,2026-01-30T13:34:00,0.68,False,
f0f82f81-ba4c-4c33-a625-dce534a12823,Resealable Bag v2 - New Lid half empty - Cookies Pack,Cookies Pack,Resealable Bag v2 - New Lid,Texas,Low Fill,Email,2026-01-30T13:35:00,0.74,False,
7e61e807-4b61-4573-8a65-08c7a79ed8e1,Box 200g leaking in transit to California,Granola Bar,Box 200g,California,Leaking,Email,2026-01-30T13:59:00,0.77,False,
9e4f88a9-43c7-471e-b7d0-9fa331fc249d,Ordered Soda Pop got wrong flavor,Soda Pop,Resealable Bag v2 - New Lid,Texas,Wrong Flavor,Amazon Review,2026-01-30T14:11:00,0.75,False,
965f3b37-db38-4fc9-ba70-1b577fb27196,Ordered Crunchy Chips got wrong flavor,Crunchy Chips,Box 200g,Texas,Wrong Flavor,Email,2026-01-30T14:23:00,0.83,False,
3b01c2c1-b7a4-464a-ae1c-8f08b954d160,Resealable Bag v1 leaking in transit to Texas,Granola Bar,Resealable Bag v1,Texas,Leaking,Email,2026-01-30T14:28:00,0.81,False,
dd14d11c-f772-416e-990c-331296f93c3f,Box 200g half empty - Soda Pop,Soda Pop,Box 200g,Pacific Northwest,Low Fill,Twitter,2026-01-30T14:34:00,0.63,False,
6a593453-a789-4181-af9a-7e2a13589ff4,Resealable Bag v1 leaking in transit to Midwest,Cookies Pack,Resealable Bag v1,Midwest,Leaking,Call Center,2026-01-30T14:35:00,0.68,False,
209801fb-fa46-4c4d-82ec-95d2771c31ba,New lid on Resealable Bag v2 - New Lid doesn't seal properly,Cookies Pack,Resealable Bag v2 - New Lid,Midwest,Seal Failure,Email,2026-01-30T15:02:00,0.93,False,
50c9fc68-2aab-4eb9-9a7c-edccf3814124,Resealable Box 200g failed to close - Texas,Granola Bar,Box 200g,Texas,Seal Failure,Email,2026-01-30T15:05:00,0.68,False,
f400b97e-ec0b-404c-a16c-9e6350bdf85d,Resealable Resealable Bag v2 - New Lid failed to close - Texas,Cookies Pack,Resealable Bag v2 - New Lid,Texas,Seal Failure,Amazon Review,2026-01-30T15:06:00,0.74,False,
c1effb60-eb44-46f4-b985-fd8fc141389e,Box 200g half empty - Crunchy Chips,Crunchy Chips,Box 200g,Pacific Northwest,Low Fill,Email,2026-01-30T15:17:00,0.64,False,
4c817724-018f-47cf-bf94-b131d15f4d6c,Stale Crunchy Chips in Resealable Bag v2 - New Lid,Crunchy Chips,Resealable Bag v2 - New Lid,Pacific Northwest,Stale Taste,Amazon Review,2026-01-30T15:21:00,0.8,False,
d6cc88c8-c0b1-4397-877c-067fec5ef53e,Box 200g leaking in transit to Pacific Northwest,Cookies Pack,Box 200g,Pacific Northwest,Leaking,Twitter,2026-01-30T15:25:00,0.94,False,
db6c4e3b-9d54-4f19-9566-bc4c2340402a,Resealable Bag v1 leaking in transit to Midwest,Soda Pop,Resealable Bag v1,Midwest,Leaking,Twitter,2026-01-30T16:10:00,0.87,False,
d82b7c6d-e2ad-498a-b0ea-de28e0eca8dd,Resealable Resealable Bag v1 failed to close - Midwest,Granola Bar,Resealable Bag v1,Midwest,Seal Failure,Email,2026-01-30T16:22:00,0.72,False,
b2109b9a-2800-4d54-8c9d-739614048812,Can 330ml leaking in transit to Pacific Northwest,Soda Pop,Can 330ml,Pacific Northwest,Leaking,Twitter,2026-01-30T16:42:00,0.74,False,
b3fdd716-0d85-42a0-bfaa-e51088268274,Opened Granola Bar and it was stale,Granola Bar,Box 200g,Northeast,Stale Taste,Call Center,2026-01-30T16:42:00,0.93,False,
17bb1d00-850e-4ca1-b62f-fa2a32ed0eb3,Resealable Bag v2 - New Lid leaking in transit to California,Soda Pop,Resealable Bag v2 - New Lid,California,Leaking,Twitter,2026-01-30T16:44:00,0.94,False,
daf4825e-42d2-4272-9a2f-e5a271a26839,Resealable Bag v2 - New Lid half empty - Crunchy Chips,Crunchy Chips,Resealable Bag v2 - New Lid,Midwest,Low Fill,Call Center,2026-01-30T17:10:00,0.87,False,
74d0b3ed-5636-4537-a865-0f768f31fd90,Box 200g arrived torn,Crunchy Chips,Box 200g,Northeast,Damaged Pack,Email,2026-01-30T17:16:00,0.71,False,
77b20b68-dc6a-4019-b09b-53531db4afa0,Box 200g half empty - Cookies Pack,Cookies Pack,Box 200g,Northeast,Low Fill,Twitter,2026-01-30T17:27:00,0.82,False,
8a0c2d12-5625-4d5a-a334-50a2996b70de,Resealable Bag v2 - New Lid leaking in transit to Pacific Northwest,Cookies Pack,Resealable Bag v2 - New Lid,Pacific Northwest,Leaking,Amazon Review,2026-01-30T17:36:00,0.94,False,
9463055a-003b-44ce-9607-509617fdc4f8,"The Resealable Bag v2 - New Lid won't close, goes stale in California",Soda Pop,Resealable Bag v2 - New Lid,California,Seal Failure,Amazon Review,2026-01-30T17:46:00,0.63,False,
b68ae760-817e-40b4-81d0-d8dac02cfa35,Can 330ml arrived torn,Cookies Pack,Can 330ml,Texas,Damaged Pack,Twitter,2026-01-30T17:55:00,0.78,False,
f020e441-109b-4882-a000-82ba674392ca,Box crushed in shipping to California,Granola Bar,Resealable Bag v1,California,Damaged Pack,Call Center,2026-01-30T18:01:00,0.8,False,
b556b7bb-b092-4cd0-ad94-d1dfaf788b53,New lid on Box 200g doesn't seal properly,Cookies Pack,Box 200g,Pacific Northwest,Seal Failure,Email,2026-01-30T18:24:00,0.89,False,
be758b2a-1b05-4b98-b475-204b784b508e,Box 200g half empty - Soda Pop,Soda Pop,Box 200g,California,Low Fill,Twitter,2026-01-30T18:24:00,0.6,False,
04abfc6a-d9a2-4bb6-ad9e-016161a57606,Resealable Bag v1 leaking in transit to California,Crunchy Chips,Resealable Bag v1,California,Leaking,Email,2026-01-30T18:37:00,0.75,False,
08d578bc-2105-4d2e-a920-d4c724d3b4f4,"The Can 330ml won't close, goes stale in California",Crunchy Chips,Can 330ml,California,Seal Failure,Email,2026-01-30T18:38:00,0.74,False,
7edb4b9e-d2f9-4868-835c-430ee0b7419c,Ordered Crunchy Chips got wrong flavor,Crunchy Chips,Can 330ml,Midwest,Wrong Flavor,Email,2026-01-30T18:50:00,0.91,False,
b01b2815-7ff2-463a-ad22-4c517474930b,Box crushed in shipping to Pacific Northwest,Cookies Pack,Box 200g,Pacific Northwest,Damaged Pack,Amazon Review,2026-01-30T18:55:00,0.87,False,
24be3ff1-98c3-4002-a43d-46688d046b1f,Box 200g arrived torn,Crunchy Chips,Box 200g,California,Damaged Pack,Call Center,2026-01-30T18:57:00,0.6,False,
9f389630-ad7d-480f-b8fb-b6aac04281a2,Ordered Crunchy Chips got wrong flavor,Crunchy Chips,Resealable Bag v1,Midwest,Wrong Flavor,Email,2026-01-30T19:04:00,0.8,False,
15412987-bb27-44b7-9f63-70c3d8a18f77,Stale Granola Bar in Resealable Bag v2 - New Lid,Granola Bar,Resealable Bag v2 - New Lid,Texas,Stale Taste,Amazon Review,2026-01-30T19:06:00,0.75,False,
8d1b0702-1f1a-4d4c-8ca6-1720ea228c0a,Opened Crunchy Chips and it was stale,Crunchy Chips,Resealable Bag v2 - New Lid,Texas,Stale Taste,Amazon Review,2026-01-30T19:19:00,0.64,False,
0f486a3c-3079-4cab-b731-5ed01bdfd6f9,Box crushed in shipping to Texas,Cookies Pack,Can 330ml,Texas,Damaged Pack,Email,2026-01-30T19:23:00,0.71,False,
6e852049-dd33-4b7d-92d6-9e07b8c9d3ca,Stale Soda Pop in Resealable Bag v2 - New Lid,Soda Pop,Resealable Bag v2 - New Lid,Texas,Stale Taste,Amazon Review,2026-01-30T19:36:00,0.95,False,
a779e9d3-54dd-41ef-9065-56280ef75a35,Ordered Cookies Pack got wrong flavor,Cookies Pack,Can 330ml,Northeast,Wrong Flavor,Twitter,2026-01-30T19:43:00,0.95,False,
1aa6d867-aa54-4ef2-a45f-3ca4e4eb21a0,Crunchy Chips tastes stale from Northeast,Crunchy Chips,Resealable Bag v1,Northeast,Stale Taste,Email,2026-01-30T19:48:00,0.79,False,
e722c4d4-8ddb-49fa-8e3f-739e888add75,Opened Cookies Pack and it was stale,Cookies Pack,Can 330ml,Midwest,Stale Taste,Amazon Review,2026-01-30T19:52:00,0.72,False,
58bc2a36-0d3f-467f-92c5-ba0b004de144,Ordered Soda Pop got wrong flavor,Soda Pop,Resealable Bag v1,Northeast,Wrong Flavor,Amazon Review,2026-01-30T19:56:00,0.73,False,
cbeb18d0-dbdb-4dfc-8d51-7a10be3848b3,Stale Cookies Pack in Resealable Bag v2 - New Lid,Cookies Pack,Resealable Bag v2 - New Lid,Pacific Northwest,Stale Taste,Call Center,2026-01-30T19:58:00,0.62,False,
6c038705-6c0c-4f02-afd0-d6f33c72d79c,Box 200g half empty - Soda Pop,Soda Pop,Box 200g,Northeast,Low Fill,Amazon Review,2026-01-30T20:18:00,0.9,False,
d11d53c7-aeb2-4215-9000-df0c4937a823,Can 330ml leaking in transit to Texas,Cookies Pack,Can 330ml,Texas,Leaking,Amazon Review,2026-01-30T20:26:00,0.89,False,
d071b4dd-c736-44fe-b174-a8b8ef47c25e,Ordered Soda Pop got wrong flavor,Soda Pop,Box 200g,Pacific Northwest,Wrong Flavor,Twitter,2026-01-30T20:28:00,0.68,False,
32c1158d-3f57-4e76-8651-9510b8f58c87,Resealable Bag v1 arrived torn,Soda Pop,Resealable Bag v1,Texas,Damaged Pack,Email,2026-01-30T20:42:00,0.62,False,
c737dca0-2987-489d-8250-c41c614e99ee,Granola Bar tastes stale from California,Granola Bar,Resealable Bag v1,California,Stale Taste,Twitter,2026-01-30T20:49:00,0.91,False,
f82a74b9-ce25-4336-85b9-f88abb9cac0d,New lid on Resealable Bag v1 doesn't seal properly,Soda Pop,Resealable Bag v1,Pacific Northwest,Seal Failure,Email,2026-01-30T20:50:00,0.81,False,
b2340108-f5e7-4a4d-8f99-86098966aff9,Ordered Soda Pop got wrong flavor,Soda Pop,Box 200g,Midwest,Wrong Flavor,Email,2026-01-30T20:56:00,0.76,False,
f23f40e8-7fc0-41b3-9710-fe5099eceb22,Resealable Can 330ml failed to close - Texas,Cookies Pack,Can 330ml,Texas,Seal Failure,Call Center,2026-01-30T21:07:00,0.66,False,
236058b2-66ff-49a7-88b0-e75935d68317,Box crushed in shipping to Texas,Cookies Pack,Box 200g,Texas,Damaged Pack,Amazon Review,2026-01-30T21:08:00,0.64,False,
6d281407-1702-4315-85ed-eedafd9acd61,Resealable Bag v2 - New Lid half empty - Cookies Pack,Cookies Pack,Resealable Bag v2 - New Lid,California,Low Fill,Email,2026-01-30T21:16:00,0.85,False,
c562d83b-1fd5-4872-af7f-c33954b7a956,Ordered Crunchy Chips got wrong flavor,Crunchy Chips,Resealable Bag v2 - New Lid,Pacific Northwest,Wrong Flavor,Email,2026-01-30T21:24:00,0.66,False,
cd77b333-3288-455c-a64f-2fe4f46d2c15,Ordered Granola Bar got wrong flavor,Granola Bar,Box 200g,California,Wrong Flavor,Amazon Review,2026-01-30T21:36:00,0.83,False,
e1501036-0120-484f-a7ca-af2ba9b3b531,"The Can 330ml won't close, goes stale in Northeast",Cookies Pack,Can 330ml,Northeast,Seal Failure,Twitter,2026-01-30T21:37:00,0.8,False,
d7f6bf6c-8141-4526-88c7-d709e03d781b,Stale Granola Bar in Can 330ml,Granola Bar,Can 330ml,Midwest,Stale Taste,Email,2026-01-30T21:42:00,0.93,False,
42ba4c85-b331-408d-89d7-f067ac8ca15d,Granola Bar tastes stale from Northeast,Granola Bar,Can 330ml,Northeast,Stale Taste,Email,2026-01-30T21:46:00,0.61,False,
6f051a35-07c9-437b-9e1c-72f5f5829a08,Ordered Granola Bar got wrong flavor,Granola Bar,Box 200g,Pacific Northwest,Wrong Flavor,Call Center,2026-01-30T21:48:00,0.76,False,
35e510e8-6aa6-436d-9179-60cb510acc13,Resealable Resealable Bag v1 failed to close - Midwest,Crunchy Chips,Resealable Bag v1,Midwest,Seal Failure,Email,2026-01-30T21:51:00,0.79,False,
b54135b0-89b9-4397-a0af-87c23cc903fb,"The Box 200g won't close, goes stale in Northeast",Soda Pop,Box 200g,Northeast,Seal Failure,Call Center,2026-01-30T21:56:00,0.85,False,
83bc447b-eea4-4e4f-b542-9920e7787d6c,Resealable Resealable Bag v1 failed to close - Northeast,Cookies Pack,Resealable Bag v1,Northeast,Seal Failure,Amazon Review,2026-01-30T22:01:00,0.95,False,
2810eeaf-e4c7-49d0-8f1d-88be9d811cf8,Ordered Crunchy Chips got wrong flavor,Crunchy Chips,Can 330ml,Northeast,Wrong Flavor,Email,2026-01-30T22:08:00,0.69,False,
9ee87224-7204-4843-8120-a9737486e0dc,Resealable Bag v2 - New Lid half empty - Cookies Pack,Cookies Pack,Resealable Bag v2 - New Lid,Northeast,Low Fill,Email,2026-01-30T22:14:00,0.72,False,
49801beb-7209-4466-a890-930d5244b8c6,Opened Soda Pop and it was stale,Soda Pop,Box 200g,Pacific Northwest,Stale Taste,Amazon Review,2026-01-30T22:25:00,0.81,False,
ca1ec7b3-c7d1-4c1b-9214-ec3a61cf2813,Can 330ml half empty - Cookies Pack,Cookies Pack,Can 330ml,Midwest,Low Fill,Call Center,2026-01-30T22:32:00,0.9,False,
79ab2432-bf01-4378-ba0c-044e5e9a5184,Resealable Bag v1 arrived torn,Granola Bar,Resealable Bag v1,Northeast,Damaged Pack,Amazon Review,2026-01-30T22:45:00,0.81,False,
c2fc22b0-bb94-4913-9f0f-7da6fc904fe4,Can 330ml leaking in transit to Texas,Cookies Pack,Can 330ml,Texas,Leaking,Email,2026-01-30T22:55:00,0.62,False,
3bd70f3c-34ff-4109-a4ad-61298b0eb31e,Box 200g leaking in transit to Midwest,Soda Pop,Box 200g,Midwest,Leaking,Twitter,2026-01-30T22:55:00,0.83,False,
bbef165d-ed33-40c8-9dc6-fa213635910c,"The Box 200g won't close, goes stale in Midwest",Granola Bar,Box 200g,Midwest,Seal Failure,Email,2026-01-30T23:02:00,0.84,False,
5a676b79-2862-4523-91fe-1d31a075d9d2,Ordered Granola Bar got wrong flavor,Granola Bar,Box 200g,Northeast,Wrong Flavor,Email,2026-01-30T23:03:00,0.75,False,
ced5a25f-e87f-4b78-be54-e32fbd8202ab,Box crushed in shipping to Midwest,Crunchy Chips,Can 330ml,Midwest,Damaged Pack,Amazon Review,2026-01-30T23:09:00,0.62,False,
861caea3-b6c3-4700-9765-b4ff6a7c102d,Opened Crunchy Chips and it was stale,Crunchy Chips,Resealable Bag v2 - New Lid,Pacific Northwest,Stale Taste,Call Center,2026-01-30T23:29:00,0.91,False,
0fe6a132-47bf-476b-8a6d-82ab72d17325,Box crushed in shipping to Midwest,Crunchy Chips,Box 200g,Midwest,Damaged Pack,Twitter,2026-01-30T23:39:00,0.84,False,
13fc1647-5f3e-4337-895c-43429a61a58b,Ordered Cookies Pack got wrong flavor,Cookies Pack,Resealable Bag v1,Pacific Northwest,Wrong Flavor,Call Center,2026-01-31T00:08:00,0.66,False,
c2e7636b-b04c-4d22-bf0e-12d1ce0f47e9,New lid on Resealable Bag v1 doesn't seal properly,Granola Bar,Resealable Bag v1,California,Seal Failure,Amazon Review,2026-01-31T00:10:00,0.9,False,
e3237c02-018a-4727-bbbe-1f0aebf05d9d,Resealable Bag v2 - New Lid half empty - Granola Bar,Granola Bar,Resealable Bag v2 - New Lid,Midwest,Low Fill,Amazon Review,2026-01-31T00:13:00,0.66,False,
e2257b4e-0bbf-433d-b8c2-ce9087f2726a,Soda Pop tastes stale from Texas,Soda Pop,Box 200g,Texas,Stale Taste,Call Center,2026-01-31T00:13:00,0.68,False,
6cc27af1-3b02-4afa-bea1-0fde0110f482,Resealable Bag v2 - New Lid arrived torn,Cookies Pack,Resealable Bag v2 - New Lid,Texas,Damaged Pack,Amazon Review,2026-01-31T00:23:00,0.77,False,
5b80fbd7-6b20-466a-81e1-0e2971f1d777,Opened Crunchy Chips and it was stale,Crunchy Chips,Can 330ml,Texas,Stale Taste,Call Center,2026-01-31T00:46:00,0.79,False,
623251a0-a3f3-4bfb-a228-0021adb86826,Resealable Bag v2 - New Lid leaking in transit to Northeast,Soda Pop,Resealable Bag v2 - New Lid,Northeast,Leaking,Twitter,2026-01-31T00:49:00,0.73,False,
a8de5678-7e68-468c-bdc1-cbc6db2f1be0,Resealable Bag v2 - New Lid arrived torn,Granola Bar,Resealable Bag v2 - New Lid,California,Damaged Pack,Twitter,2026-01-31T00:54:00,0.62,False,
783dd1ee-0b79-4f67-943a-905ec740e5a5,Opened Crunchy Chips and it was stale,Crunchy Chips,Can 330ml,Northeast,Stale Taste,Email,2026-01-31T01:09:00,0.66,False,
872e146f-e520-4fa5-b67f-2313cd192bea,Resealable Bag v2 - New Lid arrived torn,Cookies Pack,Resealable Bag v2 - New Lid,Pacific Northwest,Damaged Pack,Email,2026-01-31T01:34:00,0.63,False,
cb3d94fd-51ee-48f6-9a46-8dce506854c4,Resealable Resealable Bag v1 failed to close - Texas,Soda Pop,Resealable Bag v1,Texas,Seal Failure,Twitter,2026-01-31T01:54:00,0.64,False,
4469cb37-fbe5-433b-8628-2b35e3a379cd,Resealable Bag v2 - New Lid half empty - Crunchy Chips,Crunchy Chips,Resealable Bag v2 - New Lid,California,Low Fill,Amazon Review,2026-01-31T02:02:00,0.7,False,
57a92516-ec68-4c5b-8ab3-d3760ccd732b,New lid on Can 330ml doesn't seal properly,Granola Bar,Can 330ml,California,Seal Failure,Twitter,2026-01-31T02:04:00,0.83,False,
596f1c35-b98f-439a-9812-94fd9e186a7f,"The Resealable Bag v2 - New Lid won't close, goes stale in Texas",Granola Bar,Resealable Bag v2 - New Lid,Texas,Seal Failure,Amazon Review,2026-01-31T02:14:00,0.93,False,
1609a02b-dd1d-4734-8aca-bb103b24ec53,"The Resealable Bag v1 won't close, goes stale in Pacific Northwest",Cookies Pack,Resealable Bag v1,Pacific Northwest,Seal Failure,Call Center,2026-01-31T02:20:00,0.87,False,
23719d08-05ad-486f-a217-5f24c08d443b,Ordered Granola Bar got wrong flavor,Granola Bar,Box 200g,Texas,Wrong Flavor,Call Center,2026-01-31T02:24:00,0.84,False,
c3e3b274-75ee-4edc-b385-002cc19c47fa,Resealable Bag v1 half empty - Granola Bar,Granola Bar,Resealable Bag v1,Texas,Low Fill,Amazon Review,2026-01-31T02:41:00,0.65,False,
30d523bf-aa55-4d00-9e65-f4e469c23926,"The Can 330ml won't close, goes stale in Northeast",Crunchy Chips,Can 330ml,Northeast,Seal Failure,Call Center,2026-01-31T02:47:00,0.91,False,
c69b9e8b-b701-4cf2-869c-a5cbee2551b9,Opened Granola Bar and it was stale,Granola Bar,Resealable Bag v1,Northeast,Stale Taste,Email,2026-01-31T02:50:00,0.64,False,
2d2729da-1c34-46ce-94b4-4f534c541445,Box 200g half empty - Cookies Pack,Cookies Pack,Box 200g,Pacific Northwest,Low Fill,Amazon Review,2026-01-31T02:51:00,0.68,False,
fdd59a97-d394-4a17-88c1-bf3a58842fe7,Can 330ml half empty - Granola Bar,Granola Bar,Can 330ml,California,Low Fill,Twitter,2026-01-31T03:19:00,0.64,False,
174d4e20-453e-40a9-8553-169b2abfd4ae,Resealable Bag v1 half empty - Soda Pop,Soda Pop,Resealable Bag v1,Texas,Low Fill,Email,2026-01-31T03:35:00,0.93,False,
8dbf0ea8-f21e-4e48-bcd8-b5b3872aca41,Resealable Bag v2 - New Lid leaking in transit to Midwest,Cookies Pack,Resealable Bag v2 - New Lid,Midwest,Leaking,Call Center,2026-01-31T03:38:00,0.63,False,
c92be0d2-4214-4fb4-a553-bc512cc8c548,Stale Crunchy Chips in Box 200g,Crunchy Chips,Box 200g,California,Stale Taste,Call Center,2026-01-31T03:46:00,0.87,False,
b8637af6-c189-41fb-a66e-1dbb93ca0b9f,Can 330ml leaking in transit to California,Granola Bar,Can 330ml,California,Leaking,Twitter,2026-01-31T03:49:00,0.83,False,
ffbd103d-a1ca-4b97-b8e5-db647e2c3500,Box 200g leaking in transit to Pacific Northwest,Soda Pop,Box 200g,Pacific Northwest,Leaking,Amazon Review,2026-01-31T03:55:00,0.66,False,
cf97f39b-452a-4d70-9c42-4b35841b3965,Ordered Crunchy Chips got wrong flavor,Crunchy Chips,Box 200g,Pacific Northwest,Wrong Flavor,Call Center,2026-01-31T03:55:00,0.9,False,
ad89fe9d-fc00-4bb9-a535-e372285b6eff,"The Resealable Bag v1 won't close, goes stale in Pacific Northwest",Soda Pop,Resealable Bag v1,Pacific Northwest,Seal Failure,Amazon Review,2026-01-31T04:00:00,0.75,False,
6b97ea79-c16f-49a2-879e-c1a5586f3ab9,Ordered Crunchy Chips got wrong flavor,Crunchy Chips,Box 200g,California,Wrong Flavor,Amazon Review,2026-01-31T04:03:00,0.84,False,
f6967f47-b9e7-407c-a232-b0cb3378de58,Cookies Pack tastes stale from California,Cookies Pack,Box 200g,California,Stale Taste,Twitter,2026-01-31T04:06:00,0.62,False,
b5db629f-553d-487c-8b0e-8434f0b8b1de,Resealable Can 330ml failed to close - Northeast,Cookies Pack,Can 330ml,Northeast,Seal Failure,Twitter,2026-01-31T04:07:00,0.66,False,
4632d877-efca-46bc-a065-8a7cb557647f,Can 330ml leaking in transit to Texas,Soda Pop,Can 330ml,Texas,Leaking,Call Center,2026-01-31T04:31:00,0.62,False,
467ce42a-5768-45a2-9f54-84707c1fc8e3,Ordered Granola Bar got wrong flavor,Granola Bar,Box 200g,Midwest,Wrong Flavor,Call Center,2026-01-31T04:34:00,0.86,False,
443275a1-5923-4970-bce5-a51fc3c899d2,Resealable Bag v1 half empty - Soda Pop,Soda Pop,Resealable Bag v1,Pacific Northwest,Low Fill,Call Center,2026-01-31T04:41:00,0.72,False,
a2c5b567-35ad-47da-b984-fc22cfc6fa1f,Box 200g leaking in transit to Northeast,Soda Pop,Box 200g,Northeast,Leaking,Twitter,2026-01-31T05:00:00,0.94,False,
40e16352-8d60-48e5-bbe0-541c3fbe493d,Box crushed in shipping to Pacific Northwest,Cookies Pack,Box 200g,Pacific Northwest,Damaged Pack,Email,2026-01-31T05:00:00,0.94,False,
26e21c3f-f896-4bb7-a710-df92563bb8d6,Resealable Can 330ml failed to close - Northeast,Granola Bar,Can 330ml,Northeast,Seal Failure,Twitter,2026-01-31T05:03:00,0.88,False,
0b2a19ec-e3d1-4376-b765-ab3bad0f3573,Resealable Bag v1 half empty - Cookies Pack,Cookies Pack,Resealable Bag v1,Midwest,Low Fill,Amazon Review,2026-01-31T05:03:00,0.75,False,
e5d5a991-948b-4b2b-9d70-9e5a7d858500,Box crushed in shipping to Midwest,Crunchy Chips,Box 200g,Midwest,Damaged Pack,Call Center,2026-01-31T05:10:00,0.88,False,
92c48576-61d5-44ad-8a95-63e961d85a9c,Ordered Cookies Pack got wrong flavor,Cookies Pack,Can 330ml,California,Wrong Flavor,Call Center,2026-01-31T05:18:00,0.69,False,
8b279855-c3b8-444b-a07e-02b3546a7fa2,Opened Crunchy Chips and it was stale,Crunchy Chips,Box 200g,California,Stale Taste,Call Center,2026-01-31T05:22:00,0.7,False,
3b6625b1-ec5c-4119-ab78-4af68c737a50,Resealable Bag v1 half empty - Cookies Pack,Cookies Pack,Resealable Bag v1,Midwest,Low Fill,Call Center,2026-01-31T05:33:00,0.76,False,
98322b63-1711-4530-9a0e-07ada11300c1,"The Box 200g won't close, goes stale in Texas",Granola Bar,Box 200g,Texas,Seal Failure,Amazon Review,2026-01-31T05:51:00,0.65,False,
db4a7ae1-571e-41d9-b08d-0d39100d06df,Cookies Pack tastes stale from Northeast,Cookies Pack,Resealable Bag v1,Northeast,Stale Taste,Call Center,2026-01-31T06:02:00,0.6,False,
0fdb4f63-c0b2-4e1e-b87c-55403e418170,Resealable Bag v2 - New Lid leaking in transit to Northeast,Crunchy Chips,Resealable Bag v2 - New Lid,Northeast,Leaking,Email,2026-01-31T06:12:00,0.61,False,
92299e6d-8b32-4525-a423-e6dfaec01f5c,Resealable Box 200g failed to close - Texas,Crunchy Chips,Box 200g,Texas,Seal Failure,Twitter,2026-01-31T06:14:00,0.63,False,
b8341632-c30f-4d31-9c4d-539a90046071,Ordered Granola Bar got wrong flavor,Granola Bar,Resealable Bag v2 - New Lid,California,Wrong Flavor,Amazon Review,2026-01-31T06:25:00,0.81,False,
2e036f4a-a5a7-49f2-bee6-5670f025a290,"The Box 200g won't close, goes stale in Pacific Northwest",Granola Bar,Box 200g,Pacific Northwest,Seal Failure,Amazon Review,2026-01-31T06:30:00,0.77,False,
784eae63-6a04-4a4b-9bc9-7441caa6ba65,Resealable Bag v2 - New Lid leaking in transit to Northeast,Crunchy Chips,Resealable Bag v2 - New Lid,Northeast,Leaking,Email,2026-01-31T06:41:00,0.94,False,
5dc2528d-dfd4-4598-9102-20b8b171546b,"The Box 200g won't close, goes stale in Northeast",Soda Pop,Box 200g,Northeast,Seal Failure,Amazon Review,2026-01-31T06:51:00,0.64,False,
16a65f60-a48d-4ce4-a237-12c1c1f461c5,Can 330ml leaking in transit to Pacific Northwest,Soda Pop,Can 330ml,Pacific Northwest,Leaking,Twitter,2026-01-31T07:24:00,0.73,False,
bcf45363-f726-4fc7-a203-41e4eca709e6,Resealable Resealable Bag v1 failed to close - Midwest,Crunchy Chips,Resealable Bag v1,Midwest,Seal Failure,Amazon Review,2026-01-31T07:41:00,0.84,False,
549f375b-fca7-43aa-b600-b2000620c75a,Stale Granola Bar in Resealable Bag v1,Granola Bar,Resealable Bag v1,California,Stale Taste,Amazon Review,2026-01-31T07:45:00,0.75,False,
ee4744e0-2f33-4af0-9d21-65145cd5fd83,Can 330ml half empty - Granola Bar,Granola Bar,Can 330ml,California,Low Fill,Call Center,2026-01-31T07:55:00,0.9,False,
64d75de6-cb5e-49ac-970d-75deb70b364d,New lid on Box 200g doesn't seal properly,Soda Pop,Box 200g,Texas,Seal Failure,Call Center,2026-01-31T07:55:00,0.77,False,
71d5758e-e8cb-49f9-bdba-ec69373de7f1,Opened Crunchy Chips and it was stale,Crunchy Chips,Box 200g,California,Stale Taste,Email,2026-01-31T08:01:00,0.7,False,
84746150-38ba-4fe1-9ad8-38ee312520f6,Ordered Crunchy Chips got wrong flavor,Crunchy Chips,Resealable Bag v2 - New Lid,Northeast,Wrong Flavor,Call Center,2026-01-31T08:05:00,0.69,False,
78077d42-51c7-48e9-b84b-5dba147ed612,Ordered Cookies Pack got wrong flavor,Cookies Pack,Box 200g,California,Wrong Flavor,Email,2026-01-31T08:12:00,0.9,False,
fffe1b63-71fd-461c-94ba-cad8103c8d00,Box 200g arrived torn,Soda Pop,Box 200g,Pacific Northwest,Damaged Pack,Twitter,2026-01-31T08:25:00,0.88,False,
be9b4f80-0599-420f-bca7-5f84d2342a1c,Can 330ml half empty - Cookies Pack,Cookies Pack,Can 330ml,California,Low Fill,Amazon Review,2026-01-31T08:26:00,0.79,False,
08f1cdcc-467e-4ada-9d2a-cadffa3c66e4,Resealable Bag v1 half empty - Crunchy Chips,Crunchy Chips,Resealable Bag v1,Midwest,Low Fill,Twitter,2026-01-31T08:29:00,0.8,False,
a1a6a2cb-a1b5-468f-872d-0ab7a040ac61,Box 200g leaking in transit to Texas,Crunchy Chips,Box 200g,Texas,Leaking,Email,2026-01-31T08:34:00,0.85,False,
173a2cff-1231-4d06-a427-21469d0caba3,Ordered Cookies Pack got wrong flavor,Cookies Pack,Resealable Bag v2 - New Lid,Northeast,Wrong Flavor,Twitter,2026-01-31T08:34:00,0.9,False,
d09a9e6a-2689-4232-91f0-8dc9d5611399,Box 200g half empty - Soda Pop,Soda Pop,Box 200g,California,Low Fill,Amazon Review,2026-01-31T08:37:00,0.94,False,
19fe4ede-2b7d-4d84-8ba4-90436bcd1677,Stale Crunchy Chips in Resealable Bag v1,Crunchy Chips,Resealable Bag v1,Texas,Stale Taste,Call Center,2026-01-31T08:39:00,0.84,False,
d8c69783-67d0-44c1-9985-f7c4400b8f52,Box 200g half empty - Cookies Pack,Cookies Pack,Box 200g,California,Low Fill,Call Center,2026-01-31T08:52:00,0.64,False,
fcc60f06-a685-43e0-83c2-eb4c036be990,New lid on Resealable Bag v1 doesn't seal properly,Granola Bar,Resealable Bag v1,Northeast,Seal Failure,Call Center,2026-01-31T09:01:00,0.89,False,
31bf7454-0b97-4cd6-b7e7-e78cbd4e6952,Opened Soda Pop and it was stale,Soda Pop,Resealable Bag v2 - New Lid,Pacific Northwest,Stale Taste,Twitter,2026-01-31T09:04:00,0.61,False,
9183487a-82e4-44d0-8cd5-527a43a6d51d,Can 330ml half empty - Granola Bar,Granola Bar,Can 330ml,California,Low Fill,Twitter,2026-01-31T09:10:00,0.65,False,
86ef4107-cb9a-49e8-9b44-96cb4211342f,New lid on Box 200g doesn't seal properly,Cookies Pack,Box 200g,Northeast,Seal Failure,Amazon Review,2026-01-31T09:15:00,0.94,False,
f9d9d522-015b-4eab-9896-21474d5bf262,Can 330ml leaking in transit to Pacific Northwest,Cookies Pack,Can 330ml,Pacific Northwest,Leaking,Amazon Review,2026-01-31T09:30:00,0.7,False,
41225a1b-f3b1-4467-860b-af8bb6288d6c,Ordered Crunchy Chips got wrong flavor,Crunchy Chips,Resealable Bag v1,Midwest,Wrong Flavor,Email,2026-01-31T09:34:00,0.9,False,
ea7e73a2-d75c-4e62-8e85-656260c5d953,Can 330ml arrived torn,Crunchy Chips,Can 330ml,Northeast,Damaged Pack,Twitter,2026-01-31T09:43:00,0.82,False,
b431b6f8-341e-4713-a7e2-15368bb7912d,Opened Granola Bar and it was stale,Granola Bar,Can 330ml,Northeast,Stale Taste,Amazon Review,2026-01-31T09:59:00,0.66,False,
f1aa0c9a-85b3-4ff0-8e52-cf395f5e1b97,Box crushed in shipping to Texas,Soda Pop,Resealable Bag v2 - New Lid,Texas,Damaged Pack,Email,2026-01-31T10:05:00,0.65,False,
7c226a2f-bc38-4866-82c3-5852f051a2b9,Ordered Cookies Pack got wrong flavor,Cookies Pack,Box 200g,Texas,Wrong Flavor,Twitter,2026-01-31T10:25:00,0.77,False,
73d0780a-4264-4cd2-a1ec-5c912171a3fe,Resealable Bag v1 leaking in transit to Pacific Northwest,Cookies Pack,Resealable Bag v1,Pacific Northwest,Leaking,Twitter,2026-01-31T10:28:00,0.8,False,
ef402e99-7f23-4242-a1b8-c420cf8f28f7,Resealable Bag v1 half empty - Soda Pop,Soda Pop,Resealable Bag v1,Northeast,Low Fill,Amazon Review,2026-01-31T10:34:00,0.82,False,
882965e5-e53f-453b-8c9d-1254bfc6bab8,Resealable Bag v1 leaking in transit to Texas,Crunchy Chips,Resealable Bag v1,Texas,Leaking,Call Center,2026-01-31T10:47:00,0.81,False,
9c3a6e49-7b5a-4216-b26b-8013bb5fffbc,Ordered Cookies Pack got wrong flavor,Cookies Pack,Can 330ml,Texas,Wrong Flavor,Email,2026-01-31T10:57:00,0.69,False,
0dde4e03-347d-46f0-adb9-3686764f6259,Stale Soda Pop in Resealable Bag v2 - New Lid,Soda Pop,Resealable Bag v2 - New Lid,Northeast,Stale Taste,Amazon Review,2026-01-31T11:38:00,0.86,False,
3769e34a-5c93-41c1-bf04-3e8709015717,Opened Soda Pop and it was stale,Soda Pop,Can 330ml,Pacific Northwest,Stale Taste,Twitter,2026-01-31T11:42:00,0.69,False,
da55c337-a210-4eb0-a1db-df5e3454524f,Box crushed in shipping to Texas,Crunchy Chips,Resealable Bag v2 - New Lid,Texas,Damaged Pack,Call Center,2026-01-31T11:44:00,0.85,False,
3885375a-8a1c-45c6-bcbe-2623f3b85520,Box 200g arrived torn,Granola Bar,Box 200g,Midwest,Damaged Pack,Call Center,2026-01-31T11:45:00,0.94,False,
c025a4d2-668d-4b46-bbee-f2fe2fcc3549,Can 330ml leaking in transit to Midwest,Soda Pop,Can 330ml,Midwest,Leaking,Email,2026-01-31T11:48:00,0.76,False,
ed948129-ae78-4244-96af-a2023fd5d251,Can 330ml half empty - Soda Pop,Soda Pop,Can 330ml,Texas,Low Fill,Twitter,2026-01-31T12:06:00,0.61,False,
4c842b62-4edb-45ef-96bc-72d82f2cab20,New lid on Box 200g doesn't seal properly,Cookies Pack,Box 200g,Pacific Northwest,Seal Failure,Amazon Review,2026-01-31T12:08:00,0.75,False,
01f628d4-0dc8-4c98-aae6-f0fbf83b6971,Resealable Box 200g failed to close - Midwest,Cookies Pack,Box 200g,Midwest,Seal Failure,Email,2026-01-31T12:53:00,0.89,False,
058ee7ed-6aec-4b99-9296-221a077b0885,Resealable Bag v1 arrived torn,Crunchy Chips,Resealable Bag v1,Texas,Damaged Pack,Amazon Review,2026-01-31T12:55:00,0.73,False,
b3718b19-eee5-4926-8ce5-8d77867b95e1,Resealable Bag v2 - New Lid arrived torn,Soda Pop,Resealable Bag v2 - New Lid,California,Damaged Pack,Email,2026-01-31T13:31:00,0.7,False,
ece4af20-c5bb-4bb1-99ad-d7d08bb1d1a8,Resealable Bag v2 - New Lid leaking in transit to Texas,Cookies Pack,Resealable Bag v2 - New Lid,Texas,Leaking,Amazon Review,2026-01-31T13:40:00,0.7,False,
dcf84b9d-7cd6-4dc8-b065-f00c5c86e794,Cookies Pack tastes stale from Northeast,Cookies Pack,Resealable Bag v1,Northeast,Stale Taste,Twitter,2026-01-31T13:47:00,0.65,False,
6c4599e0-eb7c-4a95-9e86-7f7a403fa15c,Ordered Cookies Pack got wrong flavor,Cookies Pack,Box 200g,California,Wrong Flavor,Twitter,2026-01-31T13:48:00,0.68,False,
2e1e3afc-24ed-425b-a55b-48fad42e9967,Stale Granola Bar in Resealable Bag v1,Granola Bar,Resealable Bag v1,Northeast,Stale Taste,Twitter,2026-01-31T14:04:00,0.77,False,
41ca6c67-42e9-4207-8508-adf269b4422d,Resealable Bag v1 arrived torn,Granola Bar,Resealable Bag v1,Pacific Northwest,Damaged Pack,Call Center,2026-01-31T14:16:00,0.76,False,
b41f4b77-fd6c-4410-be2c-c72dcc1c0ab8,Can 330ml leaking in transit to Texas,Crunchy Chips,Can 330ml,Texas,Leaking,Twitter,2026-01-31T14:19:00,0.86,False,
f0d4b397-be3e-4184-8ffa-1e3f369b42b7,New lid on Box 200g doesn't seal properly,Granola Bar,Box 200g,Texas,Seal Failure,Amazon Review,2026-01-31T14:50:00,0.64,False,
0750d2b5-1dcd-4011-886d-2728f9f8ab6b,Resealable Bag v2 - New Lid half empty - Crunchy Chips,Crunchy Chips,Resealable Bag v2 - New Lid,Pacific Northwest,Low Fill,Amazon Review,2026-01-31T15:15:00,0.66,False,
9634d848-a5c2-4880-9111-62699396bed5,Can 330ml half empty - Soda Pop,Soda Pop,Can 330ml,California,Low Fill,Twitter,2026-01-31T15:17:00,0.82,False,
cc4a7e0a-7655-4057-ae56-4fcd236ad5a1,"The Resealable Bag v1 won't close, goes stale in Pacific Northwest",Soda Pop,Resealable Bag v1,Pacific Northwest,Seal Failure,Call Center,2026-01-31T15:24:00,0.63,False,
208c58fa-59ad-49e0-b2a3-3aa50f41b8eb,Ordered Granola Bar got wrong flavor,Granola Bar,Box 200g,Pacific Northwest,Wrong Flavor,Email,2026-01-31T15:25:00,0.87,False,
f219b1bf-20f9-48d3-a319-ba6d87a4626f,Box crushed in shipping to California,Soda Pop,Resealable Bag v1,California,Damaged Pack,Twitter,2026-01-31T15:45:00,0.62,False,
5c91da09-8967-4fae-ae43-34d7e8728a02,Resealable Resealable Bag v1 failed to close - Texas,Cookies Pack,Resealable Bag v1,Texas,Seal Failure,Email,2026-01-31T15:52:00,0.62,False,
03ccdb3a-5418-4736-a43d-4cccc173fc8b,Can 330ml leaking in transit to Pacific Northwest,Crunchy Chips,Can 330ml,Pacific Northwest,Leaking,Amazon Review,2026-01-31T15:55:00,0.62,False,
47641f91-8ad9-40e4-935c-8e987aad4be6,Resealable Can 330ml failed to close - Northeast,Cookies Pack,Can 330ml,Northeast,Seal Failure,Twitter,2026-01-31T16:01:00,0.69,False,
cdc29b7f-147a-44e3-9940-697ac07597fc,Box crushed in shipping to California,Soda Pop,Resealable Bag v1,California,Damaged Pack,Call Center,2026-01-31T16:10:00,0.65,False,
9bc87959-b4f2-408e-adae-846ff3e4462b,Ordered Soda Pop got wrong flavor,Soda Pop,Can 330ml,Pacific Northwest,Wrong Flavor,Twitter,2026-01-31T16:12:00,0.81,False,
696a7440-9d4a-4c18-b861-57624350f745,New lid on Resealable Bag v1 doesn't seal properly,Crunchy Chips,Resealable Bag v1,Midwest,Seal Failure,Amazon Review,2026-01-31T16:16:00,0.6,False,
e6818f00-760b-4e9c-a54a-0232004345c4,Granola Bar tastes stale from Pacific Northwest,Granola Bar,Resealable Bag v2 - New Lid,Pacific Northwest,Stale Taste,Email,2026-01-31T16:32:00,0.76,False,
c226883c-381c-4c11-af41-6e6c0c3145a8,Ordered Granola Bar got wrong flavor,Granola Bar,Resealable Bag v1,California,Wrong Flavor,Call Center,2026-01-31T16:44:00,0.71,False,
303f6b1b-3404-4153-b0d2-1272c88e31e9,Stale Soda Pop in Box 200g,Soda Pop,Box 200g,Northeast,Stale Taste,Twitter,2026-01-31T16:46:00,0.94,False,
379a041b-6c1e-474a-b469-fde01b9842c9,Ordered Crunchy Chips got wrong flavor,Crunchy Chips,Resealable Bag v1,Pacific Northwest,Wrong Flavor,Amazon Review,2026-01-31T16:59:00,0.6,False,
39d075a8-dddc-4780-80ee-63a3dbe284ec,Resealable Can 330ml failed to close - Texas,Granola Bar,Can 330ml,Texas,Seal Failure,Email,2026-01-31T17:10:00,0.66,False,
55b2dc90-e2f1-41ae-8eb0-4cb36e147ee5,Resealable Bag v2 - New Lid leaking in transit to California,Granola Bar,Resealable Bag v2 - New Lid,California,Leaking,Twitter,2026-01-31T17:11:00,0.68,False,
cc9e69f3-8617-49ca-bf49-2cb3f7c43f4f,Cookies Pack tastes stale from Northeast,Cookies Pack,Resealable Bag v2 - New Lid,Northeast,Stale Taste,Call Center,2026-01-31T17:16:00,0.81,False,
446e74cb-5722-4250-952c-b0f30bf437a3,Stale Granola Bar in Resealable Bag v2 - New Lid,Granola Bar,Resealable Bag v2 - New Lid,Pacific Northwest,Stale Taste,Email,2026-01-31T17:19:00,0.95,False,
66bdd68c-8ab2-4951-b872-3d318261af6f,Box 200g leaking in transit to Pacific Northwest,Crunchy Chips,Box 200g,Pacific Northwest,Leaking,Twitter,2026-01-31T17:23:00,0.65,False,
ead55df9-c20b-4cbd-a57c-65ec683b6020,Resealable Bag v2 - New Lid arrived torn,Soda Pop,Resealable Bag v2 - New Lid,Midwest,Damaged Pack,Twitter,2026-01-31T17:30:00,0.93,False,
33508bc8-3d10-4b9b-b8f1-325e9a68c828,New lid on Can 330ml doesn't seal properly,Granola Bar,Can 330ml,Midwest,Seal Failure,Twitter,2026-01-31T17:30:00,0.75,False,
699e8aba-db5a-4ea6-90ec-5a3b39b71d7f,Resealable Box 200g failed to close - Midwest,Granola Bar,Box 200g,Midwest,Seal Failure,Amazon Review,2026-01-31T17:54:00,0.85,False,
f0c185d5-99a2-40ec-9d8a-8c308b4792ca,Crunchy Chips tastes stale from Midwest,Crunchy Chips,Resealable Bag v1,Midwest,Stale Taste,Call Center,2026-01-31T18:02:00,0.75,False,
77df5b57-20fd-42f8-b377-edf470485e46,Can 330ml leaking in transit to California,Crunchy Chips,Can 330ml,California,Leaking,Amazon Review,2026-01-31T18:02:00,0.77,False,
40e678d5-2104-4842-861e-178a4b3f85f4,Box 200g half empty - Soda Pop,Soda Pop,Box 200g,Midwest,Low Fill,Call Center,2026-01-31T18:13:00,0.74,False,
0da67bd3-095f-43f8-afcf-504a609bc8e2,Box 200g half empty - Cookies Pack,Cookies Pack,Box 200g,Texas,Low Fill,Amazon Review,2026-01-31T18:23:00,0.82,False,
8538ef4a-b223-4e3b-976d-bb72defab772,Can 330ml leaking in transit to California,Soda Pop,Can 330ml,California,Leaking,Twitter,2026-01-31T18:30:00,0.83,False,
6021093a-d432-42f9-ba6e-3f2f632e38d6,Opened Granola Bar and it was stale,Granola Bar,Can 330ml,Pacific Northwest,Stale Taste,Email,2026-01-31T18:33:00,0.85,False,
97484a0f-af0a-4221-a318-90a1400816d0,Box 200g half empty - Granola Bar,Granola Bar,Box 200g,Northeast,Low Fill,Call Center,2026-01-31T18:34:00,0.88,False,
2676586e-9882-4c62-a242-00c8b98bbaa2,Resealable Box 200g failed to close - California,Granola Bar,Box 200g,California,Seal Failure,Email,2026-01-31T18:35:00,0.85,False,
b300031a-2d2e-4491-a57d-63881b4850dd,Ordered Soda Pop got wrong flavor,Soda Pop,Resealable Bag v1,Pacific Northwest,Wrong Flavor,Email,2026-01-31T18:38:00,0.89,False,
9012a9a0-3b82-488a-bda7-19cbcd067477,Can 330ml arrived torn,Granola Bar,Can 330ml,Northeast,Damaged Pack,Twitter,2026-01-31T18:39:00,0.81,False,
6b5308b2-f5fb-47f8-8963-a57f496c1d25,Stale Crunchy Chips in Can 330ml,Crunchy Chips,Can 330ml,California,Stale Taste,Email,2026-01-31T18:42:00,0.63,False,
25cb6881-a21f-40dc-870c-90506e6bd150,Resealable Bag v1 arrived torn,Crunchy Chips,Resealable Bag v1,Midwest,Damaged Pack,Call Center,2026-01-31T18:43:00,0.83,False,
08e652ad-03c0-4122-9081-fe517b201874,Box 200g arrived torn,Crunchy Chips,Box 200g,California,Damaged Pack,Email,2026-01-31T18:44:00,0.93,False,
0e179f00-9344-484d-8e61-e88f11fceb9e,Resealable Resealable Bag v1 failed to close - Pacific Northwest,Granola Bar,Resealable Bag v1,Pacific Northwest,Seal Failure,Twitter,2026-01-31T18:50:00,0.94,False,
f497ea86-fe47-44c0-8572-c004e3c200ee,Resealable Bag v1 arrived torn,Granola Bar,Resealable Bag v1,Midwest,Damaged Pack,Amazon Review,2026-01-31T18:56:00,0.93,False,
d19c6c23-1347-4163-9920-d463b33370f6,Ordered Crunchy Chips got wrong flavor,Crunchy Chips,Resealable Bag v2 - New Lid,Midwest,Wrong Flavor,Twitter,2026-01-31T18:59:00,0.71,False,
9023fe87-05c6-4c34-851d-32f4cf9c2efc,Box crushed in shipping to California,Soda Pop,Box 200g,California,Damaged Pack,Amazon Review,2026-01-31T19:04:00,0.73,False,
3458adf1-1b1f-4649-99ad-3a3b9dbf9462,Resealable Bag v1 leaking in transit to Pacific Northwest,Granola Bar,Resealable Bag v1,Pacific Northwest,Leaking,Amazon Review,2026-01-31T19:10:00,0.61,False,
e6a36264-8561-46d5-848f-75d7a57fd5f6,Resealable Bag v1 arrived torn,Soda Pop,Resealable Bag v1,Pacific Northwest,Damaged Pack,Call Center,2026-01-31T19:19:00,0.71,False,
328cbd15-b930-4649-bf3b-93d76744bd80,Resealable Bag v1 arrived torn,Cookies Pack,Resealable Bag v1,California,Damaged Pack,Amazon Review,2026-01-31T19:40:00,0.93,False,
27e43beb-07f4-4157-aa1e-54ebbcb3d80f,Can 330ml half empty - Granola Bar,Granola Bar,Can 330ml,Northeast,Low Fill,Call Center,2026-01-31T19:45:00,0.72,False,
1f456aec-c13c-497f-b924-9f92d86658ae,Resealable Box 200g failed to close - California,Granola Bar,Box 200g,California,Seal Failure,Amazon Review,2026-01-31T20:11:00,0.72,False,
f3c6393a-03ea-4e73-80ad-c3ab5ef793c5,Can 330ml leaking in transit to Pacific Northwest,Soda Pop,Can 330ml,Pacific Northwest,Leaking,Twitter,2026-01-31T20:52:00,0.93,False,
50bc681d-a751-4853-b3c7-bfe487c25c73,Resealable Bag v2 - New Lid leaking in transit to Pacific Northwest,Crunchy Chips,Resealable Bag v2 - New Lid,Pacific Northwest,Leaking,Twitter,2026-01-31T20:58:00,0.76,False,
5c44d42f-9c6e-4c54-8b9c-d8d4139621b5,Ordered Crunchy Chips got wrong flavor,Crunchy Chips,Resealable Bag v2 - New Lid,Texas,Wrong Flavor,Call Center,2026-01-31T21:03:00,0.9,False,
55de22d4-ebf3-43ef-ab5f-1fe1896cec8c,Cookies Pack tastes stale from Texas,Cookies Pack,Resealable Bag v1,Texas,Stale Taste,Twitter,2026-01-31T21:08:00,0.91,False,
6f771830-b9c7-402c-98f9-c1f2889131fb,Ordered Cookies Pack got wrong flavor,Cookies Pack,Can 330ml,Pacific Northwest,Wrong Flavor,Call Center,2026-01-31T21:12:00,0.84,False,
ebe89558-dfcf-4ece-a9d0-d064bb7b753d,Resealable Bag v2 - New Lid leaking in transit to Midwest,Crunchy Chips,Resealable Bag v2 - New Lid,Midwest,Leaking,Twitter,2026-01-31T21:19:00,0.79,False,
864983ab-9a44-4ef3-ab11-e30673199145,Resealable Bag v1 arrived torn,Granola Bar,Resealable Bag v1,California,Damaged Pack,Twitter,2026-01-31T21:43:00,0.74,False,
4950740b-b4a8-429a-beda-22071de7fb48,Ordered Soda Pop got wrong flavor,Soda Pop,Box 200g,Pacific Northwest,Wrong Flavor,Twitter,2026-01-31T22:08:00,0.83,False,
e52aa8b7-ef15-4075-99be-ba333c814c6d,Box crushed in shipping to Northeast,Cookies Pack,Resealable Bag v2 - New Lid,Northeast,Damaged Pack,Twitter,2026-01-31T22:11:00,0.82,False,
173d0305-f8a5-4c94-960d-c1ca7c5f1090,Box crushed in shipping to Pacific Northwest,Cookies Pack,Resealable Bag v2 - New Lid,Pacific Northwest,Damaged Pack,Amazon Review,2026-01-31T22:30:00,0.73,False,
9dc96a3c-f97c-4ffc-b774-c5e39b606251,Crunchy Chips tastes stale from Midwest,Crunchy Chips,Can 330ml,Midwest,Stale Taste,Amazon Review,2026-01-31T22:32:00,0.78,False,
9c0def53-4919-478a-b517-b384a5597692,"The Box 200g won't close, goes stale in Northeast",Crunchy Chips,Box 200g,Northeast,Seal Failure,Call Center,2026-01-31T22:33:00,0.64,False,
9efb1f06-2ddc-40e1-a09e-33faf31e1e5a,Ordered Cookies Pack got wrong flavor,Cookies Pack,Resealable Bag v2 - New Lid,Pacific Northwest,Wrong Flavor,Amazon Review,2026-01-31T23:04:00,0.93,False,
42574798-6ecc-411e-9f6e-8b0cb90e6b05,Can 330ml leaking in transit to Northeast,Soda Pop,Can 330ml,Northeast,Leaking,Email,2026-01-31T23:06:00,0.62,False,
fd848c75-2b6b-4699-8cf2-05fbc5e9426d,Opened Crunchy Chips and it was stale,Crunchy Chips,Resealable Bag v1,Texas,Stale Taste,Amazon Review,2026-01-31T23:17:00,0.89,False,
23cdac97-3998-4912-9dca-f02d1cd661fb,Ordered Crunchy Chips got wrong flavor,Crunchy Chips,Can 330ml,Pacific Northwest,Wrong Flavor,Email,2026-01-31T23:22:00,0.68,False,
5b248b6d-dd9d-4dc0-95db-8c60f56922ef,Ordered Granola Bar got wrong flavor,Granola Bar,Resealable Bag v2 - New Lid,Pacific Northwest,Wrong Flavor,Twitter,2026-01-31T23:25:00,0.86,False,
b30d2e56-f13a-4b76-aa09-36e577a63989,Can 330ml leaking in transit to California,Cookies Pack,Can 330ml,California,Leaking,Twitter,2026-01-31T23:30:00,0.7,False,
6e57fe67-915a-4e20-b173-81db0f5b0c50,New lid on Resealable Bag v1 doesn't seal properly,Soda Pop,Resealable Bag v1,Midwest,Seal Failure,Amazon Review,2026-01-31T23:30:00,0.91,False,
fe5d8e62-68cc-497d-a0ce-e99752ded1a6,Box crushed in shipping to Pacific Northwest,Crunchy Chips,Box 200g,Pacific Northwest,Damaged Pack,Call Center,2026-01-31T23:34:00,0.88,False,
dbc5d6c2-a457-4993-86f8-cd7abc34d69d,Box 200g half empty - Granola Bar,Granola Bar,Box 200g,Pacific Northwest,Low Fill,Email,2026-01-31T23:47:00,0.73,False,
830875a5-0be1-4886-8e27-3fb83dd36893,Can 330ml half empty - Soda Pop,Soda Pop,Can 330ml,Pacific Northwest,Low Fill,Call Center,2026-02-01T00:09:00,0.93,False,
66f2d532-1458-4608-87ee-e47d0008d74f,Resealable Box 200g failed to close - Northeast,Cookies Pack,Box 200g,Northeast,Seal Failure,Twitter,2026-02-01T00:17:00,0.88,False,
dd1c75f3-fada-4e7e-be7c-872b7041954d,"The Can 330ml won't close, goes stale in Midwest",Soda Pop,Can 330ml,Midwest,Seal Failure,Email,2026-02-01T00:20:00,0.76,False,
16627ff5-1481-4eb4-b620-a9ea35a6e954,Ordered Soda Pop got wrong flavor,Soda Pop,Resealable Bag v2 - New Lid,Pacific Northwest,Wrong Flavor,Call Center,2026-02-01T00:22:00,0.65,False,
7ebcc6c4-c243-44e6-a6f5-5fd460bf5daa,Box 200g leaking in transit to Northeast,Cookies Pack,Box 200g,Northeast,Leaking,Email,2026-02-01T00:30:00,0.69,False,
83048f97-9a77-4b9f-ab59-5609a01c4836,Can 330ml half empty - Cookies Pack,Cookies Pack,Can 330ml,California,Low Fill,Twitter,2026-02-01T00:39:00,0.83,False,
f008d473-0f1b-43ac-b563-a1d9e35e8568,Resealable Bag v2 - New Lid half empty - Granola Bar,Granola Bar,Resealable Bag v2 - New Lid,Texas,Low Fill,Call Center,2026-02-01T00:40:00,0.93,False,
8b08b44e-c911-4560-836a-9780d2f34193,Box 200g leaking in transit to Northeast,Cookies Pack,Box 200g,Northeast,Leaking,Amazon Review,2026-02-01T00:52:00,0.83,False,
ab3a6deb-1bfb-41b6-94e4-1ea398fe1664,Ordered Granola Bar got wrong flavor,Granola Bar,Resealable Bag v1,Midwest,Wrong Flavor,Call Center,2026-02-01T00:57:00,0.6,False,
7c997b5c-29df-4323-b24e-dbe51d61b37a,Crunchy Chips tastes stale from Northeast,Crunchy Chips,Resealable Bag v2 - New Lid,Northeast,Stale Taste,Call Center,2026-02-01T00:59:00,0.9,False,
f82e8593-24e3-4fe2-932d-8476a328c677,New lid on Can 330ml doesn't seal properly,Cookies Pack,Can 330ml,Northeast,Seal Failure,Call Center,2026-02-01T01:06:00,0.84,False,
d9275226-d57e-4530-9ebc-8050f279cd85,Cookies Pack tastes stale from Northeast,Cookies Pack,Resealable Bag v2 - New Lid,Northeast,Stale Taste,Email,2026-02-01T01:12:00,0.66,False,
ff04308b-986f-4666-9423-c840e613ee62,Cookies Pack tastes stale from Midwest,Cookies Pack,Can 330ml,Midwest,Stale Taste,Call Center,2026-02-01T01:18:00,0.79,False,
a11c1ef3-8b6f-49a6-bab7-8fbd27935eab,Resealable Bag v2 - New Lid leaking in transit to Texas,Granola Bar,Resealable Bag v2 - New Lid,Texas,Leaking,Amazon Review,2026-02-01T01:35:00,0.85,False,
4793d5ae-16ea-450e-97ae-7a21b9bff62c,"The Can 330ml won't close, goes stale in Northeast",Cookies Pack,Can 330ml,Northeast,Seal Failure,Call Center,2026-02-01T01:46:00,0.74,False,
8d7a1f6b-92b7-4da4-a1f0-9d98c4fa7646,Resealable Bag v1 leaking in transit to Northeast,Crunchy Chips,Resealable Bag v1,Northeast,Leaking,Call Center,2026-02-01T01:47:00,0.87,False,
f565fe9f-7994-41bb-80ab-c19cf5221f7e,Box crushed in shipping to California,Soda Pop,Resealable Bag v2 - New Lid,California,Damaged Pack,Amazon Review,2026-02-01T01:47:00,0.73,False,
ad3fda6f-5fe5-4e65-918a-bfa71cb87d7c,Box 200g arrived torn,Crunchy Chips,Box 200g,California,Damaged Pack,Twitter,2026-02-01T01:49:00,0.91,False,
412980ba-e64a-4d7f-b32d-c6487cdae1a2,Can 330ml half empty - Cookies Pack,Cookies Pack,Can 330ml,Texas,Low Fill,Amazon Review,2026-02-01T02:06:00,0.87,False,
c212c16f-2af5-4e13-b32d-9977c6f3539d,Stale Soda Pop in Can 330ml,Soda Pop,Can 330ml,California,Stale Taste,Amazon Review,2026-02-01T02:06:00,0.79,False,
cb7c66fe-2ecc-4fc8-8c82-db72b7909490,Resealable Bag v1 arrived torn,Granola Bar,Resealable Bag v1,Midwest,Damaged Pack,Amazon Review,2026-02-01T02:08:00,0.9,False,
8d1d7a43-9d2a-423f-a2c4-305a811142b9,Box 200g half empty - Granola Bar,Granola Bar,Box 200g,Texas,Low Fill,Amazon Review,2026-02-01T02:16:00,0.76,False,
877b32b2-731b-4e65-83c9-c7c8220f85e6,Box 200g arrived torn,Granola Bar,Box 200g,California,Damaged Pack,Amazon Review,2026-02-01T02:18:00,0.92,False,
b94a0414-3883-4134-a250-ec4210f9926b,Resealable Bag v2 - New Lid leaking in transit to Texas,Crunchy Chips,Resealable Bag v2 - New Lid,Texas,Leaking,Amazon Review,2026-02-01T02:19:00,0.86,False,
5b045823-2810-4881-a240-b829ce5adfad,Ordered Cookies Pack got wrong flavor,Cookies Pack,Box 200g,Northeast,Wrong Flavor,Email,2026-02-01T02:43:00,0.78,False,
0693560e-e4b7-4c33-88ae-ec4b4332a99a,Resealable Bag v2 - New Lid leaking in transit to Northeast,Granola Bar,Resealable Bag v2 - New Lid,Northeast,Leaking,Twitter,2026-02-01T02:48:00,0.87,False,
80634783-9b96-45b6-b782-7ee12074761b,New lid on Resealable Bag v1 doesn't seal properly,Soda Pop,Resealable Bag v1,Midwest,Seal Failure,Amazon Review,2026-02-01T02:51:00,0.82,False,
5a37a0c2-aa47-48dd-a379-38a4a2ad4d3e,Ordered Granola Bar got wrong flavor,Granola Bar,Can 330ml,Texas,Wrong Flavor,Call Center,2026-02-01T02:52:00,0.89,False,
6269b0da-9ee0-4e2f-8fa0-c61fd4bc597e,Box 200g leaking in transit to Northeast,Cookies Pack,Box 200g,Northeast,Leaking,Email,2026-02-01T03:02:00,0.63,False,
01c7ceb1-114c-49f5-934d-9bc0855f800c,Cookies Pack tastes stale from California,Cookies Pack,Resealable Bag v1,California,Stale Taste,Amazon Review,2026-02-01T03:05:00,0.94,False,
c6331580-3e83-43f3-bc7b-edae6d870bc0,Ordered Granola Bar got wrong flavor,Granola Bar,Box 200g,Northeast,Wrong Flavor,Call Center,2026-02-01T03:19:00,0.64,False,
2ef5ac0e-5bc2-47ba-a9cb-b456a138e69f,Opened Cookies Pack and it was stale,Cookies Pack,Resealable Bag v1,California,Stale Taste,Twitter,2026-02-01T03:32:00,0.83,False,
2f9ea6bd-9203-4114-b844-c2d07fcbe2df,Box crushed in shipping to Midwest,Cookies Pack,Can 330ml,Midwest,Damaged Pack,Twitter,2026-02-01T03:37:00,0.85,False,
42fe3a29-a8d1-49e6-8ca9-288742c8a260,Resealable Bag v1 leaking in transit to Northeast,Cookies Pack,Resealable Bag v1,Northeast,Leaking,Call Center,2026-02-01T03:37:00,0.77,False,
1ae16f05-3332-49eb-a765-78dc03ca11ac,Opened Crunchy Chips and it was stale,Crunchy Chips,Box 200g,Pacific Northwest,Stale Taste,Email,2026-02-01T03:41:00,0.62,False,
606e3852-86a2-4730-9066-2f2ba9702fef,Can 330ml arrived torn,Granola Bar,Can 330ml,Midwest,Damaged Pack,Email,2026-02-01T03:48:00,0.89,False,
0ccf74c4-df56-4dc3-8f93-9f54bda5c8cc,Box 200g arrived torn,Granola Bar,Box 200g,California,Damaged Pack,Call Center,2026-02-01T03:50:00,0.65,False,
2464ccab-469d-44a2-86cf-b1674f9a0838,Opened Soda Pop and it was stale,Soda Pop,Resealable Bag v2 - New Lid,Northeast,Stale Taste,Amazon Review,2026-02-01T03:51:00,0.92,False,
8bcb4c63-721c-43fe-9c81-137096b23c8a,Resealable Resealable Bag v1 failed to close - Pacific Northwest,Granola Bar,Resealable Bag v1,Pacific Northwest,Seal Failure,Email,2026-02-01T04:10:00,0.62,False,
c790ec7c-58b0-4fe7-9adf-fb0460af89cd,Box 200g half empty - Soda Pop,Soda Pop,Box 200g,Northeast,Low Fill,Call Center,2026-02-01T04:12:00,0.89,False,
b405fa7c-b376-4988-bd8b-96070b7cb0ca,Can 330ml half empty - Granola Bar,Granola Bar,Can 330ml,Midwest,Low Fill,Call Center,2026-02-01T04:20:00,0.61,False,
668a6acb-f01c-47dc-b373-5edc5904df9c,Resealable Can 330ml failed to close - Northeast,Granola Bar,Can 330ml,Northeast,Seal Failure,Call Center,2026-02-01T04:26:00,0.62,False,
22d8de81-4ad9-4fe8-8ee7-d8d1cb359520,Ordered Soda Pop got wrong flavor,Soda Pop,Box 200g,Midwest,Wrong Flavor,Amazon Review,2026-02-01T04:29:00,0.76,False,
d81fa23e-a700-4085-bf36-f3a23c8779d5,Box 200g half empty - Cookies Pack,Cookies Pack,Box 200g,Pacific Northwest,Low Fill,Twitter,2026-02-01T04:32:00,0.84,False,
8511bc58-0866-4ad9-9ec2-7cc598c0b598,New lid on Resealable Bag v1 doesn't seal properly,Soda Pop,Resealable Bag v1,California,Seal Failure,Amazon Review,2026-02-01T04:32:00,0.79,False,
90b775d4-b815-4ab2-b5ef-ca2199044c5a,Ordered Soda Pop got wrong flavor,Soda Pop,Box 200g,Pacific Northwest,Wrong Flavor,Email,2026-02-01T04:48:00,0.94,False,
d040389a-93b0-47ae-be5c-59a00c9e2489,Resealable Bag v2 - New Lid half empty - Crunchy Chips,Crunchy Chips,Resealable Bag v2 - New Lid,Northeast,Low Fill,Email,2026-02-01T04:52:00,0.63,False,
a667ac55-3947-48f4-8e58-735ffa393108,Box 200g half empty - Crunchy Chips,Crunchy Chips,Box 200g,Midwest,Low Fill,Amazon Review,2026-02-01T04:55:00,0.68,False,
c1cd0ce0-df84-4cd4-a670-90508a461a95,Box crushed in shipping to Pacific Northwest,Cookies Pack,Resealable Bag v1,Pacific Northwest,Damaged Pack,Amazon Review,2026-02-01T04:58:00,0.74,False,
c4be2d51-a77f-48f5-9045-34d39afed026,Can 330ml arrived torn,Soda Pop,Can 330ml,Northeast,Damaged Pack,Twitter,2026-02-01T05:00:00,0.89,False,
ed55c600-70d8-4ec0-ba96-9ed1cae1d542,Box 200g leaking in transit to California,Granola Bar,Box 200g,California,Leaking,Amazon Review,2026-02-01T05:18:00,0.65,False,
2715e644-befb-4e34-9f83-760ed95ac39e,Crunchy Chips tastes stale from Texas,Crunchy Chips,Resealable Bag v1,Texas,Stale Taste,Amazon Review,2026-02-01T05:26:00,0.61,False,
a346df0e-52e2-4978-b3bc-63e8b2ef62a8,Box crushed in shipping to California,Granola Bar,Box 200g,California,Damaged Pack,Amazon Review,2026-02-01T05:27:00,0.63,False,
83cb9c01-cde7-400a-a7c0-f70d3af5e143,New lid on Resealable Bag v1 doesn't seal properly,Granola Bar,Resealable Bag v1,California,Seal Failure,Twitter,2026-02-01T06:05:00,0.91,False,
1aa73db2-31a8-453a-9c0d-1afbff6f32e8,Opened Cookies Pack and it was stale,Cookies Pack,Resealable Bag v2 - New Lid,California,Stale Taste,Twitter,2026-02-01T06:18:00,0.61,False,
962f29e0-25e7-494f-b30c-d2b585053f68,New lid on Can 330ml doesn't seal properly,Granola Bar,Can 330ml,Northeast,Seal Failure,Call Center,2026-02-01T06:21:00,0.69,False,
8c5ec1b3-612f-4a92-a484-7f6b7932c5ef,Box 200g leaking in transit to Northeast,Cookies Pack,Box 200g,Northeast,Leaking,Amazon Review,2026-02-01T07:02:00,0.68,False,
c159070e-ad05-4d39-9155-19d9ab2357aa,Ordered Granola Bar got wrong flavor,Granola Bar,Can 330ml,California,Wrong Flavor,Twitter,2026-02-01T07:55:00,0.94,False,
80e68439-4ea5-41c9-b3ff-462a8b8c2bea,Box 200g half empty - Crunchy Chips,Crunchy Chips,Box 200g,Texas,Low Fill,Amazon Review,2026-02-01T07:57:00,0.77,False,
fc66bce4-bda2-4276-8513-e58b0df36642,Box crushed in shipping to Midwest,Soda Pop,Resealable Bag v1,Midwest,Damaged Pack,Call Center,2026-02-01T08:01:00,0.94,False,
c9aca401-68d0-4cbf-a5a8-42bf730c97e4,Box 200g half empty - Granola Bar,Granola Bar,Box 200g,Midwest,Low Fill,Email,2026-02-01T08:12:00,0.76,False,
cbf251f4-dd88-4b06-a4b0-c006f683cd9d,Resealable Bag v2 - New Lid half empty - Cookies Pack,Cookies Pack,Resealable Bag v2 - New Lid,California,Low Fill,Email,2026-02-01T08:34:00,0.7,False,
42ee7542-4308-4148-8fa4-b046761a0d79,New lid on Can 330ml doesn't seal properly,Soda Pop,Can 330ml,Pacific Northwest,Seal Failure,Email,2026-02-01T08:40:00,0.71,False,
3acd02f6-d9d1-4a7d-966b-8e80a3ed79e2,Granola Bar tastes stale from Texas,Granola Bar,Box 200g,Texas,Stale Taste,Call Center,2026-02-01T08:54:00,0.85,False,
30cb68d1-6bc8-4e2f-9c48-2259a2406312,Opened Granola Bar and it was stale,Granola Bar,Can 330ml,Northeast,Stale Taste,Call Center,2026-02-01T08:55:00,0.83,False,
406b0a30-17f7-4d4c-93a3-ea8cb9bfd49f,Opened Crunchy Chips and it was stale,Crunchy Chips,Resealable Bag v2 - New Lid,California,Stale Taste,Amazon Review,2026-02-01T08:58:00,0.61,False,
1390d90e-3388-4b62-944a-a1c7f5aa75be,Box 200g leaking in transit to California,Cookies Pack,Box 200g,California,Leaking,Twitter,2026-02-01T09:07:00,0.64,False,
df207471-4d8e-43a3-ac21-53a8ce4d18f0,Can 330ml leaking in transit to California,Cookies Pack,Can 330ml,California,Leaking,Email,2026-02-01T09:19:00,0.61,False,
e680a682-7c0d-4f5e-9f22-49815d977b87,Box 200g half empty - Crunchy Chips,Crunchy Chips,Box 200g,Northeast,Low Fill,Amazon Review,2026-02-01T09:24:00,0.65,False,
f51e80c1-fd78-4c42-8592-2f0e42943dae,Stale Soda Pop in Resealable Bag v1,Soda Pop,Resealable Bag v1,Northeast,Stale Taste,Amazon Review,2026-02-01T09:24:00,0.82,False,
1d53b1e6-c1b3-4c34-866c-bb1e761f86e7,Box 200g leaking in transit to Midwest,Granola Bar,Box 200g,Midwest,Leaking,Call Center,2026-02-01T09:39:00,0.95,False,
3e5c4b2a-2ae0-4139-a690-6c3951fa2cf3,Ordered Granola Bar got wrong flavor,Granola Bar,Box 200g,California,Wrong Flavor,Call Center,2026-02-01T09:40:00,0.72,False,
b3a8c5c4-5da3-4e10-a63a-36dcc1fe55ac,Can 330ml half empty - Soda Pop,Soda Pop,Can 330ml,Midwest,Low Fill,Amazon Review,2026-02-01T09:43:00,0.69,False,
a220c290-d88b-44b1-9acc-4d860c954459,Resealable Bag v1 leaking in transit to Midwest,Granola Bar,Resealable Bag v1,Midwest,Leaking,Amazon Review,2026-02-01T10:06:00,0.8,False,
61a29972-9450-44f8-9534-7d0ec1f5258d,Resealable Bag v1 half empty - Crunchy Chips,Crunchy Chips,Resealable Bag v1,Pacific Northwest,Low Fill,Call Center,2026-02-01T10:34:00,0.84,False,
ae18d91e-e1b0-452f-84b1-0e9931320d93,Opened Crunchy Chips and it was stale,Crunchy Chips,Can 330ml,California,Stale Taste,Email,2026-02-01T10:49:00,0.83,False,
914c58db-6b3c-45b8-ae5a-41010de00974,Box crushed in shipping to Texas,Granola Bar,Can 330ml,Texas,Damaged Pack,Twitter,2026-02-01T10:49:00,0.84,False,
596e0b40-2bcf-43c1-9d1f-4b3c93c84fed,Box 200g arrived torn,Soda Pop,Box 200g,Midwest,Damaged Pack,Call Center,2026-02-01T10:56:00,0.95,False,
8d6ec4e2-7c76-42bf-a872-91386c33b0e1,Ordered Crunchy Chips got wrong flavor,Crunchy Chips,Resealable Bag v1,California,Wrong Flavor,Email,2026-02-01T11:01:00,0.85,False,
aa29000d-79e5-4641-bba3-502c7b0c036b,Can 330ml leaking in transit to California,Cookies Pack,Can 330ml,California,Leaking,Call Center,2026-02-01T11:16:00,0.78,False,
94e691db-6b80-45a1-a05b-18c3756b715d,Ordered Cookies Pack got wrong flavor,Cookies Pack,Resealable Bag v2 - New Lid,California,Wrong Flavor,Amazon Review,2026-02-01T11:57:00,0.93,False,
d019d3c6-2d5c-46cf-a764-7bfb10029c14,Box 200g leaking in transit to Pacific Northwest,Granola Bar,Box 200g,Pacific Northwest,Leaking,Email,2026-02-01T12:01:00,0.94,False,
8592acf5-26d6-430c-b6f6-588200135514,"The Resealable Bag v1 won't close, goes stale in California",Cookies Pack,Resealable Bag v1,California,Seal Failure,Amazon Review,2026-02-01T12:07:00,0.69,False,
982955a9-f378-49ee-9c4e-644c43c7a73d,Ordered Cookies Pack got wrong flavor,Cookies Pack,Resealable Bag v2 - New Lid,Pacific Northwest,Wrong Flavor,Call Center,2026-02-01T12:08:00,0.83,False,
5a436b3c-0fb4-446d-98fa-a8eb50185092,Resealable Box 200g failed to close - Midwest,Soda Pop,Box 200g,Midwest,Seal Failure,Call Center,2026-02-01T12:14:00,0.76,False,
47f08ca7-5c55-46f9-88bd-2937f784bb16,"The Can 330ml won't close, goes stale in Pacific Northwest",Soda Pop,Can 330ml,Pacific Northwest,Seal Failure,Amazon Review,2026-02-01T12:19:00,0.94,False,
bc1c48a1-e534-4391-9728-deb24bd5756c,New lid on Resealable Bag v1 doesn't seal properly,Cookies Pack,Resealable Bag v1,California,Seal Failure,Amazon Review,2026-02-01T12:32:00,0.92,False,
f2ace48e-9176-4db6-b11e-584ab3162462,Can 330ml leaking in transit to Pacific Northwest,Crunchy Chips,Can 330ml,Pacific Northwest,Leaking,Amazon Review,2026-02-01T12:43:00,0.91,False,
2b2fecd9-0fd2-4b71-a8ba-3231df390e01,Resealable Bag v2 - New Lid arrived torn,Cookies Pack,Resealable Bag v2 - New Lid,Midwest,Damaged Pack,Email,2026-02-01T12:45:00,0.64,False,
99388a92-0271-403e-bb39-ebca9181d074,Ordered Cookies Pack got wrong flavor,Cookies Pack,Resealable Bag v1,California,Wrong Flavor,Twitter,2026-02-01T12:55:00,0.74,False,
3728db9a-d8b5-46c7-8fe1-8c9f8d24bd16,Box crushed in shipping to Texas,Granola Bar,Resealable Bag v1,Texas,Damaged Pack,Amazon Review,2026-02-01T13:09:00,0.91,False,
4cf2f2d5-80ed-42b2-b4da-d7d6990a1564,Resealable Bag v2 - New Lid leaking in transit to Texas,Granola Bar,Resealable Bag v2 - New Lid,Texas,Leaking,Email,2026-02-01T13:15:00,0.81,False,
ea107021-eac6-4e16-9e65-ae93d994d1e2,Resealable Bag v2 - New Lid half empty - Soda Pop,Soda Pop,Resealable Bag v2 - New Lid,California,Low Fill,Call Center,2026-02-01T13:27:00,0.82,False,
4c802b31-5afa-4382-af1d-855cf7007597,Box 200g half empty - Crunchy Chips,Crunchy Chips,Box 200g,California,Low Fill,Email,2026-02-01T13:42:00,0.81,False,
d5080613-66aa-4334-8bf9-04669212c2cf,Box 200g leaking in transit to Midwest,Cookies Pack,Box 200g,Midwest,Leaking,Amazon Review,2026-02-01T14:11:00,0.82,False,
4090da9b-c99f-4e6e-a239-671e62467920,Box 200g leaking in transit to Midwest,Crunchy Chips,Box 200g,Midwest,Leaking,Email,2026-02-01T14:14:00,0.64,False,
9d47f7ad-5a1e-4528-b836-0845ad8427a2,Can 330ml half empty - Cookies Pack,Cookies Pack,Can 330ml,Pacific Northwest,Low Fill,Twitter,2026-02-01T14:17:00,0.83,False,
c5142be7-e31b-4611-b031-26aa77200950,Box 200g leaking in transit to Pacific Northwest,Crunchy Chips,Box 200g,Pacific Northwest,Leaking,Twitter,2026-02-01T14:40:00,0.61,False,
bb856e8a-d2fb-49c8-8712-2764a963de8a,Box 200g half empty - Granola Bar,Granola Bar,Box 200g,California,Low Fill,Email,2026-02-01T14:58:00,0.77,False,
c3a90c72-b390-4e57-979e-8cac699c0534,"The Resealable Bag v2 - New Lid won't close, goes stale in Texas",Crunchy Chips,Resealable Bag v2 - New Lid,Texas,Seal Failure,Call Center,2026-02-01T14:59:00,0.88,False,
ed162369-1aac-4004-94e4-dcc55155954a,Resealable Bag v1 leaking in transit to Midwest,Granola Bar,Resealable Bag v1,Midwest,Leaking,Email,2026-02-01T15:03:00,0.65,False,
4bedaa51-f8c9-4d34-935e-665a110c2345,"The Box 200g won't close, goes stale in Texas",Cookies Pack,Box 200g,Texas,Seal Failure,Email,2026-02-01T15:06:00,0.83,False,
431a99a9-b641-4e4b-9905-7a0cf329800e,Box crushed in shipping to Midwest,Crunchy Chips,Box 200g,Midwest,Damaged Pack,Email,2026-02-01T15:06:00,0.92,False,
218e2896-78ea-43f0-9d70-cba459004da3,Box 200g arrived torn,Crunchy Chips,Box 200g,Northeast,Damaged Pack,Twitter,2026-02-01T15:07:00,0.65,False,
8132ae98-e2f5-4a2a-9b3e-3fb44b0829e9,Box crushed in shipping to Midwest,Cookies Pack,Can 330ml,Midwest,Damaged Pack,Email,2026-02-01T15:10:00,0.9,False,
0a8cae27-71e6-4f84-955d-bb277cb77d2f,Resealable Can 330ml failed to close - Texas,Crunchy Chips,Can 330ml,Texas,Seal Failure,Twitter,2026-02-01T15:13:00,0.64,False,
68ea32c6-af8d-46c9-9a2b-7662314bf166,Can 330ml leaking in transit to California,Granola Bar,Can 330ml,California,Leaking,Email,2026-02-01T15:14:00,0.7,False,
3d4cf001-50ba-4c45-a036-96d18fd06b58,Ordered Crunchy Chips got wrong flavor,Crunchy Chips,Resealable Bag v2 - New Lid,Midwest,Wrong Flavor,Amazon Review,2026-02-01T15:21:00,0.74,False,
cedb1e1a-d8ee-402d-9310-3c6fcd96bf6b,New lid on Can 330ml doesn't seal properly,Crunchy Chips,Can 330ml,Midwest,Seal Failure,Call Center,2026-02-01T15:24:00,0.85,False,
e77f72ca-ed97-4301-a76a-6987c41af108,Resealable Bag v2 - New Lid leaking in transit to Northeast,Granola Bar,Resealable Bag v2 - New Lid,Northeast,Leaking,Email,2026-02-01T15:37:00,0.9,False,
818f5b24-86fb-410f-96f9-fe19be31ef91,Resealable Bag v2 - New Lid half empty - Cookies Pack,Cookies Pack,Resealable Bag v2 - New Lid,Texas,Low Fill,Amazon Review,2026-02-01T15:54:00,0.75,False,
e2f4b06d-d974-41c2-80bf-1a7610f8bef1,Resealable Bag v2 - New Lid arrived torn,Crunchy Chips,Resealable Bag v2 - New Lid,Midwest,Damaged Pack,Amazon Review,2026-02-01T16:03:00,0.78,False,
c25eae2e-de02-47e2-802f-9fb940ae36d1,Opened Soda Pop and it was stale,Soda Pop,Can 330ml,Midwest,Stale Taste,Amazon Review,2026-02-01T16:06:00,0.81,False,
e90803b1-39ee-4ee9-b0b0-d3b4f6338711,Ordered Cookies Pack got wrong flavor,Cookies Pack,Resealable Bag v1,Pacific Northwest,Wrong Flavor,Amazon Review,2026-02-01T16:11:00,0.85,False,
b3fb5fcd-ef73-4fd4-bfea-adf9174bc776,Opened Crunchy Chips and it was stale,Crunchy Chips,Box 200g,Midwest,Stale Taste,Twitter,2026-02-01T16:13:00,0.84,False,
463963ae-d4e6-4f52-845b-0fc36c4c8c47,Can 330ml arrived torn,Granola Bar,Can 330ml,Pacific Northwest,Damaged Pack,Twitter,2026-02-01T16:24:00,0.69,False,
a5884be4-e9aa-4a4a-bcc9-4667def2d49f,Resealable Bag v2 - New Lid half empty - Soda Pop,Soda Pop,Resealable Bag v2 - New Lid,Midwest,Low Fill,Call Center,2026-02-01T16:28:00,0.8,False,
7288a330-6dcd-48a4-af51-63da4bea3d40,Resealable Bag v1 half empty - Granola Bar,Granola Bar,Resealable Bag v1,Midwest,Low Fill,Call Center,2026-02-01T16:30:00,0.74,False,
7d44a6dc-94c5-4253-867f-de15d607c292,Opened Cookies Pack and it was stale,Cookies Pack,Resealable Bag v2 - New Lid,Northeast,Stale Taste,Email,2026-02-01T16:35:00,0.83,False,
b6017ea4-f9e4-4f13-8550-2101a1c916cd,Resealable Bag v1 arrived torn,Soda Pop,Resealable Bag v1,California,Damaged Pack,Twitter,2026-02-01T16:36:00,0.76,False,
1095ee64-0cfb-4ecb-bf04-6526c390c36f,Box crushed in shipping to Texas,Granola Bar,Box 200g,Texas,Damaged Pack,Call Center,2026-02-01T16:39:00,0.93,False,
46882a00-7e87-4605-8859-27edce6f3a9b,Box 200g half empty - Soda Pop,Soda Pop,Box 200g,Northeast,Low Fill,Call Center,2026-02-01T16:41:00,0.89,False,
4acb97a9-df81-45b2-a983-8c9033c2fe91,New lid on Box 200g doesn't seal properly,Soda Pop,Box 200g,Pacific Northwest,Seal Failure,Call Center,2026-02-01T16:47:00,0.86,False,
6ec15396-8867-4522-ab21-8130a165ba44,Opened Granola Bar and it was stale,Granola Bar,Resealable Bag v2 - New Lid,Texas,Stale Taste,Twitter,2026-02-01T16:48:00,0.69,False,
ec3a772e-00af-4d94-9352-abfabd86aa5a,Resealable Bag v2 - New Lid leaking in transit to Northeast,Cookies Pack,Resealable Bag v2 - New Lid,Northeast,Leaking,Twitter,2026-02-01T17:06:00,0.9,False,
433bf678-6709-4de2-aef8-ba07a762a614,Stale Cookies Pack in Can 330ml,Cookies Pack,Can 330ml,Midwest,Stale Taste,Twitter,2026-02-01T17:08:00,0.91,False,
92f23ae1-fa02-4c25-92aa-0ecea5fb7ea4,Resealable Bag v1 arrived torn,Cookies Pack,Resealable Bag v1,California,Damaged Pack,Call Center,2026-02-01T17:08:00,0.62,False,
b01d993a-8263-4d8b-9bf0-3d017b6ddd22,Box crushed in shipping to Pacific Northwest,Granola Bar,Resealable Bag v1,Pacific Northwest,Damaged Pack,Amazon Review,2026-02-01T17:08:00,0.71,False,
2866acf8-36d0-4705-8832-5c055c29dacf,Opened Crunchy Chips and it was stale,Crunchy Chips,Resealable Bag v2 - New Lid,Texas,Stale Taste,Amazon Review,2026-02-01T17:15:00,0.88,False,
10a14847-8419-490a-8e7d-9c54be8430cd,Box 200g leaking in transit to Pacific Northwest,Cookies Pack,Box 200g,Pacific Northwest,Leaking,Amazon Review,2026-02-01T17:26:00,0.93,False,
65b8d664-2d59-457a-9b7d-f8cf3d44b62c,"The Resealable Bag v1 won't close, goes stale in Texas",Cookies Pack,Resealable Bag v1,Texas,Seal Failure,Call Center,2026-02-01T17:30:00,0.73,False,
843a6be9-e2d9-4b28-8c4d-e2edf4e56c4c,Box 200g half empty - Cookies Pack,Cookies Pack,Box 200g,Midwest,Low Fill,Amazon Review,2026-02-01T17:45:00,0.77,False,
f3d11dbb-6e6e-471a-8065-935f3eed18bc,Resealable Can 330ml failed to close - Texas,Granola Bar,Can 330ml,Texas,Seal Failure,Call Center,2026-02-01T18:25:00,0.76,False,
96cd14ee-5ca8-40f8-a750-e2bcd6bf150c,Box 200g leaking in transit to Pacific Northwest,Granola Bar,Box 200g,Pacific Northwest,Leaking,Email,2026-02-01T18:35:00,0.74,False,
439d80ce-03fb-4688-8a57-388463b3be74,Resealable Resealable Bag v1 failed to close - California,Soda Pop,Resealable Bag v1,California,Seal Failure,Email,2026-02-01T18:38:00,0.87,False,
df2b697a-4c81-4b09-abcd-d9e5f24352a4,Resealable Bag v2 - New Lid half empty - Crunchy Chips,Crunchy Chips,Resealable Bag v2 - New Lid,Pacific Northwest,Low Fill,Amazon Review,2026-02-01T18:44:00,0.84,False,
9e7f1387-742b-4fe1-9d23-aa06fdc9ebc5,Box crushed in shipping to California,Soda Pop,Box 200g,California,Damaged Pack,Twitter,2026-02-01T18:53:00,0.88,False,
0a1606a4-e80e-4dfd-bfc8-9389b94a5030,Ordered Soda Pop got wrong flavor,Soda Pop,Box 200g,Pacific Northwest,Wrong Flavor,Call Center,2026-02-01T19:04:00,0.85,False,
4e379995-bd20-4140-bc74-bcd728c91e30,Can 330ml leaking in transit to California,Granola Bar,Can 330ml,California,Leaking,Twitter,2026-02-01T19:04:00,0.65,False,
33057e15-7c42-44cf-8dfb-1df00915c11a,Box 200g half empty - Soda Pop,Soda Pop,Box 200g,Pacific Northwest,Low Fill,Amazon Review,2026-02-01T19:11:00,0.92,False,
dbbbf534-50c7-47bc-a70f-b2b69337ab4c,Resealable Bag v2 - New Lid leaking in transit to Northeast,Granola Bar,Resealable Bag v2 - New Lid,Northeast,Leaking,Call Center,2026-02-01T19:29:00,0.64,False,
04dd6c9c-8a7d-417a-ac68-3078d7374dda,Box crushed in shipping to Pacific Northwest,Cookies Pack,Box 200g,Pacific Northwest,Damaged Pack,Email,2026-02-01T19:35:00,0.8,False,
1112e298-6144-41ba-af4d-b1e6a7da7e84,Resealable Bag v2 - New Lid half empty - Cookies Pack,Cookies Pack,Resealable Bag v2 - New Lid,Texas,Low Fill,Email,2026-02-01T19:44:00,0.65,False,
aaaaaed9-d65a-401e-8b75-85693f8b825a,Stale Granola Bar in Resealable Bag v1,Granola Bar,Resealable Bag v1,Midwest,Stale Taste,Amazon Review,2026-02-01T19:45:00,0.66,False,
14249d41-60c7-417d-b069-9e6713fae169,Resealable Bag v1 leaking in transit to Texas,Granola Bar,Resealable Bag v1,Texas,Leaking,Email,2026-02-01T19:53:00,0.83,False,
b1f11981-bc76-436c-a180-8b80bbb419e3,Soda Pop tastes stale from California,Soda Pop,Resealable Bag v1,California,Stale Taste,Call Center,2026-02-01T20:06:00,0.64,False,
e0f05a42-16d0-492d-ad95-cec7742f1bae,Ordered Crunchy Chips got wrong flavor,Crunchy Chips,Resealable Bag v2 - New Lid,Pacific Northwest,Wrong Flavor,Amazon Review,2026-02-01T20:09:00,0.84,False,
d0f35bd5-ab7c-4e12-88ad-cb3607c2d861,"The Box 200g won't close, goes stale in California",Cookies Pack,Box 200g,California,Seal Failure,Twitter,2026-02-01T20:20:00,0.92,False,
97b66b3e-843d-45e9-b5ab-9ae1b8310f99,Resealable Resealable Bag v1 failed to close - Midwest,Granola Bar,Resealable Bag v1,Midwest,Seal Failure,Twitter,2026-02-01T20:21:00,0.78,False,
4b65ec0b-1f02-4ee7-8c40-65d1ecbf54df,Box crushed in shipping to Midwest,Granola Bar,Resealable Bag v1,Midwest,Damaged Pack,Amazon Review,2026-02-01T20:25:00,0.86,False,
31565f15-ec7a-46d4-8922-402f7907eb03,Box 200g half empty - Soda Pop,Soda Pop,Box 200g,California,Low Fill,Twitter,2026-02-01T20:27:00,0.69,False,
0b8f374f-b2f8-4c37-8e31-5d028809fa70,Resealable Bag v1 leaking in transit to Texas,Crunchy Chips,Resealable Bag v1,Texas,Leaking,Twitter,2026-02-01T20:30:00,0.77,False,
fa0488de-5dce-48c3-8088-b9391bd99fa6,Ordered Granola Bar got wrong flavor,Granola Bar,Resealable Bag v1,Northeast,Wrong Flavor,Amazon Review,2026-02-01T20:31:00,0.69,False,
2a16e2f4-426e-4e3c-a80c-7a5e0d25a0ec,Granola Bar tastes stale from Pacific Northwest,Granola Bar,Resealable Bag v2 - New Lid,Pacific Northwest,Stale Taste,Twitter,2026-02-01T20:35:00,0.91,False,
ddeb3580-064f-4496-bb4c-e4328f8cd8e5,New lid on Resealable Bag v2 - New Lid doesn't seal properly,Crunchy Chips,Resealable Bag v2 - New Lid,Midwest,Seal Failure,Call Center,2026-02-01T20:37:00,0.82,False,
815100cb-a306-41c3-b674-1319338736a0,Opened Granola Bar and it was stale,Granola Bar,Box 200g,Northeast,Stale Taste,Email,2026-02-01T20:49:00,0.63,False,
8a97ccd7-9b98-495d-94f3-2d9995f15f2c,Box crushed in shipping to Midwest,Cookies Pack,Resealable Bag v2 - New Lid,Midwest,Damaged Pack,Email,2026-02-01T21:04:00,0.64,False,
61b4fd3c-53d5-4559-8320-1c2faf9568ad,"The Box 200g won't close, goes stale in California",Soda Pop,Box 200g,California,Seal Failure,Amazon Review,2026-02-01T21:04:00,0.93,False,
3ef83437-df4a-43c7-949e-d477dd3370c4,Ordered Crunchy Chips got wrong flavor,Crunchy Chips,Resealable Bag v1,Pacific Northwest,Wrong Flavor,Amazon Review,2026-02-01T21:10:00,0.77,False,
e65c9a34-72a6-481c-90de-384d8930865a,Stale Granola Bar in Resealable Bag v1,Granola Bar,Resealable Bag v1,Texas,Stale Taste,Amazon Review,2026-02-01T21:13:00,0.65,False,
ee3b2fc7-d1ef-4907-8902-c0b0601e2a55,Stale Crunchy Chips in Can 330ml,Crunchy Chips,Can 330ml,Northeast,Stale Taste,Email,2026-02-01T21:35:00,0.7,False,
ad8d164d-62b9-4bc1-b0e7-32d9582cbcb6,Resealable Bag v2 - New Lid half empty - Soda Pop,Soda Pop,Resealable Bag v2 - New Lid,Northeast,Low Fill,Amazon Review,2026-02-01T21:38:00,0.8,False,
2c8ca021-4cda-4ff9-a946-1b69f81c245f,Resealable Box 200g failed to close - Pacific Northwest,Cookies Pack,Box 200g,Pacific Northwest,Seal Failure,Amazon Review,2026-02-01T22:11:00,0.92,False,
98289ac8-91fd-4e04-afa9-87e357692fb7,Box crushed in shipping to Pacific Northwest,Soda Pop,Resealable Bag v1,Pacific Northwest,Damaged Pack,Email,2026-02-01T22:16:00,0.77,False,
5c85c5cb-efd5-4a3f-a5d7-2247d83e34b5,Ordered Soda Pop got wrong flavor,Soda Pop,Box 200g,Texas,Wrong Flavor,Amazon Review,2026-02-01T22:26:00,0.61,False,
2cd0e57e-6948-43ff-9ae7-dcce88c94378,Resealable Bag v1 half empty - Cookies Pack,Cookies Pack,Resealable Bag v1,California,Low Fill,Twitter,2026-02-01T22:41:00,0.71,False,
189daa71-8f90-48e5-a5fe-3e66f685b456,Resealable Bag v1 half empty - Crunchy Chips,Crunchy Chips,Resealable Bag v1,California,Low Fill,Email,2026-02-01T22:44:00,0.81,False,
01550edd-5f7d-4f93-bdb1-88f878914160,Resealable Resealable Bag v2 - New Lid failed to close - Northeast,Crunchy Chips,Resealable Bag v2 - New Lid,Northeast,Seal Failure,Call Center,2026-02-01T22:50:00,0.94,False,
2b6e8904-96d6-44f9-b9aa-ab938362f717,Can 330ml half empty - Soda Pop,Soda Pop,Can 330ml,Midwest,Low Fill,Call Center,2026-02-01T23:03:00,0.72,False,
65dbde92-8633-4e79-9064-deb3b8a109f6,Can 330ml half empty - Granola Bar,Granola Bar,Can 330ml,Northeast,Low Fill,Call Center,2026-02-01T23:04:00,0.81,False,
1533f428-c10e-4990-82c8-88c9a4e03a41,"The Resealable Bag v2 - New Lid won't close, goes stale in Northeast",Crunchy Chips,Resealable Bag v2 - New Lid,Northeast,Seal Failure,Twitter,2026-02-01T23:08:00,0.8,False,
396613a3-74b6-4243-87f6-c195c8fe8248,Box 200g half empty - Crunchy Chips,Crunchy Chips,Box 200g,Pacific Northwest,Low Fill,Twitter,2026-02-01T23:12:00,0.7,False,
a15dd34c-5598-4a9c-8e5c-6e3eb1c57346,Resealable Resealable Bag v2 - New Lid failed to close - Midwest,Cookies Pack,Resealable Bag v2 - New Lid,Midwest,Seal Failure,Email,2026-02-01T23:33:00,0.85,False,
7232178d-6fcc-41bd-843e-cb25733d3350,Ordered Granola Bar got wrong flavor,Granola Bar,Resealable Bag v1,California,Wrong Flavor,Twitter,2026-02-02T00:07:00,0.81,False,
13f853e0-585c-440f-bb4d-17b44c860bb0,Resealable Bag v2 - New Lid leaking in transit to Texas,Granola Bar,Resealable Bag v2 - New Lid,Texas,Leaking,Email,2026-02-02T00:16:00,0.68,False,
c616dd34-f669-4593-9258-96453cf0570a,"The Resealable Bag v2 - New Lid won't close, goes stale in California",Crunchy Chips,Resealable Bag v2 - New Lid,California,Seal Failure,Call Center,2026-02-02T00:19:00,0.76,False,
8711a56d-1923-4570-ace4-687b93764b38,Ordered Crunchy Chips got wrong flavor,Crunchy Chips,Resealable Bag v1,Texas,Wrong Flavor,Amazon Review,2026-02-02T00:22:00,0.6,False,
6042a0cc-9bd6-4e4a-b602-dd17e7ce9482,Resealable Bag v1 leaking in transit to California,Granola Bar,Resealable Bag v1,California,Leaking,Email,2026-02-02T00:22:00,0.94,False,
ab9d804f-15b4-4b9a-a742-434a65239077,Box 200g leaking in transit to Midwest,Soda Pop,Box 200g,Midwest,Leaking,Call Center,2026-02-02T00:41:00,0.67,False,
f7d9fd0d-2de3-4450-bc92-fa55b57024f5,Stale Cookies Pack in Can 330ml,Cookies Pack,Can 330ml,Midwest,Stale Taste,Twitter,2026-02-02T00:42:00,0.94,False,
568c9100-fea5-4c61-8dd9-ed9494db3445,Ordered Soda Pop got wrong flavor,Soda Pop,Can 330ml,Texas,Wrong Flavor,Twitter,2026-02-02T00:46:00,0.74,False,
57f21b83-6403-410c-b0c3-2eaad2a7a27d,Ordered Cookies Pack got wrong flavor,Cookies Pack,Box 200g,Pacific Northwest,Wrong Flavor,Call Center,2026-02-02T00:49:00,0.71,False,
3d212fc4-05f4-4993-83d9-5ecc40cefe81,Granola Bar tastes stale from California,Granola Bar,Resealable Bag v2 - New Lid,California,Stale Taste,Amazon Review,2026-02-02T01:05:00,0.67,False,
e8349791-5e59-462a-b0e7-f92f1a619d66,Ordered Crunchy Chips got wrong flavor,Crunchy Chips,Box 200g,Northeast,Wrong Flavor,Amazon Review,2026-02-02T01:30:00,0.92,False,
5a6aa917-9b64-4ed2-84c5-01cd6503e24d,Box 200g half empty - Crunchy Chips,Crunchy Chips,Box 200g,California,Low Fill,Call Center,2026-02-02T01:31:00,0.71,False,
30dfbfe8-8646-4e61-a907-b5b5764f9d85,Resealable Bag v1 half empty - Crunchy Chips,Crunchy Chips,Resealable Bag v1,California,Low Fill,Email,2026-02-02T01:35:00,0.91,False,
ac732d27-949d-43e0-8455-222427a7aa8e,Box crushed in shipping to Northeast,Crunchy Chips,Box 200g,Northeast,Damaged Pack,Amazon Review,2026-02-02T01:44:00,0.63,False,
69df2aaa-c206-48ee-abbf-9e624d1616ea,Resealable Bag v1 leaking in transit to Pacific Northwest,Soda Pop,Resealable Bag v1,Pacific Northwest,Leaking,Email,2026-02-02T01:44:00,0.64,False,
5e7502c5-f69d-4d60-88ca-08b315f99e0d,Box 200g half empty - Soda Pop,Soda Pop,Box 200g,California,Low Fill,Twitter,2026-02-02T01:47:00,0.63,False,
b73617b2-04a4-451b-bac6-4f991cffa3f1,Can 330ml arrived torn,Granola Bar,Can 330ml,California,Damaged Pack,Amazon Review,2026-02-02T01:50:00,0.63,False,
e2b3744e-e742-462b-a9aa-8f21ef1a466b,Resealable Bag v1 half empty - Soda Pop,Soda Pop,Resealable Bag v1,Texas,Low Fill,Amazon Review,2026-02-02T01:58:00,0.78,False,
1f8bcfab-6efa-4f45-aa73-5ea692a38d1e,New lid on Resealable Bag v1 doesn't seal properly,Crunchy Chips,Resealable Bag v1,Pacific Northwest,Seal Failure,Amazon Review,2026-02-02T02:04:00,0.62,False,
5cc51f48-bf82-4154-ada0-53bcb1aea4d6,Resealable Bag v1 leaking in transit to Pacific Northwest,Soda Pop,Resealable Bag v1,Pacific Northwest,Leaking,Twitter,2026-02-02T02:16:00,0.68,False,
c52b2b30-017f-411d-a9a8-0930d434605e,Box 200g half empty - Cookies Pack,Cookies Pack,Box 200g,Northeast,Low Fill,Amazon Review,2026-02-02T02:27:00,0.94,False,
ccc91298-3263-487d-82e0-88e3d2e7573c,Cookies Pack tastes stale from Texas,Cookies Pack,Box 200g,Texas,Stale Taste,Call Center,2026-02-02T02:38:00,0.8,False,
d21b001c-6852-4c0c-a91e-b0ab30c7117d,Opened Cookies Pack and it was stale,Cookies Pack,Box 200g,Texas,Stale Taste,Amazon Review,2026-02-02T02:46:00,0.65,False,
eb2d31c9-d703-48c9-9298-9e2206fdf8a3,Can 330ml half empty - Cookies Pack,Cookies Pack,Can 330ml,Pacific Northwest,Low Fill,Email,2026-02-02T02:47:00,0.68,False,
11820bfd-7df9-4262-9da9-2b94e15ee7eb,Resealable Bag v1 arrived torn,Cookies Pack,Resealable Bag v1,California,Damaged Pack,Twitter,2026-02-02T02:59:00,0.79,False,
26924080-f783-4cca-88d3-f222f7fde271,Crunchy Chips tastes stale from Texas,Crunchy Chips,Resealable Bag v2 - New Lid,Texas,Stale Taste,Amazon Review,2026-02-02T03:03:00,0.8,False,
1833f47e-c124-4d31-8140-ddb39782e52e,Resealable Bag v1 leaking in transit to Midwest,Soda Pop,Resealable Bag v1,Midwest,Leaking,Email,2026-02-02T03:06:00,0.7,False,
002273fe-1515-407e-a57c-acd7688faeb6,Resealable Bag v2 - New Lid leaking in transit to Northeast,Granola Bar,Resealable Bag v2 - New Lid,Northeast,Leaking,Email,2026-02-02T03:08:00,0.9,False,
0749f5b9-2651-4f8b-acbd-acc1a1bd0726,Box 200g leaking in transit to Texas,Cookies Pack,Box 200g,Texas,Leaking,Twitter,2026-02-02T03:08:00,0.77,False,
2b0dd23b-d5d9-4c6e-87c6-8538910eb3cc,Can 330ml half empty - Crunchy Chips,Crunchy Chips,Can 330ml,Midwest,Low Fill,Twitter,2026-02-02T03:09:00,0.71,False,
a44ba245-eee3-4d26-8590-d9b4416cfa0d,Ordered Soda Pop got wrong flavor,Soda Pop,Box 200g,Texas,Wrong Flavor,Call Center,2026-02-02T03:16:00,0.66,False,
c9c19f7c-0e58-4d14-8936-d51bd0d6b67d,Can 330ml arrived torn,Soda Pop,Can 330ml,Pacific Northwest,Damaged Pack,Email,2026-02-02T03:31:00,0.78,False,
cc9d1be7-d9df-48ec-853a-49f84cb47d86,Box 200g leaking in transit to Northeast,Soda Pop,Box 200g,Northeast,Leaking,Twitter,2026-02-02T03:47:00,0.72,False,
6ef9cbed-b4b1-4d77-823b-4834617554e0,Box 200g arrived torn,Crunchy Chips,Box 200g,Northeast,Damaged Pack,Call Center,2026-02-02T03:49:00,0.75,False,
2cd23eb1-a982-43e9-ae33-880049474152,Opened Soda Pop and it was stale,Soda Pop,Box 200g,Pacific Northwest,Stale Taste,Amazon Review,2026-02-02T03:53:00,0.63,False,
223c0413-7438-47ad-8d2b-0eb38c111fdb,Box 200g half empty - Granola Bar,Granola Bar,Box 200g,Northeast,Low Fill,Call Center,2026-02-02T04:03:00,0.9,False,
fac7e75f-dc0a-4d7c-84df-7c60f8209c88,Box crushed in shipping to Pacific Northwest,Soda Pop,Resealable Bag v2 - New Lid,Pacific Northwest,Damaged Pack,Email,2026-02-02T04:07:00,0.94,False,
2e5a9ea7-c718-411b-bbd5-85657a75b045,"The Resealable Bag v1 won't close, goes stale in Midwest",Crunchy Chips,Resealable Bag v1,Midwest,Seal Failure,Email,2026-02-02T04:25:00,0.85,False,
e33b8858-ea52-4a9e-bcd9-830118244ab5,Resealable Bag v1 leaking in transit to Midwest,Granola Bar,Resealable Bag v1,Midwest,Leaking,Amazon Review,2026-02-02T04:28:00,0.75,False,
02482011-9248-4e7d-a51a-ea5623526f03,Ordered Crunchy Chips got wrong flavor,Crunchy Chips,Box 200g,California,Wrong Flavor,Call Center,2026-02-02T04:44:00,0.69,False,
ce8764a2-7722-43ec-b49c-2d65ca4b66ec,Stale Cookies Pack in Resealable Bag v1,Cookies Pack,Resealable Bag v1,Pacific Northwest,Stale Taste,Twitter,2026-02-02T05:09:00,0.9,False,
63b2e9cb-1480-4cd4-9575-4924b57f0918,Resealable Bag v1 half empty - Soda Pop,Soda Pop,Resealable Bag v1,California,Low Fill,Amazon Review,2026-02-02T05:12:00,0.76,False,
290f506d-76fd-476d-a575-75acf5b84d67,Stale Cookies Pack in Can 330ml,Cookies Pack,Can 330ml,Pacific Northwest,Stale Taste,Call Center,2026-02-02T05:19:00,0.62,False,
2ac46b5a-0e14-406d-b6ed-9fa7b52afe6c,Ordered Cookies Pack got wrong flavor,Cookies Pack,Box 200g,Texas,Wrong Flavor,Call Center,2026-02-02T05:25:00,0.81,False,
150d2d9c-8d15-4f9a-9f28-71bd2e1843fb,Ordered Cookies Pack got wrong flavor,Cookies Pack,Box 200g,Northeast,Wrong Flavor,Twitter,2026-02-02T05:34:00,0.67,False,
a8b49a7d-5767-4c2d-946e-d1c9b1dd8fe0,Box 200g half empty - Crunchy Chips,Crunchy Chips,Box 200g,Northeast,Low Fill,Twitter,2026-02-02T05:38:00,0.69,False,
9e6935dc-62d3-4b2a-af68-3db90394ad70,Ordered Crunchy Chips got wrong flavor,Crunchy Chips,Can 330ml,Northeast,Wrong Flavor,Call Center,2026-02-02T05:41:00,0.9,False,
56031fb6-554d-4d7f-bc83-cc6a0b59953a,Box crushed in shipping to Pacific Northwest,Soda Pop,Resealable Bag v2 - New Lid,Pacific Northwest,Damaged Pack,Call Center,2026-02-02T05:50:00,0.88,False,
2c09c590-0cc9-4ea3-aaba-de8a0c39b105,Resealable Box 200g failed to close - California,Granola Bar,Box 200g,California,Seal Failure,Twitter,2026-02-02T05:51:00,0.83,False,
8c060945-25d2-4528-aa10-e9a4ed9f317f,Cookies Pack tastes stale from Pacific Northwest,Cookies Pack,Can 330ml,Pacific Northwest,Stale Taste,Call Center,2026-02-02T06:04:00,0.81,False,
7dd5eab1-e2ed-41ed-9950-833a6cb79bfa,Resealable Bag v1 leaking in transit to Texas,Cookies Pack,Resealable Bag v1,Texas,Leaking,Call Center,2026-02-02T06:08:00,0.81,False,
60ac8f40-687d-42d0-8809-8f08713593df,Ordered Cookies Pack got wrong flavor,Cookies Pack,Resealable Bag v2 - New Lid,Northeast,Wrong Flavor,Call Center,2026-02-02T06:12:00,0.91,False,
275285b5-696a-45ec-9efb-c0b4d594dbb5,Resealable Bag v2 - New Lid half empty - Cookies Pack,Cookies Pack,Resealable Bag v2 - New Lid,Pacific Northwest,Low Fill,Call Center,2026-02-02T06:21:00,0.66,False,
f9ca6d06-4b77-4830-96a1-9dc4a05d206a,Box crushed in shipping to California,Cookies Pack,Resealable Bag v2 - New Lid,California,Damaged Pack,Twitter,2026-02-02T06:49:00,0.88,False,
69c68c9b-108b-4607-bdf4-5b6d8867c781,Can 330ml half empty - Crunchy Chips,Crunchy Chips,Can 330ml,Midwest,Low Fill,Call Center,2026-02-02T06:50:00,0.64,False,
d14512ea-3d0e-44e8-96ef-5c7f1e3978f9,Can 330ml leaking in transit to Texas,Cookies Pack,Can 330ml,Texas,Leaking,Call Center,2026-02-02T06:50:00,0.66,False,
e9526e6d-57da-430c-9190-b239ba5b82bd,New lid on Box 200g doesn't seal properly,Cookies Pack,Box 200g,Northeast,Seal Failure,Amazon Review,2026-02-02T06:59:00,0.95,False,
9ac70214-f2a5-4b19-81d8-083d4752a926,Resealable Bag v1 leaking in transit to California,Soda Pop,Resealable Bag v1,California,Leaking,Call Center,2026-02-02T07:37:00,0.63,False,
1b4baa8e-8f40-4d30-b5a8-01e3929c7a8b,Ordered Soda Pop got wrong flavor,Soda Pop,Resealable Bag v1,Northeast,Wrong Flavor,Email,2026-02-02T07:52:00,0.77,False,
bfa4c18c-0f0f-4a29-85f0-ca80650d0561,Resealable Bag v2 - New Lid arrived torn,Soda Pop,Resealable Bag v2 - New Lid,Midwest,Damaged Pack,Amazon Review,2026-02-02T08:22:00,0.9,False,
84fa497c-427f-449e-9c2e-406515833960,Resealable Bag v1 arrived torn,Crunchy Chips,Resealable Bag v1,Midwest,Damaged Pack,Call Center,2026-02-02T08:22:00,0.62,False,
c20aa8c1-6000-41ed-8290-d66eab5a35ce,Ordered Crunchy Chips got wrong flavor,Crunchy Chips,Can 330ml,Pacific Northwest,Wrong Flavor,Call Center,2026-02-02T09:02:00,0.9,False,
b59ab7a9-2255-4d0f-b076-efc7ea0f4c65,Ordered Cookies Pack got wrong flavor,Cookies Pack,Resealable Bag v2 - New Lid,Texas,Wrong Flavor,Call Center,2026-02-02T09:06:00,0.66,False,
81ed2182-ba84-4829-8138-861ac7fff451,"The Can 330ml won't close, goes stale in Northeast",Cookies Pack,Can 330ml,Northeast,Seal Failure,Twitter,2026-02-02T09:08:00,0.85,False,
f04ea2a4-27ed-4ffa-a2b7-484e3c39c82a,Stale Crunchy Chips in Box 200g,Crunchy Chips,Box 200g,Midwest,Stale Taste,Email,2026-02-02T09:11:00,0.78,False,
b21b33c1-f364-4cd4-9d29-d4ed7d8b6529,Opened Granola Bar and it was stale,Granola Bar,Box 200g,Pacific Northwest,Stale Taste,Call Center,2026-02-02T09:13:00,0.92,False,
06232912-cbc4-4df1-b4e5-0099a928287e,"The Can 330ml won't close, goes stale in Northeast",Cookies Pack,Can 330ml,Northeast,Seal Failure,Twitter,2026-02-02T09:17:00,0.95,False,
0d15abfe-8f4c-4ccd-9d74-bce0747296d2,Resealable Bag v2 - New Lid arrived torn,Granola Bar,Resealable Bag v2 - New Lid,Pacific Northwest,Damaged Pack,Twitter,2026-02-02T09:24:00,0.67,False,
cfdd432e-2b46-4f6b-b8b1-8ed3aeb43240,"The Box 200g won't close, goes stale in Texas",Granola Bar,Box 200g,Texas,Seal Failure,Email,2026-02-02T09:31:00,0.63,False,
31a37562-3830-47be-b05e-7fee7e5e5e74,Can 330ml leaking in transit to Northeast,Cookies Pack,Can 330ml,Northeast,Leaking,Amazon Review,2026-02-02T09:31:00,0.62,False,
ddfb89b7-f166-4325-a96d-1896cc72529f,Ordered Crunchy Chips got wrong flavor,Crunchy Chips,Can 330ml,Pacific Northwest,Wrong Flavor,Amazon Review,2026-02-02T10:09:00,0.77,False,
98f531b6-fd37-49ae-b4c9-0a89ccba7b29,Box crushed in shipping to California,Cookies Pack,Box 200g,California,Damaged Pack,Amazon Review,2026-02-02T10:11:00,0.63,False,
63512469-c94b-4b69-882c-e588bafb7ad8,Resealable Bag v1 half empty - Cookies Pack,Cookies Pack,Resealable Bag v1,California,Low Fill,Twitter,2026-02-02T10:13:00,0.91,False,
76de9584-84de-4aa5-94e3-40411d903b5c,Box 200g half empty - Granola Bar,Granola Bar,Box 200g,Northeast,Low Fill,Call Center,2026-02-02T10:28:00,0.78,False,
f309318d-65c3-455e-93e4-4de0605513fd,"The Resealable Bag v1 won't close, goes stale in Texas",Soda Pop,Resealable Bag v1,Texas,Seal Failure,Amazon Review,2026-02-02T10:44:00,0.82,False,
aae70f75-24a6-495a-a74d-b74d57bf4435,Box 200g leaking in transit to Pacific Northwest,Cookies Pack,Box 200g,Pacific Northwest,Leaking,Twitter,2026-02-02T10:47:00,0.81,False,
9665499b-dd4a-42bc-aeb2-5798bc3a65f7,Can 330ml arrived torn,Cookies Pack,Can 330ml,California,Damaged Pack,Twitter,2026-02-02T10:51:00,0.65,False,
f9085851-28ee-4527-8ecf-8fab42d09097,New lid on Box 200g doesn't seal properly,Cookies Pack,Box 200g,Pacific Northwest,Seal Failure,Amazon Review,2026-02-02T10:53:00,0.74,False,
4bd2433d-74c6-4afb-b771-8933a02b9170,Opened Granola Bar and it was stale,Granola Bar,Resealable Bag v1,Texas,Stale Taste,Amazon Review,2026-02-02T10:54:00,0.67,False,
ce91b3e5-e391-45cf-8055-9125baf3e84a,Ordered Crunchy Chips got wrong flavor,Crunchy Chips,Box 200g,Texas,Wrong Flavor,Email,2026-02-02T10:57:00,0.86,False,
eaa9908d-673d-4bb1-9d49-124a54e9ffe9,Ordered Soda Pop got wrong flavor,Soda Pop,Resealable Bag v1,Midwest,Wrong Flavor,Amazon Review,2026-02-02T11:23:00,0.85,False,
4472a7cc-2d78-4aba-bc15-623e7676f86b,Ordered Soda Pop got wrong flavor,Soda Pop,Resealable Bag v2 - New Lid,California,Wrong Flavor,Email,2026-02-02T11:27:00,0.77,False,
51c57c4e-06a4-4b73-a391-2bdd36c460cc,Box 200g arrived torn,Soda Pop,Box 200g,Pacific Northwest,Damaged Pack,Email,2026-02-02T11:29:00,0.62,False,
99f19493-4177-4d00-910d-e4a23b648102,New lid on Resealable Bag v1 doesn't seal properly,Soda Pop,Resealable Bag v1,Pacific Northwest,Seal Failure,Email,2026-02-02T11:30:00,0.88,False,
bb3b75f5-c22a-46ad-a8b8-5f24bcbab3ab,Resealable Resealable Bag v2 - New Lid failed to close - California,Soda Pop,Resealable Bag v2 - New Lid,California,Seal Failure,Email,2026-02-02T11:31:00,0.81,False,
24d4088c-134e-4ab3-8ab1-9f191ed2ce64,Resealable Bag v1 leaking in transit to Texas,Soda Pop,Resealable Bag v1,Texas,Leaking,Twitter,2026-02-02T11:42:00,0.67,False,
cd3adefe-1672-4fb6-8970-3efb62cdd29b,Can 330ml leaking in transit to Northeast,Granola Bar,Can 330ml,Northeast,Leaking,Email,2026-02-02T11:42:00,0.77,False,
84b9c99d-fc0f-45a7-a110-2501ac30ec81,Opened Soda Pop and it was stale,Soda Pop,Can 330ml,Northeast,Stale Taste,Amazon Review,2026-02-02T11:51:00,0.61,False,
636b10a5-0b60-4809-9384-bae013313b73,Stale Cookies Pack in Box 200g,Cookies Pack,Box 200g,California,Stale Taste,Twitter,2026-02-02T12:00:00,0.91,False,
82054007-e975-4a49-a516-91d89ab79a9f,Stale Granola Bar in Resealable Bag v1,Granola Bar,Resealable Bag v1,Northeast,Stale Taste,Call Center,2026-02-02T12:20:00,0.66,False,
128cf349-88c3-4c53-ba58-90426081eb6d,Opened Cookies Pack and it was stale,Cookies Pack,Resealable Bag v2 - New Lid,Midwest,Stale Taste,Email,2026-02-02T12:23:00,0.92,False,
4963c48d-639c-4c09-83f8-4f5c92ee634e,Box crushed in shipping to Pacific Northwest,Cookies Pack,Resealable Bag v1,Pacific Northwest,Damaged Pack,Call Center,2026-02-02T12:26:00,0.9,False,
4f2fe1e1-2c70-4b79-9eb8-8077bbd1f602,Box 200g half empty - Soda Pop,Soda Pop,Box 200g,Northeast,Low Fill,Twitter,2026-02-02T12:30:00,0.7,False,
4cd268ee-65b5-4ec3-9589-cfd61fc6349a,Resealable Box 200g failed to close - Northeast,Soda Pop,Box 200g,Northeast,Seal Failure,Twitter,2026-02-02T12:41:00,0.74,False,
6e294269-4fdb-4c1c-bf95-8699acf2a6e6,Box 200g arrived torn,Granola Bar,Box 200g,Northeast,Damaged Pack,Twitter,2026-02-02T12:42:00,0.63,False,
e8e86787-4449-4b8b-a216-148dd4ac1c49,Resealable Bag v2 - New Lid half empty - Soda Pop,Soda Pop,Resealable Bag v2 - New Lid,California,Low Fill,Email,2026-02-02T12:52:00,0.63,False,
34070a1b-7ae8-44a6-9188-5007e8705504,Resealable Bag v1 leaking in transit to Northeast,Granola Bar,Resealable Bag v1,Northeast,Leaking,Call Center,2026-02-02T12:55:00,0.91,False,
c89aeb62-f63a-4d28-837d-e86dc4d7f9e6,Ordered Crunchy Chips got wrong flavor,Crunchy Chips,Can 330ml,Texas,Wrong Flavor,Email,2026-02-02T12:56:00,0.72,False,
2f404035-67ba-4be7-a962-8988e2a63024,Ordered Granola Bar got wrong flavor,Granola Bar,Resealable Bag v2 - New Lid,California,Wrong Flavor,Call Center,2026-02-02T12:56:00,0.63,False,
3dc633f0-1732-4e09-8cfb-eabe44f09ac7,Resealable Bag v2 - New Lid leaking in transit to Northeast,Soda Pop,Resealable Bag v2 - New Lid,Northeast,Leaking,Amazon Review,2026-02-02T13:03:00,0.7,False,
40a70374-cd6e-4e8b-a5e5-156e940e4b4d,Granola Bar tastes stale from Texas,Granola Bar,Resealable Bag v2 - New Lid,Texas,Stale Taste,Email,2026-02-02T13:10:00,0.88,False,
8792def4-e45a-4d0b-a38f-031d15b478b8,Box 200g half empty - Granola Bar,Granola Bar,Box 200g,Northeast,Low Fill,Call Center,2026-02-02T13:18:00,0.71,False,
44824d45-b29e-4b15-98a9-c36201b0e4d1,Resealable Bag v1 leaking in transit to Northeast,Cookies Pack,Resealable Bag v1,Northeast,Leaking,Email,2026-02-02T13:42:00,0.68,False,
5e253036-8657-44af-b29f-5d049615d3ce,Can 330ml half empty - Soda Pop,Soda Pop,Can 330ml,Northeast,Low Fill,Twitter,2026-02-02T13:45:00,0.95,False,
2199d8da-e24b-45b0-8e3d-1588f4c0883f,Resealable Bag v1 half empty - Soda Pop,Soda Pop,Resealable Bag v1,Midwest,Low Fill,Twitter,2026-02-02T13:48:00,0.68,False,
b5cd4b3b-6833-4652-83f8-e1dd3d442741,"The Box 200g won't close, goes stale in California",Soda Pop,Box 200g,California,Seal Failure,Email,2026-02-02T13:49:00,0.76,False,
13d98431-06a5-46a2-99c3-2b681785f9d8,Ordered Soda Pop got wrong flavor,Soda Pop,Resealable Bag v2 - New Lid,Midwest,Wrong Flavor,Call Center,2026-02-02T13:50:00,0.78,False,
94516b2f-7581-4163-8283-7d49bcbe90cf,Box crushed in shipping to Northeast,Soda Pop,Can 330ml,Northeast,Damaged Pack,Email,2026-02-02T13:51:00,0.94,False,
ac2b807b-5fac-4b1e-8213-8293562aeb2b,Ordered Granola Bar got wrong flavor,Granola Bar,Can 330ml,Pacific Northwest,Wrong Flavor,Amazon Review,2026-02-02T14:01:00,0.92,False,
0469893a-3e96-4b3c-aedb-e8ca0e717226,Can 330ml half empty - Soda Pop,Soda Pop,Can 330ml,Midwest,Low Fill,Amazon Review,2026-02-02T14:04:00,0.75,False,
69d63cc5-9d71-4fcc-8d73-cec312b747a6,Box crushed in shipping to Northeast,Soda Pop,Resealable Bag v2 - New Lid,Northeast,Damaged Pack,Amazon Review,2026-02-02T14:12:00,0.82,False,
ae276a2b-0ab2-4527-a2af-80f8bb7d5bb3,Crunchy Chips tastes stale from Northeast,Crunchy Chips,Box 200g,Northeast,Stale Taste,Twitter,2026-02-02T14:16:00,0.78,False,
f52f07b7-fb1c-4c32-8835-ce356cbdc954,Box 200g arrived torn,Soda Pop,Box 200g,California,Damaged Pack,Email,2026-02-02T14:17:00,0.68,False,
8a8c49e0-ee05-496f-95f4-5f2e8b1aeb1f,Box 200g half empty - Cookies Pack,Cookies Pack,Box 200g,Texas,Low Fill,Email,2026-02-02T14:27:00,0.67,False,
56d7e5d4-e135-41fe-90a7-11f3803519d6,Stale Cookies Pack in Resealable Bag v2 - New Lid,Cookies Pack,Resealable Bag v2 - New Lid,Midwest,Stale Taste,Call Center,2026-02-02T14:31:00,0.74,False,
e238a6f3-6e41-46d6-bb44-62cce95e605b,Box crushed in shipping to Texas,Soda Pop,Resealable Bag v2 - New Lid,Texas,Damaged Pack,Call Center,2026-02-02T14:35:00,0.94,False,
68924d2e-bcb5-43d8-8373-4acb0abdaa46,Ordered Granola Bar got wrong flavor,Granola Bar,Box 200g,Pacific Northwest,Wrong Flavor,Call Center,2026-02-02T14:36:00,0.67,False,
140db51a-efb4-4a51-9d10-512bfc29f282,Can 330ml leaking in transit to Texas,Crunchy Chips,Can 330ml,Texas,Leaking,Call Center,2026-02-02T15:10:00,0.93,False,
60d47d84-90f3-402e-9b8f-52fcd2cc6fdf,Resealable Bag v2 - New Lid half empty - Cookies Pack,Cookies Pack,Resealable Bag v2 - New Lid,Northeast,Low Fill,Call Center,2026-02-02T15:11:00,0.92,False,
461699a4-c8d3-42cd-888c-90526ed6e6da,Ordered Granola Bar got wrong flavor,Granola Bar,Can 330ml,Northeast,Wrong Flavor,Call Center,2026-02-02T15:12:00,0.87,False,
b4e0f0d9-f065-4eba-b98e-d80a8add6b57,Resealable Bag v2 - New Lid arrived torn,Cookies Pack,Resealable Bag v2 - New Lid,Midwest,Damaged Pack,Call Center,2026-02-02T15:14:00,0.85,False,
00f776d1-2854-4a54-818e-3bd330c0cdf7,Ordered Crunchy Chips got wrong flavor,Crunchy Chips,Can 330ml,Northeast,Wrong Flavor,Email,2026-02-02T15:17:00,0.7,False,
e5f12ab2-d2f7-45b0-838c-af86211f83d8,Soda Pop tastes stale from Texas,Soda Pop,Can 330ml,Texas,Stale Taste,Amazon Review,2026-02-02T15:50:00,0.83,False,
fb16a527-9fa4-4cff-b2e7-13774c5268cb,Stale Cookies Pack in Box 200g,Cookies Pack,Box 200g,Northeast,Stale Taste,Call Center,2026-02-02T16:05:00,0.74,False,
a9572dab-56cc-4af3-899f-74b45ffbab87,Resealable Bag v2 - New Lid leaking in transit to Midwest,Crunchy Chips,Resealable Bag v2 - New Lid,Midwest,Leaking,Email,2026-02-02T16:47:00,0.75,False,
4e64d080-82f5-42dd-8c9d-f9b5b0f015d3,Can 330ml leaking in transit to Pacific Northwest,Soda Pop,Can 330ml,Pacific Northwest,Leaking,Amazon Review,2026-02-02T16:48:00,0.75,False,
ca9abee5-c30c-42e7-a2bf-5033edba8bdd,Resealable Bag v2 - New Lid half empty - Crunchy Chips,Crunchy Chips,Resealable Bag v2 - New Lid,Pacific Northwest,Low Fill,Twitter,2026-02-02T16:56:00,0.62,False,
47c7b34d-b47a-438e-a454-bb285be6f20d,Ordered Soda Pop got wrong flavor,Soda Pop,Resealable Bag v2 - New Lid,Northeast,Wrong Flavor,Call Center,2026-02-02T16:59:00,0.79,False,
fb7427ed-4370-45b9-8cd4-dfa46845b7ef,Stale Soda Pop in Box 200g,Soda Pop,Box 200g,Midwest,Stale Taste,Call Center,2026-02-02T17:14:00,0.65,False,
ef478951-a97a-4794-a873-08fbd018736b,Ordered Cookies Pack got wrong flavor,Cookies Pack,Resealable Bag v2 - New Lid,Midwest,Wrong Flavor,Amazon Review,2026-02-02T17:18:00,0.91,False,
cab1a798-2da5-462d-8eb9-19a3999bac59,Soda Pop tastes stale from California,Soda Pop,Resealable Bag v2 - New Lid,California,Stale Taste,Twitter,2026-02-02T17:31:00,0.9,False,
a1854b1b-0ce9-4f0b-8f0d-bf6006a18cc3,Can 330ml half empty - Granola Bar,Granola Bar,Can 330ml,Northeast,Low Fill,Email,2026-02-02T17:46:00,0.61,False,
d37e1f94-ffcf-4ce7-bdaa-aacf4f29222b,Resealable Bag v1 arrived torn,Soda Pop,Resealable Bag v1,Pacific Northwest,Damaged Pack,Email,2026-02-02T17:47:00,0.73,False,
764c736b-0d8c-4251-aadf-a0ba9b580d5b,Ordered Crunchy Chips got wrong flavor,Crunchy Chips,Resealable Bag v1,California,Wrong Flavor,Twitter,2026-02-02T17:50:00,0.62,False,
defae700-f09d-4b54-ac50-d95814ab1548,Box 200g arrived torn,Crunchy Chips,Box 200g,Texas,Damaged Pack,Call Center,2026-02-02T17:55:00,0.87,False,
7f74a951-6a82-45ea-b85d-3a07de75120d,Ordered Cookies Pack got wrong flavor,Cookies Pack,Can 330ml,Northeast,Wrong Flavor,Amazon Review,2026-02-02T18:21:00,0.89,False,
a03b723a-9dc1-4e1d-a026-26eeb2252ead,Ordered Soda Pop got wrong flavor,Soda Pop,Resealable Bag v2 - New Lid,Texas,Wrong Flavor,Email,2026-02-02T18:29:00,0.71,False,
63f5e0b1-6bc1-494d-9ea7-f63dcfba430f,Box crushed in shipping to Pacific Northwest,Crunchy Chips,Resealable Bag v1,Pacific Northwest,Damaged Pack,Amazon Review,2026-02-02T18:35:00,0.76,False,
d9907a3f-592c-4360-b628-35552c068471,"The Resealable Bag v2 - New Lid won't close, goes stale in California",Soda Pop,Resealable Bag v2 - New Lid,California,Seal Failure,Email,2026-02-02T18:43:00,0.88,False,
5385af29-fb35-446b-b0d9-2e2801b1bad4,Resealable Bag v2 - New Lid half empty - Soda Pop,Soda Pop,Resealable Bag v2 - New Lid,California,Low Fill,Call Center,2026-02-02T19:14:00,0.93,False,
0500a69c-b6fe-423b-9951-6c2444b7d6ed,New lid on Can 330ml doesn't seal properly,Cookies Pack,Can 330ml,Pacific Northwest,Seal Failure,Amazon Review,2026-02-02T19:18:00,0.76,False,
a2671c72-f2f5-4f3c-8e78-955c718021f4,Box 200g leaking in transit to Midwest,Soda Pop,Box 200g,Midwest,Leaking,Twitter,2026-02-02T19:23:00,0.73,False,
744ed130-1eba-4384-a5f6-33cf059819d0,"The Resealable Bag v2 - New Lid won't close, goes stale in Midwest",Soda Pop,Resealable Bag v2 - New Lid,Midwest,Seal Failure,Amazon Review,2026-02-02T19:25:00,0.74,False,
f5aa4ec5-c6a7-4361-9f1f-41e643a6c3e0,Stale Soda Pop in Box 200g,Soda Pop,Box 200g,Midwest,Stale Taste,Amazon Review,2026-02-02T19:27:00,0.87,False,
3ff1d497-3330-4028-8c75-e64be8025e89,New lid on Can 330ml doesn't seal properly,Granola Bar,Can 330ml,Texas,Seal Failure,Twitter,2026-02-02T19:28:00,0.74,False,
aa406f83-0e0a-4cac-8630-9df123e62cad,Can 330ml half empty - Granola Bar,Granola Bar,Can 330ml,Northeast,Low Fill,Amazon Review,2026-02-02T19:29:00,0.84,False,
bf2fde9a-289b-45fc-831a-e19617ddacbc,Box crushed in shipping to California,Crunchy Chips,Resealable Bag v2 - New Lid,California,Damaged Pack,Call Center,2026-02-02T19:40:00,0.9,False,
42fafc72-112d-47fc-9b57-6a80097c6e82,Box crushed in shipping to Northeast,Soda Pop,Box 200g,Northeast,Damaged Pack,Call Center,2026-02-02T19:52:00,0.86,False,
c6c1a9a3-582f-49d3-bc71-41993a5c6b2c,Box 200g half empty - Soda Pop,Soda Pop,Box 200g,Midwest,Low Fill,Email,2026-02-02T20:13:00,0.74,False,
42717afa-6c53-44ca-9263-b6687ee400ba,Can 330ml leaking in transit to Northeast,Cookies Pack,Can 330ml,Northeast,Leaking,Twitter,2026-02-02T20:14:00,0.69,False,
36853e5c-767a-42e4-8bd6-2fdd3cb00e80,Ordered Soda Pop got wrong flavor,Soda Pop,Can 330ml,Pacific Northwest,Wrong Flavor,Email,2026-02-02T20:38:00,0.73,False,
26ca7bf7-006c-47fd-a622-b1c6de1cf6b4,Opened Cookies Pack and it was stale,Cookies Pack,Box 200g,Pacific Northwest,Stale Taste,Twitter,2026-02-02T20:44:00,0.78,False,
d865d560-be89-46c9-988c-c1993c56d46a,Ordered Cookies Pack got wrong flavor,Cookies Pack,Box 200g,Midwest,Wrong Flavor,Call Center,2026-02-02T21:10:00,0.67,False,
122b863b-e00c-4668-beeb-a0aba0c41215,New lid on Box 200g doesn't seal properly,Granola Bar,Box 200g,Northeast,Seal Failure,Amazon Review,2026-02-02T21:13:00,0.75,False,
bc551e2a-30c4-40b3-92c6-1e045e377d51,Stale Cookies Pack in Can 330ml,Cookies Pack,Can 330ml,Texas,Stale Taste,Email,2026-02-02T21:14:00,0.6,False,
d86aefbe-1c6c-4647-b967-b66e01cbf265,Resealable Bag v2 - New Lid half empty - Cookies Pack,Cookies Pack,Resealable Bag v2 - New Lid,Pacific Northwest,Low Fill,Twitter,2026-02-02T21:23:00,0.93,False,
af4f11e9-fd58-4ad9-97e7-fc93e22cc3ee,Ordered Crunchy Chips got wrong flavor,Crunchy Chips,Box 200g,California,Wrong Flavor,Amazon Review,2026-02-02T21:39:00,0.89,False,
5e8a2291-4f6a-444d-acf8-8efd9cc3cb7b,Box 200g leaking in transit to California,Crunchy Chips,Box 200g,California,Leaking,Twitter,2026-02-02T21:41:00,0.94,False,
1301bdfe-aee2-4ac9-85cd-faa541b74f62,Resealable Can 330ml failed to close - Northeast,Cookies Pack,Can 330ml,Northeast,Seal Failure,Twitter,2026-02-02T21:47:00,0.83,False,
a1bb8609-8ccd-46ac-bdb1-52cce780120f,Box crushed in shipping to Northeast,Cookies Pack,Box 200g,Northeast,Damaged Pack,Call Center,2026-02-02T21:47:00,0.72,False,
b98506e8-66c0-4ebb-a1cd-645da77cd348,Ordered Soda Pop got wrong flavor,Soda Pop,Resealable Bag v1,Northeast,Wrong Flavor,Email,2026-02-02T21:49:00,0.81,False,
3a755e18-6d17-475c-af8b-7bdf41419a18,Resealable Bag v1 half empty - Crunchy Chips,Crunchy Chips,Resealable Bag v1,Midwest,Low Fill,Call Center,2026-02-02T22:03:00,0.62,False,
042a8f42-fe1b-4194-8cda-85c6b9e04860,Ordered Cookies Pack got wrong flavor,Cookies Pack,Box 200g,Pacific Northwest,Wrong Flavor,Amazon Review,2026-02-02T22:22:00,0.93,False,
ef14c3d0-6130-4b8c-a252-0d6625b93080,Ordered Cookies Pack got wrong flavor,Cookies Pack,Box 200g,Midwest,Wrong Flavor,Amazon Review,2026-02-02T22:24:00,0.73,False,
c14aba45-673c-4ba4-8ff3-3f09811fef05,Box 200g leaking in transit to California,Granola Bar,Box 200g,California,Leaking,Call Center,2026-02-02T23:01:00,0.93,False,
9079e38b-09dc-44b8-a06b-b316b586c6c6,Opened Granola Bar and it was stale,Granola Bar,Resealable Bag v1,Midwest,Stale Taste,Twitter,2026-02-02T23:05:00,0.83,False,
6d7b72a2-f6e7-46f4-a923-4cffa13e1a57,Resealable Bag v2 - New Lid arrived torn,Crunchy Chips,Resealable Bag v2 - New Lid,California,Damaged Pack,Amazon Review,2026-02-02T23:19:00,0.67,False,
db3dade4-4cce-441f-bbde-7107de4e3062,Resealable Can 330ml failed to close - Texas,Cookies Pack,Can 330ml,Texas,Seal Failure,Amazon Review,2026-02-02T23:26:00,0.71,False,
d318336e-dccf-43b2-99d2-7e36ae49d3b6,Box crushed in shipping to California,Crunchy Chips,Can 330ml,California,Damaged Pack,Email,2026-02-02T23:33:00,0.89,False,
4b144b1b-1069-4bff-9622-92541c8646eb,Can 330ml half empty - Granola Bar,Granola Bar,Can 330ml,Midwest,Low Fill,Twitter,2026-02-02T23:47:00,0.91,False,
699798bb-f15c-4f60-894a-7b053de6e829,Ordered Crunchy Chips got wrong flavor,Crunchy Chips,Box 200g,California,Wrong Flavor,Twitter,2026-02-03T00:04:00,0.84,False,
0fa9b778-3400-4e51-ae10-3022b5125922,Ordered Crunchy Chips got wrong flavor,Crunchy Chips,Can 330ml,Northeast,Wrong Flavor,Amazon Review,2026-02-03T00:07:00,0.83,False,
5f65ce93-8d4d-4bf4-abdf-db6bf7d27b56,Box crushed in shipping to Midwest,Granola Bar,Box 200g,Midwest,Damaged Pack,Twitter,2026-02-03T00:43:00,0.62,False,
b936b925-c629-47f5-8430-317083b5c076,Box crushed in shipping to Northeast,Granola Bar,Resealable Bag v1,Northeast,Damaged Pack,Amazon Review,2026-02-03T00:51:00,0.91,False,
8407417b-5027-4440-a1cf-e094c58116e9,Box 200g arrived torn,Crunchy Chips,Box 200g,Pacific Northwest,Damaged Pack,Email,2026-02-03T01:09:00,0.85,False,
d3df1cd9-9248-4a56-a8ed-b25e896e6ab0,Stale Cookies Pack in Can 330ml,Cookies Pack,Can 330ml,Northeast,Stale Taste,Email,2026-02-03T01:30:00,0.68,False,
e6f39c73-7e4d-4ee6-9461-465b543451c8,Ordered Cookies Pack got wrong flavor,Cookies Pack,Resealable Bag v1,Texas,Wrong Flavor,Amazon Review,2026-02-03T01:40:00,0.79,False,
89ef8f9d-4e00-494d-94e4-290892d84d70,Ordered Granola Bar got wrong flavor,Granola Bar,Resealable Bag v1,Texas,Wrong Flavor,Twitter,2026-02-03T01:48:00,0.93,False,
f1fd1ce1-d45f-4901-81f7-65db181234e0,Can 330ml leaking in transit to Northeast,Granola Bar,Can 330ml,Northeast,Leaking,Amazon Review,2026-02-03T01:48:00,0.62,False,
28ff833c-37dc-42c6-809d-242b3bfd0f62,Box crushed in shipping to Texas,Granola Bar,Can 330ml,Texas,Damaged Pack,Call Center,2026-02-03T01:56:00,0.73,False,
b7932c32-61e1-49ff-b4bb-9919b3147d0a,Box crushed in shipping to Texas,Soda Pop,Resealable Bag v1,Texas,Damaged Pack,Email,2026-02-03T02:17:00,0.68,False,
c838e98b-2b79-4510-b733-d223a3027d03,Resealable Bag v1 half empty - Cookies Pack,Cookies Pack,Resealable Bag v1,Northeast,Low Fill,Amazon Review,2026-02-03T02:41:00,0.63,False,
2e13c22f-090a-481d-9056-3fbcc3ded014,Can 330ml leaking in transit to Midwest,Crunchy Chips,Can 330ml,Midwest,Leaking,Call Center,2026-02-03T02:57:00,0.94,False,
05331d44-2163-486f-bc0a-596b7f3727af,Can 330ml leaking in transit to Texas,Crunchy Chips,Can 330ml,Texas,Leaking,Twitter,2026-02-03T03:13:00,0.76,False,
3792ada4-9e06-43b1-8358-a280868fa9e3,Resealable Bag v1 half empty - Soda Pop,Soda Pop,Resealable Bag v1,Midwest,Low Fill,Call Center,2026-02-03T03:16:00,0.75,False,
98bb9bc2-5714-410a-971a-46e53b139848,"The Box 200g won't close, goes stale in California",Cookies Pack,Box 200g,California,Seal Failure,Twitter,2026-02-03T03:41:00,0.66,False,
fadf72eb-59fd-4294-976a-86f82f854550,Ordered Cookies Pack got wrong flavor,Cookies Pack,Box 200g,Pacific Northwest,Wrong Flavor,Amazon Review,2026-02-03T03:44:00,0.61,False,
85a5db1c-c112-4494-8518-124393ede77d,Can 330ml leaking in transit to Midwest,Crunchy Chips,Can 330ml,Midwest,Leaking,Amazon Review,2026-02-03T03:50:00,0.68,False,
64a696f1-47a6-42be-8119-a750e26da680,Resealable Bag v2 - New Lid leaking in transit to Texas,Granola Bar,Resealable Bag v2 - New Lid,Texas,Leaking,Twitter,2026-02-03T03:51:00,0.66,False,
f153b70c-456f-4e60-8c91-a358b9a978b1,Stale Crunchy Chips in Can 330ml,Crunchy Chips,Can 330ml,Pacific Northwest,Stale Taste,Call Center,2026-02-03T04:12:00,0.84,False,
22b3f42a-1147-49c5-8b7c-a68cabb2025c,New lid on Resealable Bag v1 doesn't seal properly,Crunchy Chips,Resealable Bag v1,Midwest,Seal Failure,Amazon Review,2026-02-03T04:20:00,0.75,False,
98904ecc-4fef-4b7e-9ace-f972e5fdbafc,Box 200g leaking in transit to Midwest,Crunchy Chips,Box 200g,Midwest,Leaking,Call Center,2026-02-03T04:23:00,0.9,False,
e438cbb4-52e3-47fd-b0db-4d8cc0087760,Resealable Bag v2 - New Lid leaking in transit to Midwest,Crunchy Chips,Resealable Bag v2 - New Lid,Midwest,Leaking,Call Center,2026-02-03T04:28:00,0.81,False,
92abab31-3b9f-4a59-9ea7-95c8d6f2271d,Box crushed in shipping to Northeast,Crunchy Chips,Resealable Bag v2 - New Lid,Northeast,Damaged Pack,Call Center,2026-02-03T04:33:00,0.86,False,
3993bbd8-0409-4a32-a266-db0fb2cd4434,Ordered Granola Bar got wrong flavor,Granola Bar,Box 200g,Midwest,Wrong Flavor,Email,2026-02-03T04:37:00,0.67,False,
15686a67-ae97-4d3d-8d49-6c8a2c4c79dc,Can 330ml arrived torn,Soda Pop,Can 330ml,Northeast,Damaged Pack,Email,2026-02-03T04:37:00,0.68,False,
0ae0350e-07d5-4a09-8297-850168c640bc,Resealable Bag v2 - New Lid half empty - Soda Pop,Soda Pop,Resealable Bag v2 - New Lid,Texas,Low Fill,Twitter,2026-02-03T04:54:00,0.63,False,
be3609c6-db8e-47a0-a559-41c9d0cf6018,Ordered Cookies Pack got wrong flavor,Cookies Pack,Can 330ml,Texas,Wrong Flavor,Email,2026-02-03T05:11:00,0.94,False,
536e036a-0ffc-485c-905c-c657c56e7ec6,Box crushed in shipping to Midwest,Soda Pop,Can 330ml,Midwest,Damaged Pack,Amazon Review,2026-02-03T05:14:00,0.63,False,
9754f9d3-710e-4bfa-bc12-b41f40444075,New lid on Can 330ml doesn't seal properly,Soda Pop,Can 330ml,California,Seal Failure,Amazon Review,2026-02-03T05:15:00,0.8,False,
1af5a24a-e0d5-4e89-8680-3d6abca34994,Box crushed in shipping to Northeast,Soda Pop,Resealable Bag v1,Northeast,Damaged Pack,Amazon Review,2026-02-03T05:22:00,0.73,False,
0a74f266-70f6-40e7-98c4-a736e41b6b68,"The Box 200g won't close, goes stale in Northeast",Crunchy Chips,Box 200g,Northeast,Seal Failure,Call Center,2026-02-03T05:29:00,0.92,False,
f4b938e9-3b0b-4329-b130-70e18dc4aa1c,Resealable Bag v1 leaking in transit to Pacific Northwest,Cookies Pack,Resealable Bag v1,Pacific Northwest,Leaking,Amazon Review,2026-02-03T05:39:00,0.79,False,
3c2d2370-304c-44fe-80bb-5830b71fc204,Box 200g half empty - Granola Bar,Granola Bar,Box 200g,Northeast,Low Fill,Twitter,2026-02-03T05:41:00,0.95,False,
15cd5092-5484-452b-9e2a-97299f680f22,Resealable Bag v1 half empty - Cookies Pack,Cookies Pack,Resealable Bag v1,Texas,Low Fill,Email,2026-02-03T05:42:00,0.63,False,
7e841b8d-26d1-4f43-af8f-880366baf3d6,Opened Crunchy Chips and it was stale,Crunchy Chips,Resealable Bag v1,Texas,Stale Taste,Amazon Review,2026-02-03T05:45:00,0.78,False,
3e018028-8d1d-429f-907c-ac76e44b27cd,Resealable Can 330ml failed to close - Northeast,Cookies Pack,Can 330ml,Northeast,Seal Failure,Twitter,2026-02-03T05:50:00,0.87,False,
1a8a1239-d7c5-4f1d-bb79-10b307bd0b48,Ordered Cookies Pack got wrong flavor,Cookies Pack,Can 330ml,Texas,Wrong Flavor,Amazon Review,2026-02-03T05:51:00,0.84,False,
422b8fe7-ac70-41d1-9993-7499ac5f0504,Resealable Bag v1 arrived torn,Soda Pop,Resealable Bag v1,Midwest,Damaged Pack,Email,2026-02-03T05:53:00,0.82,False,
cdf09108-e603-4731-bc95-6db70bebd126,Ordered Granola Bar got wrong flavor,Granola Bar,Resealable Bag v2 - New Lid,Midwest,Wrong Flavor,Email,2026-02-03T06:15:00,0.65,False,
4f2f1735-fede-4f47-9dd8-ebdd1510b66e,Resealable Bag v1 arrived torn,Cookies Pack,Resealable Bag v1,Northeast,Damaged Pack,Amazon Review,2026-02-03T06:19:00,0.69,False,
908aa751-4a16-42fd-aaa6-849208495b15,Box 200g arrived torn,Crunchy Chips,Box 200g,Midwest,Damaged Pack,Email,2026-02-03T06:32:00,0.93,False,
606abca2-fa9f-4bbe-bef9-4bedd5c101e4,Box crushed in shipping to Pacific Northwest,Soda Pop,Resealable Bag v1,Pacific Northwest,Damaged Pack,Amazon Review,2026-02-03T06:40:00,0.94,False,
176c288e-6e45-4266-a3fc-d0d20e5f0a1e,Box crushed in shipping to Texas,Soda Pop,Can 330ml,Texas,Damaged Pack,Twitter,2026-02-03T06:48:00,0.94,False,
88102490-c562-49f4-9e21-856a681258f6,Ordered Soda Pop got wrong flavor,Soda Pop,Resealable Bag v1,Texas,Wrong Flavor,Call Center,2026-02-03T06:54:00,0.66,False,
9cabb712-cf7e-4e3f-b76a-ce5872e059bb,New lid on Resealable Bag v2 - New Lid doesn't seal properly,Soda Pop,Resealable Bag v2 - New Lid,Northeast,Seal Failure,Email,2026-02-03T07:06:00,0.86,False,
cd766c18-ea11-492b-ae20-095cef91f9e7,Resealable Bag v2 - New Lid half empty - Granola Bar,Granola Bar,Resealable Bag v2 - New Lid,Texas,Low Fill,Email,2026-02-03T07:10:00,0.93,False,
890e2351-9567-4750-9c00-bc6c75228d98,Ordered Soda Pop got wrong flavor,Soda Pop,Resealable Bag v2 - New Lid,Texas,Wrong Flavor,Amazon Review,2026-02-03T07:35:00,0.84,False,
3374288e-5828-420c-94ba-e945a2579d24,Resealable Bag v1 leaking in transit to Northeast,Granola Bar,Resealable Bag v1,Northeast,Leaking,Email,2026-02-03T07:47:00,0.76,False,
742f7c82-0705-490a-a633-61dfefb47efd,Box crushed in shipping to Northeast,Crunchy Chips,Resealable Bag v2 - New Lid,Northeast,Damaged Pack,Amazon Review,2026-02-03T07:48:00,0.62,False,
e12a9714-ee0d-4e97-abf5-498012259fb7,Resealable Bag v2 - New Lid arrived torn,Cookies Pack,Resealable Bag v2 - New Lid,California,Damaged Pack,Twitter,2026-02-03T07:49:00,0.82,False,
a8d0b5fa-e3a1-4fa9-8818-cadc4a3c2f13,Ordered Soda Pop got wrong flavor,Soda Pop,Resealable Bag v1,Texas,Wrong Flavor,Twitter,2026-02-03T08:00:00,0.94,False,
34674f41-3314-4972-a190-0f3a8c2ca1f3,Can 330ml half empty - Crunchy Chips,Crunchy Chips,Can 330ml,Texas,Low Fill,Email,2026-02-03T08:07:00,0.81,False,
1ed559e1-5e7a-4389-b57b-da6523d62fbd,Soda Pop tastes stale from California,Soda Pop,Resealable Bag v1,California,Stale Taste,Call Center,2026-02-03T08:14:00,0.93,False,
730ff54a-2cc3-475f-86bd-16ea0bd03d3b,Ordered Granola Bar got wrong flavor,Granola Bar,Can 330ml,Midwest,Wrong Flavor,Amazon Review,2026-02-03T08:18:00,0.8,False,
21ba32e3-1938-4d20-93a2-13691b2e6006,Stale Soda Pop in Resealable Bag v1,Soda Pop,Resealable Bag v1,Midwest,Stale Taste,Twitter,2026-02-03T08:20:00,0.72,False,
4b85b245-9b78-4869-b4a7-3e6af811bef5,Can 330ml leaking in transit to Midwest,Soda Pop,Can 330ml,Midwest,Leaking,Amazon Review,2026-02-03T08:32:00,0.63,False,
4958837f-f0dd-46f9-a1cf-dc495ae47cde,Ordered Crunchy Chips got wrong flavor,Crunchy Chips,Resealable Bag v2 - New Lid,Pacific Northwest,Wrong Flavor,Twitter,2026-02-03T08:40:00,0.66,False,
bc3d8687-571a-4b09-b0c0-4bc8afe5add8,Box 200g half empty - Crunchy Chips,Crunchy Chips,Box 200g,Pacific Northwest,Low Fill,Twitter,2026-02-03T08:40:00,0.67,False,
64614230-bdc3-4d6a-bac8-e2ffc9582348,New lid on Resealable Bag v1 doesn't seal properly,Granola Bar,Resealable Bag v1,Northeast,Seal Failure,Email,2026-02-03T08:55:00,0.88,False,
8548eb65-1957-4f43-ae33-c3cd3032e2a4,Box 200g arrived torn,Cookies Pack,Box 200g,Northeast,Damaged Pack,Call Center,2026-02-03T09:06:00,0.69,False,
725ba007-c079-448d-9f0b-46a46fe1a9a1,Opened Cookies Pack and it was stale,Cookies Pack,Can 330ml,California,Stale Taste,Email,2026-02-03T09:11:00,0.61,False,
82966c05-2bbf-4cb2-bdff-6849c40538ca,Opened Crunchy Chips and it was stale,Crunchy Chips,Box 200g,California,Stale Taste,Amazon Review,2026-02-03T09:11:00,0.73,False,
c7173af0-d3ab-4baa-9c0f-dde01e7ded3b,Ordered Cookies Pack got wrong flavor,Cookies Pack,Box 200g,Midwest,Wrong Flavor,Amazon Review,2026-02-03T09:15:00,0.72,False,
51468c62-4a51-4c24-bf41-90bfb3850af4,Resealable Bag v1 leaking in transit to Texas,Cookies Pack,Resealable Bag v1,Texas,Leaking,Twitter,2026-02-03T09:23:00,0.8,False,
45676018-ca17-4c75-868f-f5955c113c29,Resealable Bag v2 - New Lid leaking in transit to Midwest,Soda Pop,Resealable Bag v2 - New Lid,Midwest,Leaking,Email,2026-02-03T09:29:00,0.91,False,
ae90ed04-169d-4318-b416-6abbacadd268,Ordered Cookies Pack got wrong flavor,Cookies Pack,Box 200g,Northeast,Wrong Flavor,Amazon Review,2026-02-03T09:32:00,0.79,False,
0fbabc2f-7bd7-44b2-971f-4db9d9a2c5b4,Resealable Resealable Bag v2 - New Lid failed to close - Pacific Northwest,Granola Bar,Resealable Bag v2 - New Lid,Pacific Northwest,Seal Failure,Amazon Review,2026-02-03T09:33:00,0.85,False,
d790f352-7f28-478a-89d0-d018021538f8,New lid on Can 330ml doesn't seal properly,Crunchy Chips,Can 330ml,Northeast,Seal Failure,Twitter,2026-02-03T09:36:00,0.7,False,
5d11552a-2cc6-4d75-81ba-db4cea4b75dd,Ordered Granola Bar got wrong flavor,Granola Bar,Resealable Bag v2 - New Lid,California,Wrong Flavor,Twitter,2026-02-03T09:47:00,0.75,False,
69b1caf0-d6d8-45bc-ae82-6fe641d76b53,Resealable Resealable Bag v2 - New Lid failed to close - California,Soda Pop,Resealable Bag v2 - New Lid,California,Seal Failure,Twitter,2026-02-03T10:03:00,0.83,False,
36ca3dbd-6e28-4275-b35d-70027228a38a,Resealable Bag v2 - New Lid leaking in transit to Midwest,Crunchy Chips,Resealable Bag v2 - New Lid,Midwest,Leaking,Email,2026-02-03T10:26:00,0.85,False,
bca0bbef-fdea-4b23-8e25-5c65b888bbff,Box 200g arrived torn,Cookies Pack,Box 200g,Pacific Northwest,Damaged Pack,Twitter,2026-02-03T10:32:00,0.7,False,
5388fb7a-026f-400b-9541-12676fc63624,Ordered Granola Bar got wrong flavor,Granola Bar,Box 200g,California,Wrong Flavor,Email,2026-02-03T10:46:00,0.66,False,
e72c9c4f-08f5-41cc-8f74-7807ed50513f,"The Box 200g won't close, goes stale in Pacific Northwest",Granola Bar,Box 200g,Pacific Northwest,Seal Failure,Amazon Review,2026-02-03T10:51:00,0.6,False,
dfa84e35-9833-46f5-ba8d-826fce51311b,Resealable Resealable Bag v1 failed to close - Midwest,Soda Pop,Resealable Bag v1,Midwest,Seal Failure,Email,2026-02-03T11:00:00,0.74,False,
0145e14f-1d6a-47fe-8eed-2f8038adbde3,Can 330ml arrived torn,Crunchy Chips,Can 330ml,Midwest,Damaged Pack,Call Center,2026-02-03T11:01:00,0.73,False,
d5920bbb-0cc0-450f-a1fa-26166ffca6ef,Ordered Soda Pop got wrong flavor,Soda Pop,Resealable Bag v2 - New Lid,Pacific Northwest,Wrong Flavor,Amazon Review,2026-02-03T11:17:00,0.84,False,
a0d5c688-7bc1-47fa-a1a3-5b151b6b9d03,Ordered Cookies Pack got wrong flavor,Cookies Pack,Resealable Bag v1,Northeast,Wrong Flavor,Twitter,2026-02-03T11:28:00,0.76,False,
0044aa38-30b3-4ed7-87fa-f2ef058a527b,Stale Crunchy Chips in Can 330ml,Crunchy Chips,Can 330ml,Northeast,Stale Taste,Twitter,2026-02-03T11:29:00,0.74,False,
c73bf624-e160-4460-bd3d-d766dc8b7aba,Resealable Bag v1 arrived torn,Cookies Pack,Resealable Bag v1,Midwest,Damaged Pack,Twitter,2026-02-03T11:49:00,0.61,False,
eca88b5f-a8d1-4e21-9e71-5fccc50c7efc,Cookies Pack tastes stale from California,Cookies Pack,Box 200g,California,Stale Taste,Twitter,2026-02-03T12:02:00,0.67,False,
87ba1302-b1d5-4fe9-b462-49b41b147eb8,Box 200g leaking in transit to Northeast,Granola Bar,Box 200g,Northeast,Leaking,Email,2026-02-03T12:06:00,0.71,False,
88b7b224-d66b-4560-a3ca-291d20852770,Crunchy Chips tastes stale from Texas,Crunchy Chips,Resealable Bag v1,Texas,Stale Taste,Email,2026-02-03T12:17:00,0.71,False,
d4c9b388-2b94-4075-822e-eb7ae70c0b13,Resealable Bag v2 - New Lid arrived torn,Granola Bar,Resealable Bag v2 - New Lid,California,Damaged Pack,Amazon Review,2026-02-03T12:19:00,0.92,False,
35925db0-3887-4589-8a9f-1900d96811cb,Ordered Soda Pop got wrong flavor,Soda Pop,Resealable Bag v1,Northeast,Wrong Flavor,Amazon Review,2026-02-03T12:29:00,0.9,False,
b524acd5-624c-4406-b006-d5c3f47104a9,Opened Cookies Pack and it was stale,Cookies Pack,Resealable Bag v1,California,Stale Taste,Call Center,2026-02-03T12:35:00,0.61,False,
77ddb2af-f673-4fae-bb32-9c63b64c627f,Resealable Bag v1 half empty - Crunchy Chips,Crunchy Chips,Resealable Bag v1,Midwest,Low Fill,Email,2026-02-03T12:41:00,0.94,False,
51143623-ac31-4927-9ef6-01f44bd153d8,Ordered Soda Pop got wrong flavor,Soda Pop,Box 200g,Pacific Northwest,Wrong Flavor,Call Center,2026-02-03T12:44:00,0.91,False,
e0a68905-c7c8-4514-965a-88eaf2e9460b,Ordered Soda Pop got wrong flavor,Soda Pop,Resealable Bag v2 - New Lid,California,Wrong Flavor,Call Center,2026-02-03T12:47:00,0.79,False,
dfe0d3a7-a41a-43a1-b0b7-8abb6337b6a9,Resealable Bag v2 - New Lid half empty - Cookies Pack,Cookies Pack,Resealable Bag v2 - New Lid,Midwest,Low Fill,Amazon Review,2026-02-03T12:48:00,0.94,False,
a40530c5-7eb3-454d-b471-7780da790f79,Opened Soda Pop and it was stale,Soda Pop,Box 200g,Pacific Northwest,Stale Taste,Amazon Review,2026-02-03T12:55:00,0.93,False,
d45b8c21-e528-4bc5-9111-3c211c48e37b,"The Resealable Bag v1 won't close, goes stale in Pacific Northwest",Soda Pop,Resealable Bag v1,Pacific Northwest,Seal Failure,Amazon Review,2026-02-03T13:02:00,0.74,False,
939c0c24-d44b-412c-bb63-11a3a553263f,Stale Soda Pop in Resealable Bag v2 - New Lid,Soda Pop,Resealable Bag v2 - New Lid,California,Stale Taste,Twitter,2026-02-03T13:11:00,0.92,False,
78c7165b-6b3a-4810-bf08-95af56af2fb5,Ordered Cookies Pack got wrong flavor,Cookies Pack,Can 330ml,Pacific Northwest,Wrong Flavor,Call Center,2026-02-03T13:14:00,0.83,False,
fbca6201-7748-4dd2-bf8c-b88b1a8d0450,New lid on Can 330ml doesn't seal properly,Crunchy Chips,Can 330ml,California,Seal Failure,Email,2026-02-03T13:26:00,0.87,False,
b4f69ce4-8491-44e1-8084-895800d57546,"The Box 200g won't close, goes stale in Texas",Soda Pop,Box 200g,Texas,Seal Failure,Call Center,2026-02-03T13:39:00,0.63,False,
af7033ca-b1f0-4a23-a16a-9ab2648ba011,New lid on Can 330ml doesn't seal properly,Granola Bar,Can 330ml,Midwest,Seal Failure,Twitter,2026-02-03T13:44:00,0.87,False,
0a5a4136-820c-4698-ac21-1cd9d6ae8b24,Ordered Soda Pop got wrong flavor,Soda Pop,Box 200g,Texas,Wrong Flavor,Call Center,2026-02-03T13:49:00,0.95,False,
5dccc5c2-5d22-4dae-8caf-057f5dc4442b,"The Can 330ml won't close, goes stale in Texas",Granola Bar,Can 330ml,Texas,Seal Failure,Email,2026-02-03T13:59:00,0.77,False,
ab2a9501-9a0c-4294-b0d2-853078834b24,Resealable Box 200g failed to close - Pacific Northwest,Cookies Pack,Box 200g,Pacific Northwest,Seal Failure,Email,2026-02-03T14:02:00,0.74,False,
6a4b4f6f-be2a-41ba-bfe2-960d56a0d2d0,Box 200g half empty - Soda Pop,Soda Pop,Box 200g,California,Low Fill,Email,2026-02-03T14:07:00,0.7,False,
c000ae47-9a4d-4bf2-a625-552748d5c9cb,Box crushed in shipping to Midwest,Crunchy Chips,Resealable Bag v1,Midwest,Damaged Pack,Email,2026-02-03T14:15:00,0.76,False,
76a91f1b-393f-4b70-b882-e4fb3b1a40bb,Ordered Soda Pop got wrong flavor,Soda Pop,Can 330ml,Midwest,Wrong Flavor,Email,2026-02-03T14:16:00,0.76,False,
75137bdc-043d-4a0a-8ac2-c5734f0de771,New lid on Box 200g doesn't seal properly,Cookies Pack,Box 200g,California,Seal Failure,Twitter,2026-02-03T14:19:00,0.7,False,
cc6e2fa7-139e-4794-851f-72815f995525,Ordered Granola Bar got wrong flavor,Granola Bar,Box 200g,Northeast,Wrong Flavor,Amazon Review,2026-02-03T14:30:00,0.69,False,
f183bba6-9227-4ba3-b8bd-436f92da7434,Resealable Bag v1 leaking in transit to Texas,Soda Pop,Resealable Bag v1,Texas,Leaking,Email,2026-02-03T14:42:00,0.73,False,
6bba9335-c190-46b4-97cb-6c885f770c52,Box crushed in shipping to Texas,Granola Bar,Box 200g,Texas,Damaged Pack,Amazon Review,2026-02-03T14:49:00,0.9,False,
eea8e685-41cb-4d4b-bfc8-65f8f3d04c1d,Box 200g half empty - Soda Pop,Soda Pop,Box 200g,Pacific Northwest,Low Fill,Amazon Review,2026-02-03T15:03:00,0.7,False,
6ba82fef-6dd0-4514-9e90-3d6a12578308,Opened Cookies Pack and it was stale,Cookies Pack,Can 330ml,California,Stale Taste,Email,2026-02-03T15:07:00,0.71,False,
72934d1f-0020-4a75-93e8-a90b506e0ad5,Resealable Resealable Bag v1 failed to close - Midwest,Granola Bar,Resealable Bag v1,Midwest,Seal Failure,Email,2026-02-03T15:20:00,0.89,False,
eaa74249-8511-45f8-bce4-37a3d9bf3815,Stale Granola Bar in Can 330ml,Granola Bar,Can 330ml,California,Stale Taste,Email,2026-02-03T15:24:00,0.69,False,
9371d2cc-00c5-4b80-8816-cf3b11b57ead,Resealable Resealable Bag v2 - New Lid failed to close - California,Soda Pop,Resealable Bag v2 - New Lid,California,Seal Failure,Twitter,2026-02-03T15:30:00,0.78,False,
2a13d78b-d3f9-4dc8-bc65-32b02773a3ff,Can 330ml arrived torn,Granola Bar,Can 330ml,Midwest,Damaged Pack,Amazon Review,2026-02-03T15:37:00,0.66,False,
8aa20ab8-7e10-425a-9209-48bbda139753,"The Can 330ml won't close, goes stale in Midwest",Soda Pop,Can 330ml,Midwest,Seal Failure,Email,2026-02-03T16:01:00,0.81,False,
e7ed1762-48c5-4fe1-925c-215cad5e67a3,Opened Granola Bar and it was stale,Granola Bar,Resealable Bag v2 - New Lid,California,Stale Taste,Call Center,2026-02-03T16:03:00,0.77,False,
30570f94-3998-41dd-af7b-3e5c7abb83fc,Granola Bar tastes stale from Texas,Granola Bar,Can 330ml,Texas,Stale Taste,Email,2026-02-03T16:09:00,0.61,False,
9c5e29db-5450-4545-b1cc-51b3a2a1222a,New lid on Can 330ml doesn't seal properly,Crunchy Chips,Can 330ml,Northeast,Seal Failure,Call Center,2026-02-03T16:28:00,0.62,False,
4e3bee91-aedd-4ad9-8b2f-5b73850392cf,Opened Soda Pop and it was stale,Soda Pop,Resealable Bag v1,Pacific Northwest,Stale Taste,Email,2026-02-03T16:29:00,0.84,False,
53c94212-dd7c-4c96-90c1-6269448cb5e6,Box 200g half empty - Cookies Pack,Cookies Pack,Box 200g,California,Low Fill,Email,2026-02-03T16:30:00,0.91,False,
cca063a9-eea4-4887-abf8-f52f9d3aac36,Resealable Bag v1 half empty - Crunchy Chips,Crunchy Chips,Resealable Bag v1,Texas,Low Fill,Call Center,2026-02-03T16:30:00,0.89,False,
d4371da9-d000-4677-856b-5672a6bb6132,Ordered Crunchy Chips got wrong flavor,Crunchy Chips,Box 200g,Texas,Wrong Flavor,Amazon Review,2026-02-03T16:32:00,0.87,False,
1458a29a-77ef-4602-9381-ad1da7796394,Box crushed in shipping to Texas,Soda Pop,Box 200g,Texas,Damaged Pack,Email,2026-02-03T17:29:00,0.61,False,
5c1854cc-d6e3-420b-8283-77b480b3af51,Resealable Bag v1 leaking in transit to Pacific Northwest,Soda Pop,Resealable Bag v1,Pacific Northwest,Leaking,Call Center,2026-02-03T17:37:00,0.76,False,
81b9184a-ae71-4928-9af6-2fb630a303fb,Can 330ml leaking in transit to Pacific Northwest,Granola Bar,Can 330ml,Pacific Northwest,Leaking,Twitter,2026-02-03T17:38:00,0.62,False,
a660e8f7-b53a-4b23-bbdc-1a8bf15c2e6e,Cookies Pack tastes stale from Pacific Northwest,Cookies Pack,Box 200g,Pacific Northwest,Stale Taste,Email,2026-02-03T17:45:00,0.72,False,
94444769-d7d7-4026-8b56-e610cf355a1c,"The Resealable Bag v1 won't close, goes stale in Northeast",Crunchy Chips,Resealable Bag v1,Northeast,Seal Failure,Call Center,2026-02-03T17:50:00,0.74,False,
e2e93fcd-82ca-4e78-8798-ea8d4b50ebff,Resealable Bag v2 - New Lid leaking in transit to Midwest,Cookies Pack,Resealable Bag v2 - New Lid,Midwest,Leaking,Amazon Review,2026-02-03T17:50:00,0.92,False,
4408b979-d8ff-4927-aa4b-cbcd3f5be2bc,Can 330ml half empty - Granola Bar,Granola Bar,Can 330ml,Northeast,Low Fill,Amazon Review,2026-02-03T17:51:00,0.73,False,
3d92cc4c-7f0c-4c44-9c25-aefb66fb1b05,Resealable Bag v1 arrived torn,Granola Bar,Resealable Bag v1,Pacific Northwest,Damaged Pack,Email,2026-02-03T18:05:00,0.78,False,
87073dae-3002-445f-8ffb-826269cfbf6d,Box crushed in shipping to Northeast,Crunchy Chips,Resealable Bag v2 - New Lid,Northeast,Damaged Pack,Call Center,2026-02-03T18:10:00,0.62,False,
53faccb9-b9a9-42b4-ae4b-ff7e7191e5ae,Resealable Bag v1 half empty - Crunchy Chips,Crunchy Chips,Resealable Bag v1,Northeast,Low Fill,Twitter,2026-02-03T18:24:00,0.9,False,
36bbfdf4-0c29-45e3-b209-3b989ecd2a53,Resealable Bag v2 - New Lid half empty - Cookies Pack,Cookies Pack,Resealable Bag v2 - New Lid,Midwest,Low Fill,Email,2026-02-03T18:45:00,0.87,False,
5b993d1d-fffd-4ccf-ad14-884dd0478ec3,Stale Crunchy Chips in Resealable Bag v2 - New Lid,Crunchy Chips,Resealable Bag v2 - New Lid,California,Stale Taste,Call Center,2026-02-03T18:49:00,0.84,False,
46decb1a-63e7-4faf-80a3-6d9b44947a6e,Resealable Bag v2 - New Lid half empty - Cookies Pack,Cookies Pack,Resealable Bag v2 - New Lid,Texas,Low Fill,Amazon Review,2026-02-03T18:57:00,0.62,False,
a0dcd028-a2c3-4a85-bc3b-cf061f172de8,Resealable Bag v2 - New Lid half empty - Granola Bar,Granola Bar,Resealable Bag v2 - New Lid,Texas,Low Fill,Amazon Review,2026-02-03T19:05:00,0.64,False,
6ea8743f-2129-43bf-bd34-4ccfb5ba8330,Resealable Bag v1 arrived torn,Soda Pop,Resealable Bag v1,Texas,Damaged Pack,Twitter,2026-02-03T19:13:00,0.86,False,
2b6d8ae1-afd2-4f68-a7f6-cc49028d8923,"The Can 330ml won't close, goes stale in California",Crunchy Chips,Can 330ml,California,Seal Failure,Call Center,2026-02-03T19:20:00,0.69,False,
82220caa-63e0-4fc6-9025-213f06575f1d,Ordered Soda Pop got wrong flavor,Soda Pop,Can 330ml,Midwest,Wrong Flavor,Amazon Review,2026-02-03T19:28:00,0.92,False,
93cd8927-35c5-420f-a984-86d4eeb990ff,New lid on Resealable Bag v1 doesn't seal properly,Cookies Pack,Resealable Bag v1,Texas,Seal Failure,Amazon Review,2026-02-03T19:35:00,0.62,False,
3e7f8eb6-ac7f-4a84-b671-e7734353f97c,"The Box 200g won't close, goes stale in Pacific Northwest",Soda Pop,Box 200g,Pacific Northwest,Seal Failure,Email,2026-02-03T19:38:00,0.68,False,
285f2adf-c12e-489b-9aa3-1c470fd20446,Stale Crunchy Chips in Can 330ml,Crunchy Chips,Can 330ml,Pacific Northwest,Stale Taste,Call Center,2026-02-03T19:42:00,0.66,False,
bfe2060d-77ab-4532-abee-8024d8c0ea7d,Ordered Crunchy Chips got wrong flavor,Crunchy Chips,Resealable Bag v1,Pacific Northwest,Wrong Flavor,Call Center,2026-02-03T20:35:00,0.64,False,
2f78f98a-4865-4f84-9978-25d3080bf5e7,Can 330ml half empty - Granola Bar,Granola Bar,Can 330ml,Texas,Low Fill,Call Center,2026-02-03T20:39:00,0.84,False,
524df89f-8436-4892-b900-d2a1003cc61d,Resealable Bag v1 half empty - Granola Bar,Granola Bar,Resealable Bag v1,Texas,Low Fill,Amazon Review,2026-02-03T20:52:00,0.9,False,
81c5f06a-a470-45b1-b8aa-abedd9685b38,Box crushed in shipping to Texas,Soda Pop,Can 330ml,Texas,Damaged Pack,Amazon Review,2026-02-03T21:06:00,0.87,False,
ce9808fa-56f5-4ca9-8c2e-5f7a940ef93f,Ordered Cookies Pack got wrong flavor,Cookies Pack,Can 330ml,Texas,Wrong Flavor,Call Center,2026-02-03T21:11:00,0.64,False,
43629a07-c45c-42a7-b4cb-5e45d9649576,Resealable Box 200g failed to close - Texas,Crunchy Chips,Box 200g,Texas,Seal Failure,Email,2026-02-03T21:27:00,0.91,False,
68d875f0-92f4-4ffe-9aaa-6477e0c34074,Resealable Bag v1 arrived torn,Crunchy Chips,Resealable Bag v1,Texas,Damaged Pack,Amazon Review,2026-02-03T21:43:00,0.67,False,
1bcd7a50-61fe-48fb-8d74-0d82bbb68b77,Resealable Bag v2 - New Lid leaking in transit to Midwest,Cookies Pack,Resealable Bag v2 - New Lid,Midwest,Leaking,Twitter,2026-02-03T21:47:00,0.83,False,
8f4ba8af-2365-4959-9267-469e0b515c0e,New lid on Can 330ml doesn't seal properly,Cookies Pack,Can 330ml,California,Seal Failure,Twitter,2026-02-03T21:49:00,0.85,False,
068de60b-4c98-4cb6-b481-4981eceb5310,Soda Pop tastes stale from Midwest,Soda Pop,Resealable Bag v2 - New Lid,Midwest,Stale Taste,Twitter,2026-02-03T22:02:00,0.74,False,
97885f83-213e-459d-b3ad-f9285ad66efa,Resealable Resealable Bag v1 failed to close - Pacific Northwest,Crunchy Chips,Resealable Bag v1,Pacific Northwest,Seal Failure,Amazon Review,2026-02-03T22:13:00,0.84,False,
f1f7bae9-0b29-4fda-a2c9-dc7418d92ef3,"The Resealable Bag v2 - New Lid won't close, goes stale in Midwest",Granola Bar,Resealable Bag v2 - New Lid,Midwest,Seal Failure,Call Center,2026-02-03T22:26:00,0.64,False,
ad2752f5-cf65-49c3-a805-18a48dd24ba0,Resealable Resealable Bag v2 - New Lid failed to close - Northeast,Cookies Pack,Resealable Bag v2 - New Lid,Northeast,Seal Failure,Email,2026-02-03T22:38:00,0.74,False,
63d7649c-d1e8-4adf-9080-fe70133cd41b,New lid on Can 330ml doesn't seal properly,Crunchy Chips,Can 330ml,California,Seal Failure,Call Center,2026-02-03T22:41:00,0.85,False,
b3eec13a-cc87-469a-8c4c-c84086fe3417,Can 330ml arrived torn,Crunchy Chips,Can 330ml,Pacific Northwest,Damaged Pack,Twitter,2026-02-03T22:47:00,0.8,False,
1f4d3dfa-c813-48a4-b2a0-1e8b38af1217,Ordered Soda Pop got wrong flavor,Soda Pop,Resealable Bag v2 - New Lid,Northeast,Wrong Flavor,Call Center,2026-02-03T23:08:00,0.71,False,
9d067797-b4db-475e-b574-e1b2637d502c,Can 330ml arrived torn,Granola Bar,Can 330ml,Northeast,Damaged Pack,Twitter,2026-02-03T23:12:00,0.65,False,
65977347-e53e-415d-bcad-1f733284b283,Stale Soda Pop in Box 200g,Soda Pop,Box 200g,California,Stale Taste,Amazon Review,2026-02-03T23:14:00,0.73,False,
d931b75c-0680-40e9-a3c8-8435a2f54f72,Box crushed in shipping to California,Cookies Pack,Resealable Bag v2 - New Lid,California,Damaged Pack,Twitter,2026-02-03T23:32:00,0.74,False,
e68106a6-d7a6-4242-b6bb-dfc7138e2c99,Resealable Resealable Bag v2 - New Lid failed to close - Northeast,Soda Pop,Resealable Bag v2 - New Lid,Northeast,Seal Failure,Email,2026-02-03T23:34:00,0.83,False,
25bb4780-ccc2-49a0-9d05-c084d5ca947d,Can 330ml leaking in transit to Pacific Northwest,Crunchy Chips,Can 330ml,Pacific Northwest,Leaking,Email,2026-02-03T23:34:00,0.7,False,
a16c8b43-8dd4-43e5-b2c9-cf686bb30960,Resealable Resealable Bag v2 - New Lid failed to close - Northeast,Crunchy Chips,Resealable Bag v2 - New Lid,Northeast,Seal Failure,Email,2026-02-03T23:39:00,0.86,False,
f944a880-9140-4ed5-affb-68951f6f1bac,"The Can 330ml won't close, goes stale in Midwest",Crunchy Chips,Can 330ml,Midwest,Seal Failure,Email,2026-02-03T23:58:00,0.92,False,
8e5288a2-e8e8-418b-8812-d178e7340db3,Opened Granola Bar and it was stale,Granola Bar,Can 330ml,Midwest,Stale Taste,Email,2026-02-04T00:06:00,0.67,False,
7c55a3fd-7f4d-4c28-a20d-3f95df2e788b,Can 330ml half empty - Crunchy Chips,Crunchy Chips,Can 330ml,Midwest,Low Fill,Amazon Review,2026-02-04T00:06:00,0.93,False,
c8312b40-88dd-4cef-84d4-ff040c62dca5,Opened Cookies Pack and it was stale,Cookies Pack,Resealable Bag v1,Texas,Stale Taste,Email,2026-02-04T00:12:00,0.92,False,
32f8b843-d0e5-4a31-b2d9-6fec8326289f,Ordered Soda Pop got wrong flavor,Soda Pop,Can 330ml,California,Wrong Flavor,Twitter,2026-02-04T00:28:00,0.88,False,
e092c155-f62d-4e39-bfcc-0d9d6178590c,Resealable Box 200g failed to close - California,Cookies Pack,Box 200g,California,Seal Failure,Email,2026-02-04T00:29:00,0.8,False,
4941ca91-26ff-45ad-b95a-8ad2481d10d3,Crunchy Chips tastes stale from Midwest,Crunchy Chips,Can 330ml,Midwest,Stale Taste,Twitter,2026-02-04T00:34:00,0.75,False,
0b3a1008-6598-4242-b7fc-45cfa94950b2,Opened Granola Bar and it was stale,Granola Bar,Resealable Bag v2 - New Lid,Texas,Stale Taste,Email,2026-02-04T00:35:00,0.72,False,
8ac3e540-9027-4629-9b5b-e76a3be3d736,Resealable Box 200g failed to close - Texas,Cookies Pack,Box 200g,Texas,Seal Failure,Call Center,2026-02-04T00:37:00,0.95,False,
fcc0af92-df87-4840-930c-4c6f58320714,Soda Pop tastes stale from Texas,Soda Pop,Box 200g,Texas,Stale Taste,Amazon Review,2026-02-04T00:45:00,0.77,False,
1ba2f56d-0dab-42c2-9c99-f92757622411,Box crushed in shipping to Northeast,Crunchy Chips,Resealable Bag v2 - New Lid,Northeast,Damaged Pack,Amazon Review,2026-02-04T00:58:00,0.91,False,
01a741cb-3d7d-42e8-97b9-6dbf843a70c7,New lid on Resealable Bag v2 - New Lid doesn't seal properly,Crunchy Chips,Resealable Bag v2 - New Lid,Texas,Seal Failure,Amazon Review,2026-02-04T01:13:00,0.79,False,
601e7093-816f-42ac-869c-40496dd8406f,Box crushed in shipping to California,Crunchy Chips,Box 200g,California,Damaged Pack,Twitter,2026-02-04T01:13:00,0.77,False,
53fa20f6-c6b8-4320-b9df-68b214782a9b,Granola Bar tastes stale from California,Granola Bar,Resealable Bag v1,California,Stale Taste,Email,2026-02-04T01:16:00,0.85,False,
5193ed3a-f433-4a81-ac1f-b687509f346c,Box 200g half empty - Granola Bar,Granola Bar,Box 200g,Midwest,Low Fill,Call Center,2026-02-04T01:19:00,0.94,False,
447dcdca-1a89-4bee-8394-f81a45316e16,"The Resealable Bag v1 won't close, goes stale in Midwest",Granola Bar,Resealable Bag v1,Midwest,Seal Failure,Call Center,2026-02-04T01:46:00,0.75,False,
41a21880-9f61-45c9-8d85-8db4344cf45c,Resealable Bag v2 - New Lid half empty - Soda Pop,Soda Pop,Resealable Bag v2 - New Lid,Pacific Northwest,Low Fill,Twitter,2026-02-04T02:01:00,0.86,False,
a89b7071-c95d-4b48-808e-8ce9fbdb23e7,Stale Cookies Pack in Can 330ml,Cookies Pack,Can 330ml,Midwest,Stale Taste,Twitter,2026-02-04T02:25:00,0.84,False,
537adf7e-9cca-4518-826c-923adf3dc2de,Can 330ml leaking in transit to Pacific Northwest,Soda Pop,Can 330ml,Pacific Northwest,Leaking,Amazon Review,2026-02-04T02:38:00,0.77,False,
363c02da-1859-4dc1-b440-bc07ee6c8c95,Box crushed in shipping to Texas,Cookies Pack,Resealable Bag v2 - New Lid,Texas,Damaged Pack,Twitter,2026-02-04T02:45:00,0.74,False,
f97cb038-252e-43e2-9a5b-b5acec4aec50,Granola Bar tastes stale from Pacific Northwest,Granola Bar,Resealable Bag v1,Pacific Northwest,Stale Taste,Call Center,2026-02-04T02:52:00,0.6,False,
d39a870b-22f6-4efe-8573-627faf431ea6,Ordered Soda Pop got wrong flavor,Soda Pop,Resealable Bag v2 - New Lid,Northeast,Wrong Flavor,Email,2026-02-04T02:53:00,0.91,False,
b4fca74f-7daf-456f-be4b-6cd59eb3dca1,"The Resealable Bag v1 won't close, goes stale in Northeast",Soda Pop,Resealable Bag v1,Northeast,Seal Failure,Twitter,2026-02-04T03:02:00,0.74,False,
f823638f-ac71-48ac-8737-3d9399263617,Soda Pop tastes stale from California,Soda Pop,Can 330ml,California,Stale Taste,Call Center,2026-02-04T03:08:00,0.62,False,
20883e6d-77b7-4667-8754-decc5f8bce3d,"The Resealable Bag v2 - New Lid won't close, goes stale in California",Cookies Pack,Resealable Bag v2 - New Lid,California,Seal Failure,Email,2026-02-04T03:15:00,0.82,False,
83b0b607-933c-4e53-adbc-9a41e49d96cc,Resealable Resealable Bag v1 failed to close - California,Cookies Pack,Resealable Bag v1,California,Seal Failure,Email,2026-02-04T03:20:00,0.63,False,
c4881c59-3d67-4264-bfa8-c75e3ae2d870,Can 330ml leaking in transit to Northeast,Granola Bar,Can 330ml,Northeast,Leaking,Email,2026-02-04T03:29:00,0.93,False,
fed34aeb-7db4-4b05-8c5e-7736df3e4ac7,Box 200g leaking in transit to Northeast,Granola Bar,Box 200g,Northeast,Leaking,Amazon Review,2026-02-04T03:33:00,0.87,False,
a4c7d9ed-5ec8-4dec-b5e2-5ff17e0b91fc,Resealable Resealable Bag v1 failed to close - Northeast,Cookies Pack,Resealable Bag v1,Northeast,Seal Failure,Amazon Review,2026-02-04T03:42:00,0.71,False,
aa9fd01a-3de4-40c5-a80f-ed5ed7f27c61,Box crushed in shipping to Northeast,Cookies Pack,Resealable Bag v1,Northeast,Damaged Pack,Call Center,2026-02-04T03:43:00,0.85,False,
b48dda16-2ad3-4449-9fba-fefc858f05d5,New lid on Resealable Bag v2 - New Lid doesn't seal properly,Soda Pop,Resealable Bag v2 - New Lid,California,Seal Failure,Email,2026-02-04T03:44:00,0.87,False,
7e08461b-ea8d-4c2c-b378-424705702d90,Cookies Pack tastes stale from Midwest,Cookies Pack,Box 200g,Midwest,Stale Taste,Twitter,2026-02-04T04:15:00,0.94,False,
e2865305-4983-486c-85a3-93315121e38f,Box crushed in shipping to Northeast,Cookies Pack,Box 200g,Northeast,Damaged Pack,Call Center,2026-02-04T04:29:00,0.83,False,
e818f32a-d9c2-44b3-bd3f-ac7dc28c4bbf,Resealable Bag v2 - New Lid half empty - Crunchy Chips,Crunchy Chips,Resealable Bag v2 - New Lid,Pacific Northwest,Low Fill,Amazon Review,2026-02-04T04:40:00,0.87,False,
6b3d93f5-eccb-4df0-a6f8-b9b93e0a0205,Ordered Soda Pop got wrong flavor,Soda Pop,Resealable Bag v1,Northeast,Wrong Flavor,Twitter,2026-02-04T04:45:00,0.9,False,
e9e1041f-3715-4f75-837c-16ebe19b01a6,Can 330ml half empty - Cookies Pack,Cookies Pack,Can 330ml,Pacific Northwest,Low Fill,Twitter,2026-02-04T04:50:00,0.78,False,
618ba1c9-d266-4877-a056-432943a37537,Can 330ml leaking in transit to Texas,Soda Pop,Can 330ml,Texas,Leaking,Email,2026-02-04T05:05:00,0.84,False,
71f2e775-227d-497b-8d91-1e0d7d97010a,Ordered Soda Pop got wrong flavor,Soda Pop,Box 200g,Midwest,Wrong Flavor,Email,2026-02-04T05:10:00,0.65,False,
5b4b3fa1-c25c-4dd7-91dc-d12d05d5a3e6,Can 330ml half empty - Granola Bar,Granola Bar,Can 330ml,Pacific Northwest,Low Fill,Call Center,2026-02-04T05:13:00,0.89,False,
ec57fa3f-037a-406e-8741-3efee16f2e2a,Resealable Bag v2 - New Lid half empty - Cookies Pack,Cookies Pack,Resealable Bag v2 - New Lid,Midwest,Low Fill,Email,2026-02-04T05:16:00,0.79,False,
c8c19ae2-42db-49ec-8f4d-45dd9d0b5a54,Ordered Granola Bar got wrong flavor,Granola Bar,Resealable Bag v1,Texas,Wrong Flavor,Call Center,2026-02-04T05:27:00,0.64,False,
4321f9f2-79a0-4f6a-8c44-6a35e28afd37,Resealable Bag v1 half empty - Crunchy Chips,Crunchy Chips,Resealable Bag v1,California,Low Fill,Amazon Review,2026-02-04T05:33:00,0.65,False,
ed04bc55-5a24-4238-b4c5-14aba7e83d31,Box 200g arrived torn,Cookies Pack,Box 200g,California,Damaged Pack,Call Center,2026-02-04T05:35:00,0.86,False,
723e5541-a92a-47c2-9b89-2eaf71f964ec,Box crushed in shipping to Pacific Northwest,Granola Bar,Resealable Bag v2 - New Lid,Pacific Northwest,Damaged Pack,Email,2026-02-04T05:44:00,0.87,False,
5ad45a45-a90d-4ef8-bdfc-46f724e9220f,Resealable Bag v2 - New Lid leaking in transit to Midwest,Cookies Pack,Resealable Bag v2 - New Lid,Midwest,Leaking,Call Center,2026-02-04T05:48:00,0.71,False,
b29c1130-8905-454d-b8a3-a7e40bee8cd4,Can 330ml half empty - Granola Bar,Granola Bar,Can 330ml,Texas,Low Fill,Call Center,2026-02-04T05:51:00,0.83,False,
e4948335-ba50-4f0d-99d8-7c21b4579187,Resealable Bag v1 leaking in transit to Midwest,Soda Pop,Resealable Bag v1,Midwest,Leaking,Amazon Review,2026-02-04T05:53:00,0.93,False,
043a5fe4-64f8-4c9d-8a8f-f6260332d0ff,Ordered Granola Bar got wrong flavor,Granola Bar,Resealable Bag v2 - New Lid,California,Wrong Flavor,Call Center,2026-02-04T06:28:00,0.89,False,
b8d77802-1b14-4d74-bc2c-3c5ec7974f78,Resealable Bag v2 - New Lid arrived torn,Crunchy Chips,Resealable Bag v2 - New Lid,Northeast,Damaged Pack,Email,2026-02-04T06:38:00,0.76,False,
a351ee2b-5260-4c3f-920a-ed6b5c6bff9f,Can 330ml leaking in transit to Pacific Northwest,Cookies Pack,Can 330ml,Pacific Northwest,Leaking,Twitter,2026-02-04T06:56:00,0.81,False,
69252956-4459-423d-ac8c-c3ad844487cf,Ordered Granola Bar got wrong flavor,Granola Bar,Resealable Bag v2 - New Lid,California,Wrong Flavor,Twitter,2026-02-04T06:58:00,0.87,False,
e6fcfb20-1501-488f-8442-98826aec0f73,"The Box 200g won't close, goes stale in Texas",Cookies Pack,Box 200g,Texas,Seal Failure,Amazon Review,2026-02-04T07:24:00,0.75,False,
3b691c20-7e34-4844-9ea7-d0c2d7363d4f,Box 200g half empty - Soda Pop,Soda Pop,Box 200g,Pacific Northwest,Low Fill,Amazon Review,2026-02-04T07:32:00,0.62,False,
6b0fc382-025e-47bd-8eca-f4aa7259fb0a,Opened Cookies Pack and it was stale,Cookies Pack,Box 200g,Northeast,Stale Taste,Amazon Review,2026-02-04T07:41:00,0.76,False,
23b45102-36c6-4ad4-adb4-5718d7daa781,Opened Granola Bar and it was stale,Granola Bar,Resealable Bag v1,Texas,Stale Taste,Amazon Review,2026-02-04T07:44:00,0.81,False,
b755c700-7bde-45ab-8b0d-39c8388d46e1,Stale Cookies Pack in Resealable Bag v1,Cookies Pack,Resealable Bag v1,Northeast,Stale Taste,Twitter,2026-02-04T07:54:00,0.77,False,
8260d12e-7bea-48bd-9b1f-749aa8f64c1a,Ordered Granola Bar got wrong flavor,Granola Bar,Resealable Bag v2 - New Lid,California,Wrong Flavor,Call Center,2026-02-04T07:55:00,0.85,False,
1a8017d8-cb3e-42fd-b7bb-ced5a983c613,"The Resealable Bag v2 - New Lid won't close, goes stale in Northeast",Cookies Pack,Resealable Bag v2 - New Lid,Northeast,Seal Failure,Call Center,2026-02-04T07:57:00,0.91,False,
68db5e59-a694-4265-ac18-b9072e9f5604,Resealable Resealable Bag v1 failed to close - Texas,Granola Bar,Resealable Bag v1,Texas,Seal Failure,Amazon Review,2026-02-04T08:08:00,0.85,False,
ca1528bb-ff21-4469-ab35-537ad92a5945,Resealable Bag v2 - New Lid arrived torn,Granola Bar,Resealable Bag v2 - New Lid,Northeast,Damaged Pack,Twitter,2026-02-04T08:10:00,0.63,False,
7afd445b-cd2b-4bea-839b-d64ea82a521e,Ordered Crunchy Chips got wrong flavor,Crunchy Chips,Resealable Bag v1,Northeast,Wrong Flavor,Call Center,2026-02-04T08:16:00,0.87,False,
d8e3d80f-460b-4e01-bae2-d9f979aec1e7,Resealable Bag v1 leaking in transit to Texas,Granola Bar,Resealable Bag v1,Texas,Leaking,Amazon Review,2026-02-04T08:19:00,0.71,False,
8321ce6b-afce-4cc2-9bb6-8701953cd207,Box 200g half empty - Granola Bar,Granola Bar,Box 200g,California,Low Fill,Twitter,2026-02-04T08:24:00,0.66,False,
4d5b1246-242c-4582-a24d-68acd43941cf,Box 200g leaking in transit to Midwest,Cookies Pack,Box 200g,Midwest,Leaking,Call Center,2026-02-04T08:26:00,0.75,False,
0e5a54d9-fa81-42d2-8921-3fe0b90a986b,Ordered Crunchy Chips got wrong flavor,Crunchy Chips,Box 200g,California,Wrong Flavor,Call Center,2026-02-04T08:36:00,0.82,False,
8d5afdad-92f9-48b7-8899-45462108a1e4,Resealable Bag v2 - New Lid half empty - Cookies Pack,Cookies Pack,Resealable Bag v2 - New Lid,Texas,Low Fill,Email,2026-02-04T08:37:00,0.69,False,
a126bf0e-4876-4033-ba98-7e4f44d4afbe,New lid on Can 330ml doesn't seal properly,Crunchy Chips,Can 330ml,Pacific Northwest,Seal Failure,Twitter,2026-02-04T08:38:00,0.65,False,
19ded5ff-bb31-40b2-a56e-4366c5b392cb,Stale Granola Bar in Can 330ml,Granola Bar,Can 330ml,Midwest,Stale Taste,Call Center,2026-02-04T08:53:00,0.82,False,
fb5c3dbb-2bad-4b97-a04c-91246effa107,Resealable Bag v1 arrived torn,Cookies Pack,Resealable Bag v1,Texas,Damaged Pack,Call Center,2026-02-04T09:00:00,0.83,False,
06df1b7d-1b89-4aea-a4e6-63f4e3a3d4aa,Resealable Bag v1 half empty - Cookies Pack,Cookies Pack,Resealable Bag v1,Northeast,Low Fill,Twitter,2026-02-04T09:00:00,0.73,False,
c54f4a3e-7dcf-421b-b8b1-12ebc7e18388,Ordered Soda Pop got wrong flavor,Soda Pop,Resealable Bag v2 - New Lid,Northeast,Wrong Flavor,Twitter,2026-02-04T09:02:00,0.69,False,
e2057950-4503-49e2-82f5-577899578347,Resealable Bag v1 half empty - Soda Pop,Soda Pop,Resealable Bag v1,Midwest,Low Fill,Email,2026-02-04T09:04:00,0.73,False,
faf93349-0bca-4b6c-aa79-164387540ff5,Resealable Bag v2 - New Lid half empty - Granola Bar,Granola Bar,Resealable Bag v2 - New Lid,Texas,Low Fill,Amazon Review,2026-02-04T09:08:00,0.88,False,
392570ba-8d26-4654-a75a-ad1ac29c2334,Box crushed in shipping to Texas,Granola Bar,Resealable Bag v1,Texas,Damaged Pack,Twitter,2026-02-04T09:08:00,0.93,False,
c37a9e3c-adc6-43e0-abc1-72f3ab9a1da8,Ordered Soda Pop got wrong flavor,Soda Pop,Resealable Bag v1,Midwest,Wrong Flavor,Twitter,2026-02-04T09:39:00,0.86,False,
7a581b0d-dbc0-43fe-8fc1-e7dd228a0775,Ordered Cookies Pack got wrong flavor,Cookies Pack,Resealable Bag v2 - New Lid,Midwest,Wrong Flavor,Email,2026-02-04T09:44:00,0.64,False,
24a10ac5-d583-4c66-a7ed-e8c092f465a6,Ordered Crunchy Chips got wrong flavor,Crunchy Chips,Can 330ml,Texas,Wrong Flavor,Twitter,2026-02-04T10:06:00,0.89,False,
a59e8ba3-fb77-4882-877b-f93e0712ca0b,Box crushed in shipping to Pacific Northwest,Crunchy Chips,Resealable Bag v1,Pacific Northwest,Damaged Pack,Twitter,2026-02-04T10:12:00,0.61,False,
93ff99f4-49b7-474d-8fe8-6706d09ab18b,Resealable Resealable Bag v1 failed to close - Northeast,Granola Bar,Resealable Bag v1,Northeast,Seal Failure,Call Center,2026-02-04T10:18:00,0.71,False,
159ba6d4-cc93-4105-9a2d-8bed6a8fdd85,Can 330ml leaking in transit to Texas,Granola Bar,Can 330ml,Texas,Leaking,Email,2026-02-04T10:20:00,0.94,False,
28865b1a-ce01-40a9-b90a-e818a86b706f,Resealable Box 200g failed to close - Midwest,Soda Pop,Box 200g,Midwest,Seal Failure,Amazon Review,2026-02-04T10:28:00,0.93,False,
a907b509-76e8-4203-bbd4-6ef48cf4beef,Can 330ml leaking in transit to California,Cookies Pack,Can 330ml,California,Leaking,Amazon Review,2026-02-04T10:42:00,0.79,False,
b14defb2-5d71-4c04-ab54-17242d985cec,Resealable Bag v1 arrived torn,Granola Bar,Resealable Bag v1,Northeast,Damaged Pack,Amazon Review,2026-02-04T10:46:00,0.82,False,
b4fcbdac-842c-49e7-b8b5-5ce2b299c3b9,Cookies Pack tastes stale from Northeast,Cookies Pack,Box 200g,Northeast,Stale Taste,Twitter,2026-02-04T10:48:00,0.64,False,
6bb4d4a6-6638-4207-aa02-6905bddbc6a5,Ordered Cookies Pack got wrong flavor,Cookies Pack,Can 330ml,Northeast,Wrong Flavor,Email,2026-02-04T10:50:00,0.66,False,
2a087586-fc7d-468e-8ac8-4c692e8b0a24,Stale Granola Bar in Resealable Bag v2 - New Lid,Granola Bar,Resealable Bag v2 - New Lid,Northeast,Stale Taste,Email,2026-02-04T11:07:00,0.61,False,
783a98bd-32bf-4ace-9c8a-5abcc11109d1,Resealable Bag v2 - New Lid half empty - Cookies Pack,Cookies Pack,Resealable Bag v2 - New Lid,Midwest,Low Fill,Call Center,2026-02-04T11:11:00,0.83,False,
dfe5f02a-7b00-43f0-a3e4-4a313b0a7195,Resealable Bag v1 leaking in transit to Northeast,Crunchy Chips,Resealable Bag v1,Northeast,Leaking,Call Center,2026-02-04T11:14:00,0.79,False,
303fd276-bf37-4dff-9d53-fd772395196d,Ordered Crunchy Chips got wrong flavor,Crunchy Chips,Box 200g,Northeast,Wrong Flavor,Amazon Review,2026-02-04T11:21:00,0.78,False,
3daca1a4-6f2a-4be1-8303-036c6c10e95f,Box 200g half empty - Crunchy Chips,Crunchy Chips,Box 200g,Northeast,Low Fill,Call Center,2026-02-04T11:31:00,0.74,False,
9381556e-8e09-44fc-8c95-b69f2318be54,Can 330ml arrived torn,Crunchy Chips,Can 330ml,California,Damaged Pack,Email,2026-02-04T11:51:00,0.67,False,
d9699fb1-5173-4481-a7fd-13a45900eace,Opened Crunchy Chips and it was stale,Crunchy Chips,Box 200g,Midwest,Stale Taste,Twitter,2026-02-04T12:20:00,0.81,False,
824b6502-fb51-4419-8331-9b56b42a1a03,Can 330ml leaking in transit to Midwest,Cookies Pack,Can 330ml,Midwest,Leaking,Call Center,2026-02-04T12:42:00,0.68,False,
b1578720-20ee-433e-89c7-003bf6638304,Resealable Bag v1 leaking in transit to Midwest,Cookies Pack,Resealable Bag v1,Midwest,Leaking,Twitter,2026-02-04T12:53:00,0.63,False,
3ac3b126-4ae5-4695-a3be-d2fe501ab267,Ordered Soda Pop got wrong flavor,Soda Pop,Resealable Bag v1,California,Wrong Flavor,Email,2026-02-04T13:10:00,0.89,False,
0a9e11e0-ac7b-4e89-a27e-3c38695f88ba,"The Can 330ml won't close, goes stale in California",Cookies Pack,Can 330ml,California,Seal Failure,Twitter,2026-02-04T13:17:00,0.89,False,
3f0922c4-ca96-4aa1-96e2-8a32ff012989,Opened Soda Pop and it was stale,Soda Pop,Can 330ml,Northeast,Stale Taste,Amazon Review,2026-02-04T13:27:00,0.64,False,
0cd07ad0-8592-4d33-8443-937f92c95a5a,Box 200g arrived torn,Granola Bar,Box 200g,Texas,Damaged Pack,Call Center,2026-02-04T13:33:00,0.73,False,
56b23529-2bef-4102-ad4d-89ceef56d8a9,Resealable Bag v1 leaking in transit to Texas,Crunchy Chips,Resealable Bag v1,Texas,Leaking,Call Center,2026-02-04T13:35:00,0.79,False,
1270e32e-a88f-44f7-883e-6e8a183f94f9,Can 330ml half empty - Soda Pop,Soda Pop,Can 330ml,Pacific Northwest,Low Fill,Amazon Review,2026-02-04T13:41:00,0.72,False,
78a4a04d-ab79-4f35-aa16-7c546dc5eb5d,Resealable Bag v2 - New Lid arrived torn,Crunchy Chips,Resealable Bag v2 - New Lid,Northeast,Damaged Pack,Call Center,2026-02-04T13:45:00,0.61,False,
7531a47b-26d1-46d7-babe-dcee2b309c65,Ordered Granola Bar got wrong flavor,Granola Bar,Resealable Bag v2 - New Lid,Midwest,Wrong Flavor,Twitter,2026-02-04T13:50:00,0.66,False,
8ba90fd4-f06c-40bf-a95a-4ec1e87aa937,Box crushed in shipping to Texas,Granola Bar,Box 200g,Texas,Damaged Pack,Call Center,2026-02-04T13:56:00,0.78,False,
ef3da387-776c-40d5-a343-e1090ddbfe9e,Resealable Bag v1 leaking in transit to Pacific Northwest,Granola Bar,Resealable Bag v1,Pacific Northwest,Leaking,Twitter,2026-02-04T14:16:00,0.69,False,
e2ec6270-4abc-48c0-8449-7a811dcc63f4,Resealable Bag v1 leaking in transit to Northeast,Granola Bar,Resealable Bag v1,Northeast,Leaking,Amazon Review,2026-02-04T14:17:00,0.87,False,
87756f3d-f9e7-455c-89dd-57c31501e198,Box 200g arrived torn,Soda Pop,Box 200g,Pacific Northwest,Damaged Pack,Email,2026-02-04T14:40:00,0.74,False,
abf42f21-ebf8-44b2-b35c-e9c67a0d5e56,Ordered Crunchy Chips got wrong flavor,Crunchy Chips,Can 330ml,Texas,Wrong Flavor,Call Center,2026-02-04T14:49:00,0.76,False,
e8c17754-e6d8-47e7-bfb9-83a8e360325d,Resealable Bag v1 half empty - Crunchy Chips,Crunchy Chips,Resealable Bag v1,California,Low Fill,Call Center,2026-02-04T15:07:00,0.71,False,
dbf713fe-ac3f-45b0-bf45-fa0046f7e828,Can 330ml arrived torn,Granola Bar,Can 330ml,California,Damaged Pack,Twitter,2026-02-04T15:23:00,0.87,False,
f788e405-45a8-4c07-8e41-8a125ab66b63,Box 200g leaking in transit to California,Crunchy Chips,Box 200g,California,Leaking,Amazon Review,2026-02-04T15:50:00,0.76,False,
22d0165a-e793-4f19-a448-31bd6725fc70,Resealable Bag v1 leaking in transit to Midwest,Soda Pop,Resealable Bag v1,Midwest,Leaking,Call Center,2026-02-04T16:01:00,0.79,False,
b96f03e9-3696-4966-9e92-3b895b83d519,Can 330ml arrived torn,Granola Bar,Can 330ml,Texas,Damaged Pack,Email,2026-02-04T16:02:00,0.68,False,
8c3cb8d6-8516-4a4c-8130-1acd4c328a35,Ordered Granola Bar got wrong flavor,Granola Bar,Resealable Bag v1,Pacific Northwest,Wrong Flavor,Call Center,2026-02-04T16:16:00,0.61,False,
6a164734-98a1-4970-b998-f976ce63ae34,Crunchy Chips tastes stale from Pacific Northwest,Crunchy Chips,Can 330ml,Pacific Northwest,Stale Taste,Email,2026-02-04T16:18:00,0.79,False,
04cf8567-672f-4df6-844b-54aff4cc7009,Ordered Cookies Pack got wrong flavor,Cookies Pack,Resealable Bag v1,Pacific Northwest,Wrong Flavor,Call Center,2026-02-04T16:18:00,0.88,False,
f1db3834-24fe-427c-866b-0002207c3deb,New lid on Box 200g doesn't seal properly,Crunchy Chips,Box 200g,Midwest,Seal Failure,Amazon Review,2026-02-04T16:19:00,0.9,False,
510fa2e1-dc7f-41f4-ad31-893eba586140,Ordered Crunchy Chips got wrong flavor,Crunchy Chips,Can 330ml,Midwest,Wrong Flavor,Twitter,2026-02-04T16:21:00,0.62,False,
82c33b4a-b6a0-48e8-9575-2a8d74bef93b,Resealable Bag v2 - New Lid half empty - Crunchy Chips,Crunchy Chips,Resealable Bag v2 - New Lid,Texas,Low Fill,Call Center,2026-02-04T16:29:00,0.63,False,
d34ce7bb-206e-41e9-9112-6fa901b7a45f,Resealable Bag v2 - New Lid arrived torn,Granola Bar,Resealable Bag v2 - New Lid,Midwest,Damaged Pack,Twitter,2026-02-04T16:30:00,0.69,False,
2fb3caf7-acba-4f3c-bd3e-a7c386bf628e,Can 330ml half empty - Granola Bar,Granola Bar,Can 330ml,Texas,Low Fill,Email,2026-02-04T16:39:00,0.64,False,
b4a5b85d-7b59-46c4-ad3a-a27967a17628,Can 330ml arrived torn,Cookies Pack,Can 330ml,California,Damaged Pack,Amazon Review,2026-02-04T16:45:00,0.8,False,
a59b5128-b663-4c9d-90d4-9ee5f1ee99a5,Stale Crunchy Chips in Resealable Bag v2 - New Lid,Crunchy Chips,Resealable Bag v2 - New Lid,Midwest,Stale Taste,Twitter,2026-02-04T16:48:00,0.89,False,
53d6e3e6-3629-4e59-ad03-38eab95e05a7,Granola Bar tastes stale from Pacific Northwest,Granola Bar,Resealable Bag v2 - New Lid,Pacific Northwest,Stale Taste,Call Center,2026-02-04T17:12:00,0.61,False,
0ab15649-a12d-4935-b118-c9c24d287ca8,Resealable Box 200g failed to close - Midwest,Granola Bar,Box 200g,Midwest,Seal Failure,Call Center,2026-02-04T17:18:00,0.71,False,
7ebd3646-49d9-4670-9ecd-0e2023208b3c,Stale Crunchy Chips in Resealable Bag v1,Crunchy Chips,Resealable Bag v1,California,Stale Taste,Email,2026-02-04T17:30:00,0.9,False,
5d3ec515-5346-464d-83d1-8c16b4d11ab6,Ordered Cookies Pack got wrong flavor,Cookies Pack,Can 330ml,Pacific Northwest,Wrong Flavor,Amazon Review,2026-02-04T17:32:00,0.68,False,
159670e6-e798-47f5-9d5a-9f5e8107e6a6,Box crushed in shipping to Northeast,Soda Pop,Box 200g,Northeast,Damaged Pack,Amazon Review,2026-02-04T17:37:00,0.76,False,
f011a6b5-9994-4649-88af-5f12dc6516af,Resealable Bag v2 - New Lid leaking in transit to Midwest,Cookies Pack,Resealable Bag v2 - New Lid,Midwest,Leaking,Amazon Review,2026-02-04T17:40:00,0.75,False,
71f3f580-5d96-4e90-8dec-2795180eaa69,Crunchy Chips tastes stale from Midwest,Crunchy Chips,Resealable Bag v2 - New Lid,Midwest,Stale Taste,Twitter,2026-02-04T17:45:00,0.62,False,
74eca439-427e-41b3-a6cd-40f5b85c12d5,Box crushed in shipping to Northeast,Soda Pop,Resealable Bag v2 - New Lid,Northeast,Damaged Pack,Amazon Review,2026-02-04T17:51:00,0.95,False,
688d0c6d-3510-416b-a3cd-6a221d0743f5,Ordered Cookies Pack got wrong flavor,Cookies Pack,Can 330ml,Texas,Wrong Flavor,Twitter,2026-02-04T17:56:00,0.8,False,
ca6967a6-1256-4355-8095-9fd25077b847,Can 330ml half empty - Granola Bar,Granola Bar,Can 330ml,Northeast,Low Fill,Email,2026-02-04T18:16:00,0.81,False,
af73d712-3f9f-4474-9a74-77624b478a96,Box crushed in shipping to Pacific Northwest,Soda Pop,Resealable Bag v2 - New Lid,Pacific Northwest,Damaged Pack,Email,2026-02-04T18:28:00,0.91,False,
c71fd97a-2437-4385-a6ea-52943dcc1c00,Resealable Bag v1 arrived torn,Granola Bar,Resealable Bag v1,Pacific Northwest,Damaged Pack,Email,2026-02-04T18:43:00,0.74,False,
f657f5ad-4304-4790-9623-74f8e9897ac8,Ordered Soda Pop got wrong flavor,Soda Pop,Box 200g,Pacific Northwest,Wrong Flavor,Twitter,2026-02-04T18:49:00,0.92,False,
e0685db5-26d7-4227-805e-c5eeda914b73,Ordered Soda Pop got wrong flavor,Soda Pop,Box 200g,Texas,Wrong Flavor,Amazon Review,2026-02-04T18:53:00,0.79,False,
8c5eb2b1-befd-43f6-b90f-e7eb38f3c3b4,Can 330ml leaking in transit to California,Crunchy Chips,Can 330ml,California,Leaking,Amazon Review,2026-02-04T18:58:00,0.76,False,
aa16fe24-c75b-443b-81d5-c22e9ef94b0d,Ordered Granola Bar got wrong flavor,Granola Bar,Resealable Bag v1,Pacific Northwest,Wrong Flavor,Call Center,2026-02-04T19:10:00,0.85,False,
74b8d42a-56fc-4075-b4ea-321203822dcb,Resealable Bag v2 - New Lid leaking in transit to Northeast,Granola Bar,Resealable Bag v2 - New Lid,Northeast,Leaking,Email,2026-02-04T19:10:00,0.61,False,
e08028bc-1d6c-4505-9f9a-80567074496f,Can 330ml half empty - Soda Pop,Soda Pop,Can 330ml,Pacific Northwest,Low Fill,Amazon Review,2026-02-04T19:25:00,0.6,False,
f028f6c1-f887-4739-a83d-501577f2ffb7,Resealable Bag v2 - New Lid arrived torn,Soda Pop,Resealable Bag v2 - New Lid,Midwest,Damaged Pack,Call Center,2026-02-04T19:26:00,0.82,False,
9668723f-e477-4e53-b292-a5086c622457,Opened Crunchy Chips and it was stale,Crunchy Chips,Box 200g,Northeast,Stale Taste,Call Center,2026-02-04T19:34:00,0.92,False,
14b81e92-1aa8-4453-9c36-5805b88756c3,Opened Soda Pop and it was stale,Soda Pop,Box 200g,Midwest,Stale Taste,Email,2026-02-04T19:36:00,0.72,False,
7b313d04-9533-49ad-84a6-ce14a45262e9,Resealable Resealable Bag v2 - New Lid failed to close - Texas,Crunchy Chips,Resealable Bag v2 - New Lid,Texas,Seal Failure,Email,2026-02-04T19:37:00,0.88,False,
53577a7e-3506-440d-956d-05225974ace0,Ordered Soda Pop got wrong flavor,Soda Pop,Resealable Bag v1,California,Wrong Flavor,Email,2026-02-04T19:48:00,0.6,False,
9ce12753-b94d-422a-9865-1ef22c2a6eb0,Box 200g leaking in transit to Texas,Cookies Pack,Box 200g,Texas,Leaking,Email,2026-02-04T20:06:00,0.72,False,
1aa64824-9343-4bc5-9913-a018c45c384f,Can 330ml half empty - Granola Bar,Granola Bar,Can 330ml,Midwest,Low Fill,Twitter,2026-02-04T20:17:00,0.61,False,
ade08b0b-3773-4630-b98a-eb9382f2e1e0,Ordered Cookies Pack got wrong flavor,Cookies Pack,Can 330ml,Northeast,Wrong Flavor,Amazon Review,2026-02-04T20:25:00,0.75,False,
b6f34b85-910b-4ca3-8266-3d374d5f8bc5,Resealable Bag v2 - New Lid arrived torn,Soda Pop,Resealable Bag v2 - New Lid,Pacific Northwest,Damaged Pack,Call Center,2026-02-04T20:32:00,0.68,False,
a9064dc9-f63c-4be0-92e1-af856b52daae,Resealable Bag v1 half empty - Soda Pop,Soda Pop,Resealable Bag v1,California,Low Fill,Call Center,2026-02-04T20:33:00,0.86,False,
af7b6dbb-f4a3-4bb9-aa14-1129b0225b63,New lid on Box 200g doesn't seal properly,Cookies Pack,Box 200g,Northeast,Seal Failure,Call Center,2026-02-04T20:42:00,0.68,False,
6617104e-ad3b-4389-a38c-9cb1cb808381,Resealable Box 200g failed to close - Pacific Northwest,Granola Bar,Box 200g,Pacific Northwest,Seal Failure,Email,2026-02-04T20:50:00,0.9,False,
987cfd81-ccd2-45d9-8304-51cfe1aa16ff,Ordered Granola Bar got wrong flavor,Granola Bar,Resealable Bag v2 - New Lid,Midwest,Wrong Flavor,Twitter,2026-02-04T21:27:00,0.72,False,
a7f1007e-be3e-4d4f-9b19-43267112be1d,"The Resealable Bag v1 won't close, goes stale in Pacific Northwest",Soda Pop,Resealable Bag v1,Pacific Northwest,Seal Failure,Email,2026-02-04T21:37:00,0.63,False,
f34338db-d628-445e-a513-b73f3fbfbdf9,Resealable Bag v2 - New Lid arrived torn,Granola Bar,Resealable Bag v2 - New Lid,California,Damaged Pack,Amazon Review,2026-02-04T21:38:00,0.63,False,
a62a8033-b5ef-4d40-ab74-136273dadd49,Resealable Bag v2 - New Lid leaking in transit to Midwest,Soda Pop,Resealable Bag v2 - New Lid,Midwest,Leaking,Twitter,2026-02-04T21:44:00,0.84,False,
8c17d058-8ca4-4eec-b66a-634ff9a8a180,Resealable Bag v1 leaking in transit to Northeast,Granola Bar,Resealable Bag v1,Northeast,Leaking,Email,2026-02-04T22:07:00,0.75,False,
a4170ed6-dc22-472c-b3a9-7e6d5a338473,Resealable Bag v1 half empty - Cookies Pack,Cookies Pack,Resealable Bag v1,California,Low Fill,Amazon Review,2026-02-04T22:10:00,0.62,False,
5c63aac2-76f8-4179-b233-bc8715a3a323,Can 330ml half empty - Soda Pop,Soda Pop,Can 330ml,California,Low Fill,Call Center,2026-02-04T22:26:00,0.9,False,
74b0573a-c4c1-49f2-a1d4-a994d4d172a5,Resealable Box 200g failed to close - Northeast,Soda Pop,Box 200g,Northeast,Seal Failure,Amazon Review,2026-02-04T22:30:00,0.74,False,
9d92e38e-3df4-4a9c-a46c-a313d016bbbe,Box crushed in shipping to California,Cookies Pack,Box 200g,California,Damaged Pack,Twitter,2026-02-04T22:32:00,0.79,False,
e80db153-3400-4d67-b31b-f73409d8bc9c,Box 200g leaking in transit to Texas,Cookies Pack,Box 200g,Texas,Leaking,Twitter,2026-02-04T22:34:00,0.84,False,
9ca3a5c7-0811-4dfe-86a2-eeea45740169,Box 200g leaking in transit to Midwest,Soda Pop,Box 200g,Midwest,Leaking,Amazon Review,2026-02-04T23:06:00,0.66,False,
3ffc75ea-6e89-49d5-b05f-7e47678904ed,Resealable Bag v2 - New Lid half empty - Soda Pop,Soda Pop,Resealable Bag v2 - New Lid,Midwest,Low Fill,Call Center,2026-02-04T23:10:00,0.68,False,
b97f7e6f-07bc-4246-b14e-f83de6660a36,Box crushed in shipping to Pacific Northwest,Crunchy Chips,Resealable Bag v2 - New Lid,Pacific Northwest,Damaged Pack,Twitter,2026-02-04T23:18:00,0.71,False,
2242e690-b2cd-4f28-b9bb-fbcfeadcf5b1,Can 330ml leaking in transit to Texas,Crunchy Chips,Can 330ml,Texas,Leaking,Email,2026-02-04T23:19:00,0.88,False,
553acc04-2f09-4f7b-9713-e0b704059b2e,Resealable Bag v1 half empty - Crunchy Chips,Crunchy Chips,Resealable Bag v1,Northeast,Low Fill,Amazon Review,2026-02-04T23:25:00,0.93,False,
6c8c942c-5ce2-4642-b69d-fd82ead720ad,Ordered Cookies Pack got wrong flavor,Cookies Pack,Can 330ml,Midwest,Wrong Flavor,Twitter,2026-02-04T23:30:00,0.88,False,
008d57d2-de70-454f-90d4-bb4b28844b36,Resealable Can 330ml failed to close - California,Cookies Pack,Can 330ml,California,Seal Failure,Call Center,2026-02-04T23:43:00,0.74,False,
caaa81c7-75b4-4a77-ab1c-8c5594931d42,Resealable Resealable Bag v1 failed to close - Northeast,Soda Pop,Resealable Bag v1,Northeast,Seal Failure,Amazon Review,2026-02-04T23:46:00,0.92,False,
1dde491e-1dce-4bca-818c-43cc24340deb,Resealable Bag v2 - New Lid leaking in transit to Northeast,Cookies Pack,Resealable Bag v2 - New Lid,Northeast,Leaking,Amazon Review,2026-02-04T23:50:00,0.68,False,
0bc4cc10-3d3f-4be1-9694-b44c8cc1bf88,Resealable Resealable Bag v1 failed to close - Midwest,Granola Bar,Resealable Bag v1,Midwest,Seal Failure,Amazon Review,2026-02-04T23:52:00,0.6,False,
00aa4fa8-b710-449f-8dde-f37c6384ffbe,Resealable Bag v1 leaking in transit to California,Cookies Pack,Resealable Bag v1,California,Leaking,Twitter,2026-02-04T23:58:00,0.85,False,
a2b9fce1-0781-441d-b81b-e9a686146a23,Ordered Soda Pop got wrong flavor,Soda Pop,Can 330ml,Midwest,Wrong Flavor,Twitter,2026-02-05T00:17:00,0.8,False,
31ba2c71-9cb0-423a-836f-6c9f964a21b3,New lid on Resealable Bag v2 - New Lid doesn't seal properly,Crunchy Chips,Resealable Bag v2 - New Lid,Northeast,Seal Failure,Call Center,2026-02-05T00:21:00,0.65,False,
2effc2df-ce87-4918-af49-563a85e8da5b,Can 330ml half empty - Crunchy Chips,Crunchy Chips,Can 330ml,Northeast,Low Fill,Email,2026-02-05T00:35:00,0.62,False,
d0684197-2a28-44e6-87bc-a4c0c200feda,Ordered Cookies Pack got wrong flavor,Cookies Pack,Resealable Bag v1,Texas,Wrong Flavor,Email,2026-02-05T00:40:00,0.72,False,
e7bbc8ab-49a0-4788-8e24-7fbaf33b366c,Ordered Soda Pop got wrong flavor,Soda Pop,Resealable Bag v2 - New Lid,Northeast,Wrong Flavor,Amazon Review,2026-02-05T00:50:00,0.74,False,
c053e9dc-73bb-4fa8-9d26-50375d034e33,Resealable Bag v2 - New Lid half empty - Soda Pop,Soda Pop,Resealable Bag v2 - New Lid,California,Low Fill,Twitter,2026-02-05T01:00:00,0.9,False,
43436311-766f-4bdf-83e2-b3009a8bcdbf,Granola Bar tastes stale from California,Granola Bar,Resealable Bag v1,California,Stale Taste,Twitter,2026-02-05T01:01:00,0.79,False,
bb153c04-7703-45b5-9392-046da38ef754,Ordered Granola Bar got wrong flavor,Granola Bar,Resealable Bag v2 - New Lid,California,Wrong Flavor,Call Center,2026-02-05T01:11:00,0.66,False,
db69f1d0-c79b-4465-81cd-774a553314b4,Ordered Soda Pop got wrong flavor,Soda Pop,Resealable Bag v1,Pacific Northwest,Wrong Flavor,Call Center,2026-02-05T01:16:00,0.9,False,
e28482bd-7d56-4818-9d46-e5d5c2c02999,Opened Granola Bar and it was stale,Granola Bar,Resealable Bag v2 - New Lid,Pacific Northwest,Stale Taste,Amazon Review,2026-02-05T01:29:00,0.84,False,
f6fb5361-468a-4422-90ef-6607ce6d1ea8,New lid on Resealable Bag v1 doesn't seal properly,Soda Pop,Resealable Bag v1,Pacific Northwest,Seal Failure,Email,2026-02-05T01:38:00,0.61,False,
950cfffd-6848-4337-98c2-baf5f30ae674,New lid on Can 330ml doesn't seal properly,Crunchy Chips,Can 330ml,Northeast,Seal Failure,Call Center,2026-02-05T01:38:00,0.8,False,
d02d9076-fe0c-4ba9-a523-ff2ebf2d10db,Ordered Granola Bar got wrong flavor,Granola Bar,Resealable Bag v1,Pacific Northwest,Wrong Flavor,Twitter,2026-02-05T01:41:00,0.78,False,
0c7809ec-6916-4f8d-b915-b34fec86d0b9,Can 330ml arrived torn,Cookies Pack,Can 330ml,Pacific Northwest,Damaged Pack,Email,2026-02-05T01:47:00,0.94,False,
24171e55-9752-44f9-a33a-bffa24f81d82,Box 200g half empty - Granola Bar,Granola Bar,Box 200g,Northeast,Low Fill,Call Center,2026-02-05T02:10:00,0.67,False,
2ce1a9b1-b33f-4193-8373-b7013f6e2cbf,Resealable Bag v1 half empty - Granola Bar,Granola Bar,Resealable Bag v1,Pacific Northwest,Low Fill,Call Center,2026-02-05T02:22:00,0.9,False,
37d5f9d5-6760-45c7-b4f2-5292ed338455,Box crushed in shipping to Midwest,Granola Bar,Resealable Bag v2 - New Lid,Midwest,Damaged Pack,Amazon Review,2026-02-05T02:27:00,0.84,False,
697f5328-6a07-43f5-90b5-53a52f1b6ee8,Stale Cookies Pack in Resealable Bag v1,Cookies Pack,Resealable Bag v1,Pacific Northwest,Stale Taste,Twitter,2026-02-05T02:29:00,0.78,False,
fe6576f0-a5c1-4202-838b-f36dc1582f53,Stale Crunchy Chips in Resealable Bag v1,Crunchy Chips,Resealable Bag v1,Northeast,Stale Taste,Twitter,2026-02-05T02:35:00,0.64,False,
03116cd7-d752-4365-92e4-253d34ed4a6c,Resealable Bag v1 arrived torn,Crunchy Chips,Resealable Bag v1,Pacific Northwest,Damaged Pack,Twitter,2026-02-05T02:45:00,0.91,False,
22520ffd-c5c2-494a-a2e7-34e881c904a0,Resealable Resealable Bag v2 - New Lid failed to close - California,Granola Bar,Resealable Bag v2 - New Lid,California,Seal Failure,Call Center,2026-02-05T02:46:00,0.72,False,
08be9a04-d0e1-4909-b738-6578484608f3,Can 330ml half empty - Cookies Pack,Cookies Pack,Can 330ml,Pacific Northwest,Low Fill,Call Center,2026-02-05T02:56:00,0.88,False,
3f1843e7-d42c-49c3-991b-5f74d9696f21,Box 200g half empty - Cookies Pack,Cookies Pack,Box 200g,Midwest,Low Fill,Email,2026-02-05T03:02:00,0.78,False,
678c0979-cea7-4ec8-92ec-a1a8baeb25d3,Can 330ml half empty - Granola Bar,Granola Bar,Can 330ml,Pacific Northwest,Low Fill,Call Center,2026-02-05T03:13:00,0.62,False,
16a55589-40fe-4e1f-bfce-8ba1e32cd1f5,New lid on Box 200g doesn't seal properly,Crunchy Chips,Box 200g,Texas,Seal Failure,Amazon Review,2026-02-05T03:23:00,0.9,False,
4f127161-01a6-4974-8dda-2d6a8ac088ce,Ordered Crunchy Chips got wrong flavor,Crunchy Chips,Can 330ml,Pacific Northwest,Wrong Flavor,Twitter,2026-02-05T03:30:00,0.6,False,
47dbc843-6c2c-4546-8fe9-c5c126e61e27,Box 200g half empty - Soda Pop,Soda Pop,Box 200g,California,Low Fill,Call Center,2026-02-05T03:33:00,0.7,False,
30218248-12ba-4bed-bf48-771d0b321dd7,Can 330ml leaking in transit to Northeast,Crunchy Chips,Can 330ml,Northeast,Leaking,Email,2026-02-05T03:40:00,0.89,False,
e0abaa0d-e19f-42b8-8b87-4edc1951f284,New lid on Resealable Bag v1 doesn't seal properly,Granola Bar,Resealable Bag v1,California,Seal Failure,Amazon Review,2026-02-05T03:44:00,0.64,False,
9e55255d-19ce-4d73-845d-166efcb453b6,Can 330ml leaking in transit to Pacific Northwest,Cookies Pack,Can 330ml,Pacific Northwest,Leaking,Twitter,2026-02-05T04:05:00,0.73,False,
88b5918f-9139-424a-89f9-1e7b316b3837,Stale Granola Bar in Resealable Bag v2 - New Lid,Granola Bar,Resealable Bag v2 - New Lid,Midwest,Stale Taste,Email,2026-02-05T04:07:00,0.73,False,
741dc7f5-5291-4efd-9892-7839bb4af0fd,Opened Soda Pop and it was stale,Soda Pop,Box 200g,Northeast,Stale Taste,Amazon Review,2026-02-05T04:21:00,0.83,False,
a5f67b53-1d71-48e3-ad38-c1615be83f34,Ordered Granola Bar got wrong flavor,Granola Bar,Box 200g,California,Wrong Flavor,Email,2026-02-05T04:29:00,0.91,False,
c3b10bd8-65c3-41db-a906-243daa19d3e8,"The Box 200g won't close, goes stale in Pacific Northwest",Soda Pop,Box 200g,Pacific Northwest,Seal Failure,Amazon Review,2026-02-05T04:31:00,0.67,False,
a38fa70d-1d4c-42ef-bd60-82386079c919,Resealable Resealable Bag v1 failed to close - California,Cookies Pack,Resealable Bag v1,California,Seal Failure,Call Center,2026-02-05T04:47:00,0.81,False,
8172a5aa-8dfa-44c3-83cc-7acde94bd545,Box crushed in shipping to Northeast,Cookies Pack,Resealable Bag v1,Northeast,Damaged Pack,Call Center,2026-02-05T04:49:00,0.88,False,
a245f61a-0717-4c61-b4da-e6e85fd63523,Box crushed in shipping to California,Granola Bar,Box 200g,California,Damaged Pack,Twitter,2026-02-05T05:03:00,0.8,False,
03800686-2bf5-46e7-a428-4c50c8375408,Resealable Box 200g failed to close - California,Crunchy Chips,Box 200g,California,Seal Failure,Email,2026-02-05T05:12:00,0.78,False,
333cb460-4247-483d-bf2b-bbf388cb4377,Granola Bar tastes stale from Midwest,Granola Bar,Resealable Bag v2 - New Lid,Midwest,Stale Taste,Email,2026-02-05T05:43:00,0.67,False,
dc48f518-6cd9-4c1a-889e-6227b4c9e145,Ordered Soda Pop got wrong flavor,Soda Pop,Resealable Bag v2 - New Lid,Northeast,Wrong Flavor,Twitter,2026-02-05T05:56:00,0.82,False,
11a98b72-1050-4965-b924-18404505d721,Box 200g half empty - Crunchy Chips,Crunchy Chips,Box 200g,Midwest,Low Fill,Call Center,2026-02-05T06:00:00,0.79,False,
61fef72f-970e-4b46-90e8-078c135d66cf,Cookies Pack tastes stale from Midwest,Cookies Pack,Resealable Bag v1,Midwest,Stale Taste,Call Center,2026-02-05T06:09:00,0.7,False,
45101aad-3f8b-4b81-a2c3-2e60cea07d5b,"The Box 200g won't close, goes stale in California",Crunchy Chips,Box 200g,California,Seal Failure,Email,2026-02-05T06:40:00,0.61,False,
30417b75-d430-404b-8cf1-52f9729f0a79,"The Box 200g won't close, goes stale in Midwest",Granola Bar,Box 200g,Midwest,Seal Failure,Call Center,2026-02-05T06:53:00,0.69,False,
6b28052e-c976-4f3b-97e0-4f71cfbe7d27,Granola Bar tastes stale from Pacific Northwest,Granola Bar,Can 330ml,Pacific Northwest,Stale Taste,Twitter,2026-02-05T07:05:00,0.93,False,
442a69b8-3d2d-401f-b589-e8b401e279d5,Stale Granola Bar in Box 200g,Granola Bar,Box 200g,Pacific Northwest,Stale Taste,Twitter,2026-02-05T07:08:00,0.87,False,
7dd94860-e59b-4262-9531-8c035945d53a,Box 200g arrived torn,Granola Bar,Box 200g,Northeast,Damaged Pack,Call Center,2026-02-05T07:28:00,0.95,False,
0ba21444-8985-4c2e-8556-4e8b38ba9f5e,Resealable Bag v1 leaking in transit to Texas,Granola Bar,Resealable Bag v1,Texas,Leaking,Twitter,2026-02-05T07:38:00,0.68,False,
02b1d2d0-310d-4a22-9427-0078a6cf01b8,New lid on Can 330ml doesn't seal properly,Soda Pop,Can 330ml,Texas,Seal Failure,Twitter,2026-02-05T07:42:00,0.93,False,
c71091fe-1aa9-4607-830f-a98943b484cc,Box 200g leaking in transit to Northeast,Crunchy Chips,Box 200g,Northeast,Leaking,Twitter,2026-02-05T07:45:00,0.72,False,
8a397075-5d7d-4646-8fdb-f0107b4ab7e2,New lid on Can 330ml doesn't seal properly,Crunchy Chips,Can 330ml,California,Seal Failure,Email,2026-02-05T07:46:00,0.94,False,
b40e169b-34ed-491d-be72-c295d7e4a1d4,Resealable Can 330ml failed to close - Pacific Northwest,Cookies Pack,Can 330ml,Pacific Northwest,Seal Failure,Amazon Review,2026-02-05T07:47:00,0.94,False,
6be1555b-773d-4ff3-b14d-eb1fcab3c468,Ordered Cookies Pack got wrong flavor,Cookies Pack,Resealable Bag v2 - New Lid,California,Wrong Flavor,Twitter,2026-02-05T08:15:00,0.66,False,
7cfcb182-0f35-48d9-87cc-54565821e0ef,Ordered Crunchy Chips got wrong flavor,Crunchy Chips,Resealable Bag v2 - New Lid,California,Wrong Flavor,Call Center,2026-02-05T08:28:00,0.72,False,
34ad8650-b2f1-4ee1-81f5-742dd652f236,Box 200g half empty - Soda Pop,Soda Pop,Box 200g,California,Low Fill,Twitter,2026-02-05T08:47:00,0.62,False,
c3eb8117-af64-44a2-90f7-5902d847d9db,Box 200g half empty - Soda Pop,Soda Pop,Box 200g,Midwest,Low Fill,Call Center,2026-02-05T09:23:00,0.66,False,
da06e684-e37b-46c4-bc89-11aadefa4879,New lid on Box 200g doesn't seal properly,Crunchy Chips,Box 200g,Texas,Seal Failure,Email,2026-02-05T09:27:00,0.87,False,
5680129e-afd8-40a3-8125-12ff2424bab8,Ordered Crunchy Chips got wrong flavor,Crunchy Chips,Can 330ml,Texas,Wrong Flavor,Call Center,2026-02-05T09:33:00,0.76,False,
bfca1700-ac97-45e5-954a-cdfb5aef8994,Can 330ml arrived torn,Soda Pop,Can 330ml,Pacific Northwest,Damaged Pack,Amazon Review,2026-02-05T09:36:00,0.7,False,
a3b697be-6af8-42c2-94d0-db2c967904af,Resealable Bag v2 - New Lid leaking in transit to California,Granola Bar,Resealable Bag v2 - New Lid,California,Leaking,Amazon Review,2026-02-05T09:39:00,0.84,False,
502b6bdc-5bd5-4f55-97da-296271044b9a,Crunchy Chips tastes stale from Midwest,Crunchy Chips,Resealable Bag v1,Midwest,Stale Taste,Twitter,2026-02-05T09:48:00,0.66,False,
6f0780c5-9c31-495c-9fa1-23dd6a2eb6b0,Box crushed in shipping to Texas,Granola Bar,Resealable Bag v2 - New Lid,Texas,Damaged Pack,Call Center,2026-02-05T09:52:00,0.81,False,
c92bb4d4-d0a7-43a8-aa94-35394ad8b074,Box crushed in shipping to Texas,Granola Bar,Box 200g,Texas,Damaged Pack,Call Center,2026-02-05T10:45:00,0.82,False,
fba1d318-6788-45bf-ace2-7d64d7a9fc15,Can 330ml half empty - Crunchy Chips,Crunchy Chips,Can 330ml,Midwest,Low Fill,Email,2026-02-05T10:51:00,0.61,False,
ce3bc9b0-2845-4a22-a88b-2d8e3016d00e,Opened Crunchy Chips and it was stale,Crunchy Chips,Resealable Bag v1,Midwest,Stale Taste,Amazon Review,2026-02-05T10:58:00,0.75,False,
ca5cd8a9-c699-4bdc-85cb-d8d613aee15c,Opened Soda Pop and it was stale,Soda Pop,Resealable Bag v1,Northeast,Stale Taste,Amazon Review,2026-02-05T11:25:00,0.67,False,
5c0dbb47-273f-46e7-9f91-bfb93f32001f,Resealable Bag v2 - New Lid leaking in transit to Pacific Northwest,Granola Bar,Resealable Bag v2 - New Lid,Pacific Northwest,Leaking,Email,2026-02-05T11:26:00,0.77,False,
652f38ff-fc1c-4bbf-a9a7-244c29bbe38e,"The Resealable Bag v1 won't close, goes stale in Midwest",Soda Pop,Resealable Bag v1,Midwest,Seal Failure,Email,2026-02-05T11:27:00,0.79,False,
29c28aa6-ea0d-4fd6-b51c-49cb141b4743,New lid on Can 330ml doesn't seal properly,Cookies Pack,Can 330ml,Midwest,Seal Failure,Amazon Review,2026-02-05T11:37:00,0.83,False,
942175ee-6ee4-48e5-90b7-3a659ccf2277,Box 200g half empty - Cookies Pack,Cookies Pack,Box 200g,Northeast,Low Fill,Call Center,2026-02-05T11:37:00,0.68,False,
d463389a-a099-4c37-94ae-744f2be3d906,New lid on Can 330ml doesn't seal properly,Soda Pop,Can 330ml,California,Seal Failure,Twitter,2026-02-05T11:37:00,0.66,False,
6a6fa50c-2498-4d8a-9ca0-626a12fa3450,Box crushed in shipping to Texas,Granola Bar,Resealable Bag v2 - New Lid,Texas,Damaged Pack,Amazon Review,2026-02-05T11:43:00,0.7,False,
c1e047f5-b283-4fdd-8505-ab9819af2d74,Stale Crunchy Chips in Box 200g,Crunchy Chips,Box 200g,Northeast,Stale Taste,Email,2026-02-05T11:59:00,0.65,False,
c89cecb8-a921-44d7-ad56-4b76f0b8c301,Box crushed in shipping to California,Soda Pop,Box 200g,California,Damaged Pack,Email,2026-02-05T12:18:00,0.9,False,
0eb5fe05-d2f0-476e-81d2-cc58d6d5a6c6,Cookies Pack tastes stale from Northeast,Cookies Pack,Box 200g,Northeast,Stale Taste,Amazon Review,2026-02-05T12:40:00,0.87,False,
434d37b4-7f6e-4816-ae1b-1d731c903f72,Resealable Can 330ml failed to close - Northeast,Granola Bar,Can 330ml,Northeast,Seal Failure,Call Center,2026-02-05T12:57:00,0.74,False,
06aba872-80ce-4a0c-932f-55516f3e2e83,"The Can 330ml won't close, goes stale in Midwest",Crunchy Chips,Can 330ml,Midwest,Seal Failure,Twitter,2026-02-05T13:04:00,0.69,False,
14d92a80-243d-48d4-abe4-6e8538c73034,Ordered Crunchy Chips got wrong flavor,Crunchy Chips,Resealable Bag v1,Pacific Northwest,Wrong Flavor,Call Center,2026-02-05T13:07:00,0.88,False,
f331a7bf-651a-49dc-a808-588d3f06b123,Can 330ml leaking in transit to California,Crunchy Chips,Can 330ml,California,Leaking,Twitter,2026-02-05T13:10:00,0.92,False,
7eae6c5e-2644-4afb-b65e-8da242860efa,Resealable Bag v2 - New Lid leaking in transit to Midwest,Soda Pop,Resealable Bag v2 - New Lid,Midwest,Leaking,Call Center,2026-02-05T13:10:00,0.72,False,
7b6a6e9f-b93d-4b4e-9c8d-fe8add8cd55f,Ordered Granola Bar got wrong flavor,Granola Bar,Resealable Bag v2 - New Lid,Midwest,Wrong Flavor,Call Center,2026-02-05T13:21:00,0.91,False,
cc568d6e-18a8-45ea-9dc7-75831dc1ae0e,Resealable Resealable Bag v1 failed to close - Texas,Soda Pop,Resealable Bag v1,Texas,Seal Failure,Call Center,2026-02-05T13:27:00,0.84,False,
56e309c9-a48c-468c-b583-13e9402db711,"The Resealable Bag v1 won't close, goes stale in California",Granola Bar,Resealable Bag v1,California,Seal Failure,Twitter,2026-02-05T13:29:00,0.62,False,
b988da5f-6c8c-44f9-8bda-c492a9ba8421,Resealable Bag v1 half empty - Granola Bar,Granola Bar,Resealable Bag v1,Midwest,Low Fill,Amazon Review,2026-02-05T13:42:00,0.94,False,
fe0f8a02-97de-44d4-9e9b-a4f20dbdd45e,Box 200g leaking in transit to Pacific Northwest,Granola Bar,Box 200g,Pacific Northwest,Leaking,Email,2026-02-05T14:34:00,0.88,False,
4e844c73-b9ad-4269-9c08-6c22bf9bbbb7,Ordered Granola Bar got wrong flavor,Granola Bar,Resealable Bag v1,California,Wrong Flavor,Twitter,2026-02-05T14:39:00,0.62,False,
aba570d7-1a5d-4561-ba03-840c6e07f255,Resealable Resealable Bag v1 failed to close - California,Soda Pop,Resealable Bag v1,California,Seal Failure,Twitter,2026-02-05T14:41:00,0.85,False,
c8c1cba0-461e-4d1b-ae7e-2acd8d5f47e1,Resealable Bag v2 - New Lid half empty - Soda Pop,Soda Pop,Resealable Bag v2 - New Lid,Midwest,Low Fill,Call Center,2026-02-05T15:07:00,0.63,False,
bfc44202-878a-481b-8620-d468984e2502,Resealable Resealable Bag v2 - New Lid failed to close - Northeast,Crunchy Chips,Resealable Bag v2 - New Lid,Northeast,Seal Failure,Email,2026-02-05T15:09:00,0.83,False,
e23ccebc-8311-46cf-9156-06f7639cb514,Resealable Can 330ml failed to close - Northeast,Granola Bar,Can 330ml,Northeast,Seal Failure,Call Center,2026-02-05T15:16:00,0.8,False,
495f00f2-44a7-4102-a354-2810b01fbca3,Box 200g half empty - Granola Bar,Granola Bar,Box 200g,Northeast,Low Fill,Email,2026-02-05T15:18:00,0.7,False,
944d3c3a-8c0a-4274-90f8-11a5bf1acd02,Can 330ml half empty - Soda Pop,Soda Pop,Can 330ml,Pacific Northwest,Low Fill,Amazon Review,2026-02-05T15:19:00,0.71,False,
1263eca3-895c-4118-aaf0-d229761b2eeb,"The Resealable Bag v2 - New Lid won't close, goes stale in Texas",Crunchy Chips,Resealable Bag v2 - New Lid,Texas,Seal Failure,Call Center,2026-02-05T15:28:00,0.78,False,
f46ca217-4d86-4f14-8641-3054d95bac50,Resealable Bag v2 - New Lid leaking in transit to Pacific Northwest,Granola Bar,Resealable Bag v2 - New Lid,Pacific Northwest,Leaking,Email,2026-02-05T15:31:00,0.92,False,
ff11e5bd-0e07-465b-8602-f27e248e2ee4,Resealable Bag v1 arrived torn,Crunchy Chips,Resealable Bag v1,Texas,Damaged Pack,Call Center,2026-02-05T15:47:00,0.83,False,
4278cbe3-c50d-4688-b9e4-93a1d9236b1c,Opened Granola Bar and it was stale,Granola Bar,Resealable Bag v2 - New Lid,California,Stale Taste,Call Center,2026-02-05T16:01:00,0.86,False,
2b63f71c-bcad-4b91-ab38-72b5d395ffdf,Resealable Bag v2 - New Lid arrived torn,Cookies Pack,Resealable Bag v2 - New Lid,Texas,Damaged Pack,Amazon Review,2026-02-05T16:06:00,0.89,False,
2f6349e4-12ba-4c25-9194-27b4a8d142c4,Box 200g leaking in transit to Northeast,Soda Pop,Box 200g,Northeast,Leaking,Call Center,2026-02-05T16:16:00,0.76,False,
64d6c1c0-5f8b-48db-9b70-33a6572af19b,Box 200g leaking in transit to Pacific Northwest,Granola Bar,Box 200g,Pacific Northwest,Leaking,Amazon Review,2026-02-05T16:21:00,0.78,False,
2ba087a4-5d8f-4199-b2a1-8fb78d19ea1c,"The Box 200g won't close, goes stale in Northeast",Crunchy Chips,Box 200g,Northeast,Seal Failure,Twitter,2026-02-05T16:24:00,0.77,False,
cfc229cd-28f0-42fb-890c-482c355ae4af,Opened Soda Pop and it was stale,Soda Pop,Box 200g,Texas,Stale Taste,Amazon Review,2026-02-05T16:40:00,0.69,False,
2bacfc5c-b2ea-4744-bbcd-84556e464751,Stale Crunchy Chips in Can 330ml,Crunchy Chips,Can 330ml,Midwest,Stale Taste,Call Center,2026-02-05T16:45:00,0.92,False,
74c1a4e6-1c78-4e9a-a9e4-ecf2e9fbb9cb,Resealable Bag v2 - New Lid half empty - Cookies Pack,Cookies Pack,Resealable Bag v2 - New Lid,Midwest,Low Fill,Twitter,2026-02-05T16:50:00,0.83,False,
6d001a12-4313-4fbb-88b6-166acaed0044,Box 200g arrived torn,Soda Pop,Box 200g,Midwest,Damaged Pack,Email,2026-02-05T16:57:00,0.94,False,
631b8842-ded1-4b3a-b857-f9897d3e5210,Can 330ml half empty - Soda Pop,Soda Pop,Can 330ml,Midwest,Low Fill,Amazon Review,2026-02-05T16:57:00,0.89,False,
4e0ea905-da3b-4008-89f6-a0dcd2bd14bf,Soda Pop tastes stale from Midwest,Soda Pop,Resealable Bag v1,Midwest,Stale Taste,Amazon Review,2026-02-05T17:07:00,0.65,False,
f9ab027f-0411-4591-aa21-22fd2d132e28,Can 330ml leaking in transit to Pacific Northwest,Crunchy Chips,Can 330ml,Pacific Northwest,Leaking,Email,2026-02-05T17:16:00,0.86,False,
80989381-4d94-4712-92db-945793a50446,New lid on Resealable Bag v2 - New Lid doesn't seal properly,Crunchy Chips,Resealable Bag v2 - New Lid,Midwest,Seal Failure,Amazon Review,2026-02-05T17:30:00,0.66,False,
60df9573-1421-42c6-af40-22b557b8e6b9,Resealable Bag v2 - New Lid half empty - Crunchy Chips,Crunchy Chips,Resealable Bag v2 - New Lid,Midwest,Low Fill,Twitter,2026-02-05T17:45:00,0.75,False,
3d1559a5-89ab-4490-998f-fce0f185bf9f,Resealable Bag v1 half empty - Cookies Pack,Cookies Pack,Resealable Bag v1,California,Low Fill,Amazon Review,2026-02-05T17:46:00,0.8,False,
d08b0019-a623-4d48-af27-c329021c8205,Can 330ml leaking in transit to Pacific Northwest,Crunchy Chips,Can 330ml,Pacific Northwest,Leaking,Email,2026-02-05T17:57:00,0.74,False,
e9808bc6-e5c5-425d-8a4a-7c2088eed252,New lid on Resealable Bag v2 - New Lid doesn't seal properly,Cookies Pack,Resealable Bag v2 - New Lid,Northeast,Seal Failure,Amazon Review,2026-02-05T18:19:00,0.7,False,
56ef2b99-3c00-400d-a5fc-0e7e80aa3f6a,Resealable Bag v2 - New Lid leaking in transit to Texas,Soda Pop,Resealable Bag v2 - New Lid,Texas,Leaking,Twitter,2026-02-05T18:27:00,0.76,False,
ae5d389c-fb88-4ce5-8bd3-d57048ac0e3a,Ordered Granola Bar got wrong flavor,Granola Bar,Resealable Bag v2 - New Lid,Pacific Northwest,Wrong Flavor,Twitter,2026-02-05T18:27:00,0.92,False,
c657226c-56e7-489d-9ff0-de3b89ced6ae,Ordered Soda Pop got wrong flavor,Soda Pop,Resealable Bag v1,California,Wrong Flavor,Email,2026-02-05T18:34:00,0.64,False,
42786f5a-5f64-4bb7-a910-629a2e8d84fd,Ordered Soda Pop got wrong flavor,Soda Pop,Resealable Bag v1,Texas,Wrong Flavor,Twitter,2026-02-05T18:57:00,0.83,False,
468e6c59-a243-4b84-9ebc-9ad04a72bdb8,Stale Soda Pop in Can 330ml,Soda Pop,Can 330ml,Northeast,Stale Taste,Email,2026-02-05T19:03:00,0.93,False,
790fa4d3-cc66-4e6b-a0fa-0bc1b99af580,Resealable Bag v1 arrived torn,Soda Pop,Resealable Bag v1,Texas,Damaged Pack,Email,2026-02-05T19:03:00,0.77,False,
ca90ad43-1b3c-4893-bb91-4b6583d63d83,Resealable Bag v1 leaking in transit to Northeast,Soda Pop,Resealable Bag v1,Northeast,Leaking,Amazon Review,2026-02-05T19:07:00,0.83,False,
e2d7593b-a27a-4fe7-acf7-441b8f259fb7,Box 200g leaking in transit to California,Crunchy Chips,Box 200g,California,Leaking,Email,2026-02-05T19:11:00,0.7,False,
2ab2d2b5-71dd-497c-b78d-ffa53d2e474c,Resealable Bag v2 - New Lid leaking in transit to Northeast,Cookies Pack,Resealable Bag v2 - New Lid,Northeast,Leaking,Email,2026-02-05T19:14:00,0.64,False,
145195e0-8115-4e41-97f8-8d765f4d2d32,Stale Crunchy Chips in Resealable Bag v2 - New Lid,Crunchy Chips,Resealable Bag v2 - New Lid,Midwest,Stale Taste,Twitter,2026-02-05T19:14:00,0.73,False,
f6a76abc-0b9d-4a76-90c3-8b2c462bfef8,Resealable Bag v2 - New Lid arrived torn,Cookies Pack,Resealable Bag v2 - New Lid,Pacific Northwest,Damaged Pack,Email,2026-02-05T19:22:00,0.61,False,
7efad31a-85d8-4931-9beb-c935a3d0177b,Resealable Bag v1 arrived torn,Soda Pop,Resealable Bag v1,California,Damaged Pack,Amazon Review,2026-02-05T19:24:00,0.81,False,
292d78e1-47b3-4b47-b39e-62aa5732f42a,Ordered Soda Pop got wrong flavor,Soda Pop,Box 200g,Midwest,Wrong Flavor,Email,2026-02-05T19:30:00,0.83,False,
edfd0e0c-4c72-497b-8477-7401fa300f92,Resealable Bag v1 half empty - Cookies Pack,Cookies Pack,Resealable Bag v1,Northeast,Low Fill,Call Center,2026-02-05T19:31:00,0.7,False,
39b9822d-d333-48c4-9a9a-f5eca783fcea,Box 200g arrived torn,Crunchy Chips,Box 200g,Texas,Damaged Pack,Amazon Review,2026-02-05T19:35:00,0.61,False,
08aede16-48e1-4df6-94fb-f3a8b9c48b37,Resealable Bag v1 half empty - Soda Pop,Soda Pop,Resealable Bag v1,Northeast,Low Fill,Email,2026-02-05T19:39:00,0.73,False,
0b3890ad-3d04-4ed2-bb7d-e5126ea1943c,Resealable Bag v1 half empty - Granola Bar,Granola Bar,Resealable Bag v1,Texas,Low Fill,Call Center,2026-02-05T19:42:00,0.85,False,
239c9517-865c-4a30-8e5e-98df659f60cc,Stale Crunchy Chips in Resealable Bag v1,Crunchy Chips,Resealable Bag v1,Northeast,Stale Taste,Twitter,2026-02-05T19:45:00,0.93,False,
bea25dd0-8fbf-49a2-a108-d3725a479f7d,Can 330ml arrived torn,Soda Pop,Can 330ml,Midwest,Damaged Pack,Email,2026-02-05T19:47:00,0.75,False,
2f1a4dc9-085a-4bc8-91cb-1b3ba7593b4c,Resealable Bag v1 arrived torn,Cookies Pack,Resealable Bag v1,Northeast,Damaged Pack,Amazon Review,2026-02-05T19:50:00,0.74,False,
d408d223-7bb6-42e3-bd1d-b06057b21d62,"The Can 330ml won't close, goes stale in Pacific Northwest",Crunchy Chips,Can 330ml,Pacific Northwest,Seal Failure,Amazon Review,2026-02-05T19:51:00,0.75,False,
b54c00fc-70ab-472f-b253-fec897830030,Can 330ml arrived torn,Granola Bar,Can 330ml,Pacific Northwest,Damaged Pack,Email,2026-02-05T19:58:00,0.94,False,
8cebe195-1110-444d-b389-61745a8dee37,Box 200g arrived torn,Cookies Pack,Box 200g,Midwest,Damaged Pack,Twitter,2026-02-05T20:07:00,0.75,False,
dfecccbb-0ad6-47c6-84c9-646ef061fd60,Resealable Resealable Bag v1 failed to close - Pacific Northwest,Crunchy Chips,Resealable Bag v1,Pacific Northwest,Seal Failure,Email,2026-02-05T20:08:00,0.79,False,
16ad41dc-ca89-45bc-b5c7-8ee9c79198c4,Can 330ml leaking in transit to Midwest,Granola Bar,Can 330ml,Midwest,Leaking,Call Center,2026-02-05T20:12:00,0.68,False,
8f3ae726-522d-49e2-b034-1a8c2b54e808,Box crushed in shipping to Midwest,Crunchy Chips,Box 200g,Midwest,Damaged Pack,Call Center,2026-02-05T20:40:00,0.67,False,
7824a3e2-d945-4d0f-a433-543938b4513e,Box crushed in shipping to Northeast,Soda Pop,Resealable Bag v2 - New Lid,Northeast,Damaged Pack,Call Center,2026-02-05T20:41:00,0.79,False,
714c7707-3042-4327-aad2-0482dba860e0,Resealable Resealable Bag v1 failed to close - Northeast,Granola Bar,Resealable Bag v1,Northeast,Seal Failure,Email,2026-02-05T20:48:00,0.68,False,
2a732d74-a3a7-4e52-8dc6-760815d22d73,Resealable Can 330ml failed to close - Northeast,Granola Bar,Can 330ml,Northeast,Seal Failure,Call Center,2026-02-05T20:52:00,0.92,False,
a7c6c659-9669-4e02-be36-476002c46c7b,Resealable Bag v1 leaking in transit to Pacific Northwest,Cookies Pack,Resealable Bag v1,Pacific Northwest,Leaking,Call Center,2026-02-05T20:55:00,0.86,False,
d3117376-b35f-4251-adff-de9308cb9be3,Resealable Bag v1 leaking in transit to Northeast,Crunchy Chips,Resealable Bag v1,Northeast,Leaking,Call Center,2026-02-05T21:09:00,0.83,False,
c5ed4e86-c15c-4f1b-b6ee-61d8670ab8ed,Box crushed in shipping to California,Crunchy Chips,Resealable Bag v1,California,Damaged Pack,Twitter,2026-02-05T21:41:00,0.71,False,
a5f64539-0018-4942-a03f-1cc0d9085dae,Can 330ml arrived torn,Soda Pop,Can 330ml,Texas,Damaged Pack,Call Center,2026-02-05T22:05:00,0.8,False,
04ae6cce-241f-4d87-81f3-6d7b5bb3e733,Ordered Granola Bar got wrong flavor,Granola Bar,Resealable Bag v2 - New Lid,California,Wrong Flavor,Amazon Review,2026-02-05T22:38:00,0.85,False,
4e532e95-d348-4052-8259-f94b2a4cef89,Granola Bar tastes stale from California,Granola Bar,Box 200g,California,Stale Taste,Twitter,2026-02-05T22:41:00,0.67,False,
edc47ba9-7219-4ddd-815c-75913815043b,Ordered Cookies Pack got wrong flavor,Cookies Pack,Box 200g,California,Wrong Flavor,Call Center,2026-02-05T22:50:00,0.82,False,
b6d20dfb-f55b-4589-bc97-670beb6fdc28,Box 200g leaking in transit to Midwest,Cookies Pack,Box 200g,Midwest,Leaking,Call Center,2026-02-05T22:57:00,0.89,False,
dc608da0-d1b4-4f8f-a76b-120129bf6639,Box crushed in shipping to Texas,Granola Bar,Can 330ml,Texas,Damaged Pack,Call Center,2026-02-05T22:57:00,0.65,False,
8d550a13-bb47-4e35-b904-e3a0566b861d,Resealable Bag v1 arrived torn,Cookies Pack,Resealable Bag v1,Texas,Damaged Pack,Email,2026-02-05T23:03:00,0.93,False,
7109180d-88c5-4b69-b5d8-146e34e3880b,Cookies Pack tastes stale from Northeast,Cookies Pack,Resealable Bag v2 - New Lid,Northeast,Stale Taste,Twitter,2026-02-05T23:11:00,0.74,False,
f98ccd80-01c6-4ca0-8eaa-2e76368e6d92,Ordered Soda Pop got wrong flavor,Soda Pop,Resealable Bag v2 - New Lid,Texas,Wrong Flavor,Email,2026-02-05T23:26:00,0.6,False,
348997c4-9fc2-44e2-8fbe-ff3cbe34aae0,Box 200g half empty - Soda Pop,Soda Pop,Box 200g,Pacific Northwest,Low Fill,Amazon Review,2026-02-05T23:27:00,0.82,False,
87e7b837-aa20-4046-a4a7-0980c997edc6,Ordered Granola Bar got wrong flavor,Granola Bar,Resealable Bag v1,California,Wrong Flavor,Email,2026-02-05T23:29:00,0.64,False,
bcdbd22f-dde0-4688-a072-06eef952f94d,Stale Soda Pop in Can 330ml,Soda Pop,Can 330ml,Midwest,Stale Taste,Call Center,2026-02-05T23:35:00,0.71,False,
273f9f96-893c-4ff8-91c4-74a29138fd57,Resealable Bag v1 arrived torn,Granola Bar,Resealable Bag v1,Northeast,Damaged Pack,Twitter,2026-02-05T23:58:00,0.91,False,
e1fd8977-5d9d-4ea9-adf2-d5b834b61d6f,Ordered Soda Pop got wrong flavor,Soda Pop,Resealable Bag v2 - New Lid,Northeast,Wrong Flavor,Email,2026-02-06T00:00:00,0.7,False,
53b273d1-24ab-4812-b3c8-629cc93fe566,Box 200g half empty - Granola Bar,Granola Bar,Box 200g,Northeast,Low Fill,Amazon Review,2026-02-06T00:01:00,0.91,False,
fedaeedd-fed5-448c-bd07-38385e54e15d,Crunchy Chips tastes stale from Pacific Northwest,Crunchy Chips,Can 330ml,Pacific Northwest,Stale Taste,Call Center,2026-02-06T00:06:00,0.93,False,
bfd096fb-bc69-4380-9209-b9a7d3d9c2ff,New lid on Can 330ml doesn't seal properly,Cookies Pack,Can 330ml,Texas,Seal Failure,Email,2026-02-06T00:17:00,0.74,False,
e75c2a16-5c23-420b-a3c7-70e2ac6f16b2,Stale Cookies Pack in Box 200g,Cookies Pack,Box 200g,California,Stale Taste,Email,2026-02-06T00:36:00,0.77,False,
a05dd0a0-2ee2-46b1-a037-55b2adad487b,Ordered Crunchy Chips got wrong flavor,Crunchy Chips,Resealable Bag v2 - New Lid,Texas,Wrong Flavor,Call Center,2026-02-06T00:38:00,0.64,False,
7a4e0fad-87e9-430a-8d25-027db20daa70,Resealable Bag v2 - New Lid half empty - Soda Pop,Soda Pop,Resealable Bag v2 - New Lid,California,Low Fill,Email,2026-02-06T00:54:00,0.6,False,
4319389b-fbc7-4f55-a550-9dbef5c46408,Soda Pop tastes stale from Midwest,Soda Pop,Resealable Bag v1,Midwest,Stale Taste,Call Center,2026-02-06T01:04:00,0.72,False,
16600e40-baf2-4d98-b7d5-6e708cc97334,Can 330ml half empty - Cookies Pack,Cookies Pack,Can 330ml,Northeast,Low Fill,Amazon Review,2026-02-06T01:16:00,0.94,False,
25efccb7-fb26-4560-aa3c-115ab484f591,Resealable Bag v1 arrived torn,Granola Bar,Resealable Bag v1,California,Damaged Pack,Call Center,2026-02-06T01:25:00,0.91,False,
daa7ec27-a53b-46b9-8ccf-e0c034d0cbdf,Resealable Can 330ml failed to close - Northeast,Crunchy Chips,Can 330ml,Northeast,Seal Failure,Email,2026-02-06T01:31:00,0.92,False,
122e251b-7f9a-4ca1-8b76-185bec88c932,Ordered Granola Bar got wrong flavor,Granola Bar,Can 330ml,Pacific Northwest,Wrong Flavor,Twitter,2026-02-06T01:48:00,0.7,False,
3e743edf-9e2c-4cfc-aa75-0517c70178d3,Resealable Bag v2 - New Lid half empty - Soda Pop,Soda Pop,Resealable Bag v2 - New Lid,Northeast,Low Fill,Twitter,2026-02-06T01:49:00,0.83,False,
2413107e-7c2b-4c0b-ae4a-f1791880e92d,Resealable Can 330ml failed to close - Northeast,Cookies Pack,Can 330ml,Northeast,Seal Failure,Email,2026-02-06T01:57:00,0.76,False,
2a486181-8b02-482d-b552-8f5e0cc67fe5,Box 200g leaking in transit to Midwest,Soda Pop,Box 200g,Midwest,Leaking,Call Center,2026-02-06T02:00:00,0.92,False,
9c38c644-e541-478d-9fcc-666393d4286e,Ordered Cookies Pack got wrong flavor,Cookies Pack,Box 200g,California,Wrong Flavor,Amazon Review,2026-02-06T02:05:00,0.76,False,
ebb55e98-97a9-4137-9a7a-693960a5e975,Resealable Bag v2 - New Lid half empty - Granola Bar,Granola Bar,Resealable Bag v2 - New Lid,California,Low Fill,Amazon Review,2026-02-06T02:09:00,0.63,False,
3cc2040b-1628-43b0-a048-2f568e9e2434,New lid on Resealable Bag v1 doesn't seal properly,Soda Pop,Resealable Bag v1,Pacific Northwest,Seal Failure,Call Center,2026-02-06T02:24:00,0.69,False,
34ab9ffb-8c3b-4ae6-a659-8c2dd8c61a42,Opened Crunchy Chips and it was stale,Crunchy Chips,Box 200g,California,Stale Taste,Call Center,2026-02-06T02:29:00,0.8,False,
ca8b8d0a-cc5f-4513-90e1-88b2312b9909,Resealable Bag v2 - New Lid leaking in transit to Pacific Northwest,Crunchy Chips,Resealable Bag v2 - New Lid,Pacific Northwest,Leaking,Call Center,2026-02-06T02:40:00,0.76,False,
1065022c-fb26-4970-ac42-0f1813d03314,Can 330ml arrived torn,Soda Pop,Can 330ml,Northeast,Damaged Pack,Email,2026-02-06T02:45:00,0.77,False,
6581b733-bc82-440d-a24e-6915b3471869,Can 330ml leaking in transit to Pacific Northwest,Granola Bar,Can 330ml,Pacific Northwest,Leaking,Twitter,2026-02-06T02:59:00,0.74,False,
118a3491-24ab-47f9-bd66-45823dc41e7b,Cookies Pack tastes stale from Midwest,Cookies Pack,Resealable Bag v2 - New Lid,Midwest,Stale Taste,Email,2026-02-06T03:09:00,0.73,False,
9e543fae-7fa0-4482-aded-fcf159fb733d,Box 200g half empty - Cookies Pack,Cookies Pack,Box 200g,Pacific Northwest,Low Fill,Twitter,2026-02-06T03:13:00,0.95,False,
86878550-c807-4541-97f7-81f87ea2d9cd,Box 200g half empty - Cookies Pack,Cookies Pack,Box 200g,Pacific Northwest,Low Fill,Call Center,2026-02-06T03:16:00,0.87,False,
ab171c99-8e62-4345-ba66-19432020db6c,Ordered Granola Bar got wrong flavor,Granola Bar,Box 200g,Texas,Wrong Flavor,Amazon Review,2026-02-06T03:19:00,0.75,False,
5389abb9-a7a5-4f9a-b54f-1fabf2c34054,Ordered Crunchy Chips got wrong flavor,Crunchy Chips,Can 330ml,Northeast,Wrong Flavor,Amazon Review,2026-02-06T03:32:00,0.72,False,
5e196245-867d-4bbe-a078-57a5a3614ec4,Can 330ml arrived torn,Granola Bar,Can 330ml,Northeast,Damaged Pack,Call Center,2026-02-06T04:08:00,0.89,False,
7f29a590-a3fd-4432-8f75-0a2960d26f16,Box 200g half empty - Granola Bar,Granola Bar,Box 200g,California,Low Fill,Email,2026-02-06T04:27:00,0.6,False,
a68e54ce-6078-498c-992a-6d4a8ea644ea,New lid on Resealable Bag v1 doesn't seal properly,Soda Pop,Resealable Bag v1,Pacific Northwest,Seal Failure,Email,2026-02-06T04:41:00,0.66,False,
ce53347e-da2f-4de5-b072-1c55c424d2d1,Resealable Bag v2 - New Lid leaking in transit to Northeast,Soda Pop,Resealable Bag v2 - New Lid,Northeast,Leaking,Amazon Review,2026-02-06T04:46:00,0.77,False,
c3f77796-bb56-4c8b-ad93-0e435bf62f50,Resealable Resealable Bag v1 failed to close - Pacific Northwest,Soda Pop,Resealable Bag v1,Pacific Northwest,Seal Failure,Call Center,2026-02-06T04:50:00,0.69,False,
74d59b86-330d-4877-97fa-2d61ee24fd32,Can 330ml leaking in transit to Midwest,Cookies Pack,Can 330ml,Midwest,Leaking,Amazon Review,2026-02-06T05:06:00,0.76,False,
3bab2790-0b65-4f5b-aa76-9a20ff03eb7a,Resealable Bag v2 - New Lid half empty - Crunchy Chips,Crunchy Chips,Resealable Bag v2 - New Lid,Midwest,Low Fill,Email,2026-02-06T05:06:00,0.87,False,
a31a3b44-79f1-4f3b-96f1-fc6635498339,Resealable Bag v2 - New Lid leaking in transit to California,Crunchy Chips,Resealable Bag v2 - New Lid,California,Leaking,Email,2026-02-06T05:20:00,0.75,False,
240ef9af-33f3-4da0-88b5-12f01c02edf7,Box 200g leaking in transit to Northeast,Crunchy Chips,Box 200g,Northeast,Leaking,Twitter,2026-02-06T05:33:00,0.75,False,
97207692-97a2-4146-a02f-da9219eace86,New lid on Resealable Bag v1 doesn't seal properly,Crunchy Chips,Resealable Bag v1,Texas,Seal Failure,Email,2026-02-06T05:38:00,0.68,False,
5a76e564-5a36-4c21-b0a2-ddc9f3dd44ec,Ordered Crunchy Chips got wrong flavor,Crunchy Chips,Resealable Bag v2 - New Lid,Pacific Northwest,Wrong Flavor,Twitter,2026-02-06T05:42:00,0.87,False,
98822318-7ef6-43fb-bc92-49b9b316dd68,Soda Pop tastes stale from Pacific Northwest,Soda Pop,Box 200g,Pacific Northwest,Stale Taste,Amazon Review,2026-02-06T05:43:00,0.86,False,
ff27519c-3a31-4598-bd9c-087bca7e94ef,"The Can 330ml won't close, goes stale in Midwest",Crunchy Chips,Can 330ml,Midwest,Seal Failure,Twitter,2026-02-06T05:49:00,0.61,False,
9eb78973-ef43-4c89-9e2e-6f7cde9dfd17,Stale Granola Bar in Box 200g,Granola Bar,Box 200g,Pacific Northwest,Stale Taste,Twitter,2026-02-06T05:59:00,0.68,False,
25fc6a91-06e4-4dbf-9811-8b2b1deefbf7,Resealable Bag v1 half empty - Granola Bar,Granola Bar,Resealable Bag v1,Texas,Low Fill,Call Center,2026-02-06T06:16:00,0.7,False,
dfb9a925-7425-4417-81ac-09e6d4c5edf7,Resealable Can 330ml failed to close - California,Crunchy Chips,Can 330ml,California,Seal Failure,Call Center,2026-02-06T06:17:00,0.62,False,
416e14b7-142e-4f37-8b6c-e6811d362848,Ordered Soda Pop got wrong flavor,Soda Pop,Box 200g,Midwest,Wrong Flavor,Twitter,2026-02-06T06:26:00,0.93,False,
e29d803c-6afb-4496-ad8b-fe911c09166b,Box 200g half empty - Granola Bar,Granola Bar,Box 200g,Midwest,Low Fill,Email,2026-02-06T06:33:00,0.8,False,
4935cc09-1b29-458b-9165-104a83f5e64c,Box 200g half empty - Granola Bar,Granola Bar,Box 200g,California,Low Fill,Twitter,2026-02-06T06:33:00,0.82,False,
2af6f76a-08d7-469d-9cf8-b15a22c48d3b,Resealable Bag v1 leaking in transit to Texas,Granola Bar,Resealable Bag v1,Texas,Leaking,Amazon Review,2026-02-06T06:36:00,0.85,False,
ef315100-2c97-4402-a857-68377834d95f,Ordered Crunchy Chips got wrong flavor,Crunchy Chips,Box 200g,California,Wrong Flavor,Email,2026-02-06T07:18:00,0.71,False,
f6dd6910-bb34-4d75-964e-dd490c684fc6,Ordered Granola Bar got wrong flavor,Granola Bar,Resealable Bag v1,California,Wrong Flavor,Twitter,2026-02-06T07:27:00,0.64,False,
3a5d55bf-c545-433c-8d3f-24b04834ad81,Resealable Bag v2 - New Lid arrived torn,Crunchy Chips,Resealable Bag v2 - New Lid,Texas,Damaged Pack,Amazon Review,2026-02-06T07:28:00,0.72,False,
29642e21-0b40-4b0f-a8f6-fa9574494fae,Resealable Bag v1 arrived torn,Granola Bar,Resealable Bag v1,California,Damaged Pack,Twitter,2026-02-06T07:46:00,0.67,False,
e99dcdca-c447-43d3-95a1-79913e9b159c,New lid on Resealable Bag v1 doesn't seal properly,Granola Bar,Resealable Bag v1,Midwest,Seal Failure,Twitter,2026-02-06T08:02:00,0.79,False,
48170e25-eef8-4415-a95a-47ecb44f196f,Ordered Cookies Pack got wrong flavor,Cookies Pack,Can 330ml,Texas,Wrong Flavor,Amazon Review,2026-02-06T08:36:00,0.61,False,
1edc3ed4-d229-49d7-9273-13ff2de5ad7c,Opened Cookies Pack and it was stale,Cookies Pack,Resealable Bag v1,Northeast,Stale Taste,Call Center,2026-02-06T08:59:00,0.69,False,
de82e1cb-c1f4-4255-b7a4-354ed5752f34,Can 330ml half empty - Granola Bar,Granola Bar,Can 330ml,California,Low Fill,Email,2026-02-06T09:01:00,0.68,False,
ac17c747-7531-4896-a8d6-5a60eb503823,Box crushed in shipping to Pacific Northwest,Cookies Pack,Box 200g,Pacific Northwest,Damaged Pack,Amazon Review,2026-02-06T09:20:00,0.74,False,
8386e330-fa6f-4eb6-a16e-ea1078a644b7,Box crushed in shipping to California,Crunchy Chips,Resealable Bag v2 - New Lid,California,Damaged Pack,Call Center,2026-02-06T09:21:00,0.93,False,
caf98659-914b-4601-85f6-8b92c74ab969,Resealable Bag v1 half empty - Granola Bar,Granola Bar,Resealable Bag v1,Texas,Low Fill,Email,2026-02-06T09:24:00,0.62,False,
1d446e58-1455-41aa-b51c-ebe7a6de24e6,Box 200g half empty - Crunchy Chips,Crunchy Chips,Box 200g,Midwest,Low Fill,Amazon Review,2026-02-06T09:26:00,0.67,False,
83c25ec5-009a-4ad1-a727-8601eb924372,Ordered Crunchy Chips got wrong flavor,Crunchy Chips,Box 200g,Texas,Wrong Flavor,Amazon Review,2026-02-06T09:40:00,0.64,False,
5f37f7a1-6df0-4637-a6df-d1c39cbac48f,Can 330ml half empty - Cookies Pack,Cookies Pack,Can 330ml,Northeast,Low Fill,Amazon Review,2026-02-06T10:09:00,0.79,False,
382eb80e-d668-41a3-8ece-9f0faaf1fa54,Granola Bar tastes stale from Texas,Granola Bar,Can 330ml,Texas,Stale Taste,Email,2026-02-06T10:13:00,0.85,False,
0c2e3135-7d64-4b37-9dee-6350ea1df462,"The Resealable Bag v2 - New Lid won't close, goes stale in Northeast",Soda Pop,Resealable Bag v2 - New Lid,Northeast,Seal Failure,Amazon Review,2026-02-06T10:27:00,0.89,False,
4f360605-c2d2-4cf9-b62c-4eea88604d79,Box crushed in shipping to California,Crunchy Chips,Resealable Bag v1,California,Damaged Pack,Call Center,2026-02-06T10:27:00,0.84,False,
8c893116-4c68-44de-b56e-869dcf42abae,Resealable Bag v2 - New Lid half empty - Cookies Pack,Cookies Pack,Resealable Bag v2 - New Lid,California,Low Fill,Twitter,2026-02-06T10:28:00,0.63,False,
2a5d8d02-3094-4c65-99b5-29647365ca7c,Stale Cookies Pack in Can 330ml,Cookies Pack,Can 330ml,Midwest,Stale Taste,Twitter,2026-02-06T10:42:00,0.9,False,
b4cb42e8-7aa5-45ac-9da7-bf4cf11d730d,Resealable Bag v2 - New Lid half empty - Cookies Pack,Cookies Pack,Resealable Bag v2 - New Lid,Texas,Low Fill,Amazon Review,2026-02-06T10:44:00,0.85,False,
42a3b658-d3ed-48d9-bd5c-05db203eb010,Opened Crunchy Chips and it was stale,Crunchy Chips,Box 200g,Pacific Northwest,Stale Taste,Call Center,2026-02-06T10:54:00,0.62,False,
49d3b4ee-3220-430b-9a0b-13322efbe395,"The Can 330ml won't close, goes stale in Northeast",Crunchy Chips,Can 330ml,Northeast,Seal Failure,Email,2026-02-06T11:41:00,0.72,False,
30445117-13c8-495e-95d7-8d42a1063018,Opened Crunchy Chips and it was stale,Crunchy Chips,Box 200g,Pacific Northwest,Stale Taste,Twitter,2026-02-06T11:54:00,0.76,False,
3d113f3a-eaec-4c47-ab4d-3a79d57b0b05,Opened Crunchy Chips and it was stale,Crunchy Chips,Resealable Bag v2 - New Lid,Pacific Northwest,Stale Taste,Twitter,2026-02-06T12:26:00,0.7,False,
5bc20e3c-5169-4f98-b4e1-4c473259db9b,Can 330ml half empty - Cookies Pack,Cookies Pack,Can 330ml,Texas,Low Fill,Email,2026-02-06T12:37:00,0.9,False,
b7ad652d-510c-4c9e-98b6-738cf19a1d78,Ordered Cookies Pack got wrong flavor,Cookies Pack,Resealable Bag v2 - New Lid,California,Wrong Flavor,Twitter,2026-02-06T12:44:00,0.76,False,
9e61d780-258a-4ec8-929f-800436c3cde6,Crunchy Chips tastes stale from Pacific Northwest,Crunchy Chips,Can 330ml,Pacific Northwest,Stale Taste,Call Center,2026-02-06T13:00:00,0.71,False,
7ca85619-4815-42c3-88eb-9d16388bfb92,Can 330ml leaking in transit to Pacific Northwest,Cookies Pack,Can 330ml,Pacific Northwest,Leaking,Call Center,2026-02-06T13:02:00,0.89,False,
ea077fa4-eb16-4f4e-a46a-2127248f24bb,New lid on Resealable Bag v1 doesn't seal properly,Granola Bar,Resealable Bag v1,Pacific Northwest,Seal Failure,Amazon Review,2026-02-06T13:07:00,0.84,False,
4138d3d3-a883-4be1-94b3-3bc3c915b62f,Ordered Cookies Pack got wrong flavor,Cookies Pack,Can 330ml,California,Wrong Flavor,Email,2026-02-06T13:14:00,0.9,False,
d70ccb34-fd5e-4938-ad69-e2bc483ae8e9,Box 200g arrived torn,Crunchy Chips,Box 200g,Texas,Damaged Pack,Email,2026-02-06T13:24:00,0.91,False,
af20ebbe-d361-43f7-b668-75d00919a46d,Granola Bar tastes stale from Northeast,Granola Bar,Can 330ml,Northeast,Stale Taste,Amazon Review,2026-02-06T13:27:00,0.81,False,
407dfd9b-2eeb-4a45-b719-510e97ddef82,Box crushed in shipping to California,Granola Bar,Can 330ml,California,Damaged Pack,Twitter,2026-02-06T13:46:00,0.64,False,
aaf03af9-bd69-4b70-bb78-25398a8511f4,Resealable Can 330ml failed to close - Northeast,Cookies Pack,Can 330ml,Northeast,Seal Failure,Call Center,2026-02-06T13:47:00,0.69,False,
dfa166ee-6c84-42db-9e05-42b73d878221,Opened Crunchy Chips and it was stale,Crunchy Chips,Resealable Bag v1,Northeast,Stale Taste,Twitter,2026-02-06T13:53:00,0.93,False,
5d06e2f3-1a72-4e69-b043-7dba8a66ac78,New lid on Resealable Bag v2 - New Lid doesn't seal properly,Soda Pop,Resealable Bag v2 - New Lid,Midwest,Seal Failure,Amazon Review,2026-02-06T14:04:00,0.72,False,
658153cb-fd75-435c-acaf-b09385fdbb4d,Stale Cookies Pack in Can 330ml,Cookies Pack,Can 330ml,Northeast,Stale Taste,Twitter,2026-02-06T14:08:00,0.62,False,
6f500d20-eec3-4bb7-a90c-94e4a314b2d5,Box 200g half empty - Crunchy Chips,Crunchy Chips,Box 200g,Texas,Low Fill,Twitter,2026-02-06T14:13:00,0.91,False,
e7218f22-3fcc-447f-af58-50429a1d72f6,Can 330ml leaking in transit to Midwest,Soda Pop,Can 330ml,Midwest,Leaking,Twitter,2026-02-06T14:25:00,0.84,False,
7d0a907e-25ad-403f-addd-2c70631cadd0,Resealable Bag v1 leaking in transit to Pacific Northwest,Soda Pop,Resealable Bag v1,Pacific Northwest,Leaking,Email,2026-02-06T14:26:00,0.86,False,
8567ff49-a69a-42c6-a224-3bc254ef62bf,Resealable Box 200g failed to close - Texas,Cookies Pack,Box 200g,Texas,Seal Failure,Email,2026-02-06T14:27:00,0.93,False,
25a4c782-0ca1-4273-a49d-8492e89766ab,"The Can 330ml won't close, goes stale in California",Crunchy Chips,Can 330ml,California,Seal Failure,Amazon Review,2026-02-06T14:35:00,0.9,False,
337cc16c-c215-4f45-b122-1a1297b0224a,Box crushed in shipping to Texas,Cookies Pack,Box 200g,Texas,Damaged Pack,Email,2026-02-06T15:05:00,0.93,False,
c9df4774-9870-492a-b996-0609c443d7c0,Box 200g leaking in transit to California,Crunchy Chips,Box 200g,California,Leaking,Amazon Review,2026-02-06T15:09:00,0.69,False,
4c7bfec5-ba77-4dbd-b13b-a0fca5eb4b8d,Resealable Resealable Bag v1 failed to close - Northeast,Cookies Pack,Resealable Bag v1,Northeast,Seal Failure,Call Center,2026-02-06T15:20:00,0.9,False,
a3e96df4-73e3-4291-94b1-107be399abeb,Resealable Bag v2 - New Lid leaking in transit to Northeast,Granola Bar,Resealable Bag v2 - New Lid,Northeast,Leaking,Amazon Review,2026-02-06T15:32:00,0.85,False,
2f4a4162-184f-4a57-9d5b-0188818529db,Opened Crunchy Chips and it was stale,Crunchy Chips,Can 330ml,Pacific Northwest,Stale Taste,Call Center,2026-02-06T15:56:00,0.83,False,
5ea5196a-0bd4-4171-a742-b09d6a344a69,Can 330ml half empty - Crunchy Chips,Crunchy Chips,Can 330ml,Pacific Northwest,Low Fill,Email,2026-02-06T16:00:00,0.78,False,
2e2181ee-d7e2-475a-8112-41f83d7796ad,Resealable Resealable Bag v2 - New Lid failed to close - California,Soda Pop,Resealable Bag v2 - New Lid,California,Seal Failure,Call Center,2026-02-06T16:08:00,0.87,False,
760187bb-1461-419c-b7c4-e0ea2d143052,Stale Cookies Pack in Box 200g,Cookies Pack,Box 200g,Texas,Stale Taste,Twitter,2026-02-06T17:21:00,0.84,False,
94e9ab7e-f5ad-4449-8927-5b2c933ab779,Can 330ml half empty - Cookies Pack,Cookies Pack,Can 330ml,California,Low Fill,Amazon Review,2026-02-06T17:22:00,0.65,False,
3d859472-b3ce-4517-b753-1826290cd783,Resealable Bag v2 - New Lid leaking in transit to Northeast,Soda Pop,Resealable Bag v2 - New Lid,Northeast,Leaking,Email,2026-02-06T17:23:00,0.84,False,
027f90d6-b230-443f-b4bd-3ce61c9e2cd8,Box crushed in shipping to Pacific Northwest,Crunchy Chips,Resealable Bag v2 - New Lid,Pacific Northwest,Damaged Pack,Twitter,2026-02-06T17:28:00,0.6,False,
e81aa5a4-bbd5-4607-b451-e99ea3ef7fae,Resealable Bag v2 - New Lid arrived torn,Crunchy Chips,Resealable Bag v2 - New Lid,Midwest,Damaged Pack,Amazon Review,2026-02-06T17:28:00,0.67,False,
f58fcf1f-80bf-4bd0-bed3-5a817832e474,Opened Cookies Pack and it was stale,Cookies Pack,Resealable Bag v2 - New Lid,Midwest,Stale Taste,Amazon Review,2026-02-06T18:01:00,0.81,False,
d3f45754-dee1-4806-a8a5-df6667dece49,Soda Pop tastes stale from California,Soda Pop,Resealable Bag v1,California,Stale Taste,Twitter,2026-02-06T18:15:00,0.61,False,
8216f685-1034-4a24-a61b-25b02fc0b9af,Ordered Soda Pop got wrong flavor,Soda Pop,Can 330ml,California,Wrong Flavor,Twitter,2026-02-06T18:17:00,0.71,False,
ce3f3a5f-b8ac-40f8-bab1-af5be82b8e80,Ordered Soda Pop got wrong flavor,Soda Pop,Resealable Bag v2 - New Lid,Texas,Wrong Flavor,Call Center,2026-02-06T18:19:00,0.92,False,
17548daf-d145-45ef-9ee9-3306b3e39aed,Box crushed in shipping to Midwest,Granola Bar,Box 200g,Midwest,Damaged Pack,Email,2026-02-06T18:24:00,0.81,False,
4b1c175a-8077-45ac-a015-61f31446c544,"The Can 330ml won't close, goes stale in Pacific Northwest",Crunchy Chips,Can 330ml,Pacific Northwest,Seal Failure,Twitter,2026-02-06T18:29:00,0.71,False,
b4f6250f-d568-4174-93ef-d84402f4f58f,Can 330ml half empty - Cookies Pack,Cookies Pack,Can 330ml,Pacific Northwest,Low Fill,Call Center,2026-02-06T18:34:00,0.65,False,
297629e8-71d0-45c6-a7a7-b1fbd9888511,"The Can 330ml won't close, goes stale in California",Granola Bar,Can 330ml,California,Seal Failure,Call Center,2026-02-06T18:38:00,0.87,False,
01e3eec3-b1e0-48e1-9e18-e913b12a417b,Resealable Bag v1 leaking in transit to Northeast,Granola Bar,Resealable Bag v1,Northeast,Leaking,Amazon Review,2026-02-06T18:47:00,0.93,False,
60cec734-18ef-48e8-99bf-58a48a0cf7b9,Box 200g half empty - Cookies Pack,Cookies Pack,Box 200g,California,Low Fill,Call Center,2026-02-06T18:50:00,0.7,False,
d3ce3a7a-d381-48ec-97f7-ef27e6877ecf,Soda Pop tastes stale from Midwest,Soda Pop,Box 200g,Midwest,Stale Taste,Email,2026-02-06T18:58:00,0.8,False,
6c0aeef0-ecc4-4a88-b1ad-9781397084cd,Ordered Cookies Pack got wrong flavor,Cookies Pack,Can 330ml,Pacific Northwest,Wrong Flavor,Call Center,2026-02-06T19:00:00,0.86,False,
b3785af8-9109-4bd8-986d-9550f53059b9,Can 330ml arrived torn,Granola Bar,Can 330ml,Midwest,Damaged Pack,Amazon Review,2026-02-06T19:34:00,0.63,False,
1a440117-b6cd-4162-9f12-72c6818d81eb,"The Resealable Bag v1 won't close, goes stale in Pacific Northwest",Granola Bar,Resealable Bag v1,Pacific Northwest,Seal Failure,Amazon Review,2026-02-06T19:38:00,0.84,False,
bd0f71b4-d447-4bb1-b7df-0e53567fb14d,Can 330ml half empty - Cookies Pack,Cookies Pack,Can 330ml,California,Low Fill,Amazon Review,2026-02-06T19:40:00,0.93,False,
94d2b829-b873-4e56-89cb-8547bc6707dd,Stale Crunchy Chips in Resealable Bag v1,Crunchy Chips,Resealable Bag v1,Northeast,Stale Taste,Twitter,2026-02-06T19:53:00,0.73,False,
bb1c0662-7f5a-4771-8ed9-6b961ac04f20,Stale Granola Bar in Can 330ml,Granola Bar,Can 330ml,Pacific Northwest,Stale Taste,Call Center,2026-02-06T20:28:00,0.71,False,
03ae3b6e-59cc-4f50-92b8-8258883d01c6,Box crushed in shipping to Midwest,Crunchy Chips,Resealable Bag v2 - New Lid,Midwest,Damaged Pack,Call Center,2026-02-06T20:29:00,0.91,False,
2dade932-f527-44ec-9545-e1b33d87f75a,Ordered Cookies Pack got wrong flavor,Cookies Pack,Box 200g,California,Wrong Flavor,Email,2026-02-06T20:41:00,0.82,False,
55463b04-b67c-45a4-a2a7-1b6b383bd482,New lid on Resealable Bag v1 doesn't seal properly,Crunchy Chips,Resealable Bag v1,Northeast,Seal Failure,Twitter,2026-02-06T20:56:00,0.91,False,
6a54845c-f75c-4507-ad9c-653fa191ef98,Can 330ml half empty - Soda Pop,Soda Pop,Can 330ml,Pacific Northwest,Low Fill,Amazon Review,2026-02-06T21:07:00,0.63,False,
5a85df7f-40bd-42e1-9c4b-2caeb61536ac,Soda Pop tastes stale from California,Soda Pop,Resealable Bag v1,California,Stale Taste,Email,2026-02-06T21:28:00,0.75,False,
d45279bb-dbfc-4208-929a-73af8b6c71c5,Box 200g half empty - Crunchy Chips,Crunchy Chips,Box 200g,Texas,Low Fill,Amazon Review,2026-02-06T21:55:00,0.65,False,
222d026c-62fa-40ba-8118-019e33256fc9,Opened Granola Bar and it was stale,Granola Bar,Resealable Bag v2 - New Lid,Northeast,Stale Taste,Call Center,2026-02-06T21:57:00,0.87,False,
bf7eb83a-fa73-4345-b200-72f8cb55e424,Resealable Bag v2 - New Lid arrived torn,Crunchy Chips,Resealable Bag v2 - New Lid,California,Damaged Pack,Call Center,2026-02-06T22:00:00,0.92,False,
11381999-03af-40d1-aab1-36e926661841,Resealable Resealable Bag v1 failed to close - Texas,Granola Bar,Resealable Bag v1,Texas,Seal Failure,Amazon Review,2026-02-06T22:11:00,0.88,False,
52f1f6bf-a2e6-4969-86b8-7a2f43c4fce7,"The Resealable Bag v2 - New Lid won't close, goes stale in Texas",Cookies Pack,Resealable Bag v2 - New Lid,Texas,Seal Failure,Amazon Review,2026-02-06T22:21:00,0.85,False,
fdcd9aac-d338-4e43-ba8c-70cdb43e7fb7,Resealable Bag v2 - New Lid leaking in transit to California,Cookies Pack,Resealable Bag v2 - New Lid,California,Leaking,Twitter,2026-02-06T22:27:00,0.62,False,
aa332f78-af77-4f60-a7e3-ce8d6f59ea01,Granola Bar tastes stale from Northeast,Granola Bar,Can 330ml,Northeast,Stale Taste,Amazon Review,2026-02-06T22:27:00,0.61,False,
249498b1-4f7f-47c2-895a-8dbf6b37814e,Resealable Resealable Bag v1 failed to close - Northeast,Granola Bar,Resealable Bag v1,Northeast,Seal Failure,Email,2026-02-06T22:51:00,0.6,False,
2be3c319-01e8-4239-84a2-02bd23ea5cea,Stale Crunchy Chips in Resealable Bag v2 - New Lid,Crunchy Chips,Resealable Bag v2 - New Lid,Midwest,Stale Taste,Email,2026-02-06T23:05:00,0.92,False,
0cfc62f4-a15a-4005-a4da-fd666af09a79,Box 200g arrived torn,Crunchy Chips,Box 200g,California,Damaged Pack,Call Center,2026-02-06T23:35:00,0.77,False,
5a23662f-f62b-4beb-b1a9-46cf3fa473e1,Resealable Bag v1 arrived torn,Soda Pop,Resealable Bag v1,California,Damaged Pack,Email,2026-02-06T23:37:00,0.63,False,
02a67cd0-1fd0-4136-8fff-823dc10d7456,Ordered Granola Bar got wrong flavor,Granola Bar,Box 200g,Pacific Northwest,Wrong Flavor,Amazon Review,2026-02-06T23:48:00,0.62,False,
db952f2c-f8a9-4a3a-9e54-729fc88b0071,"The Can 330ml won't close, goes stale in California",Granola Bar,Can 330ml,California,Seal Failure,Amazon Review,2026-02-06T23:54:00,0.84,False,
a8cf80c5-f828-422c-b9f5-35428b94c2ef,Resealable Bag v2 - New Lid leaking in transit to Pacific Northwest,Cookies Pack,Resealable Bag v2 - New Lid,Pacific Northwest,Leaking,Email,2026-02-06T23:56:00,0.88,False,
9acb829b-1825-4b04-8159-3be160abbfe1,Resealable Resealable Bag v2 - New Lid failed to close - Pacific Northwest batch 103,Crunchy Chips,Resealable Bag v2 - New Lid,Pacific Northwest,Seal Failure,Call Center,2026-02-07T00:00:00,0.9,True,PLANTED_001_PNW_NEW_LID_SEAL
3848b4ce-647f-4c69-a04e-56734b9b4520,Resealable Bag v2 - New Lid arrived torn,Crunchy Chips,Resealable Bag v2 - New Lid,California,Damaged Pack,Amazon Review,2026-02-07T00:07:00,0.86,False,
bed0fe14-0de7-4f22-86a7-93de4c487977,Resealable Bag v2 - New Lid leaking in transit to Northeast,Cookies Pack,Resealable Bag v2 - New Lid,Northeast,Leaking,Amazon Review,2026-02-07T00:51:00,0.8,False,
27d631a4-49d4-4134-8fdc-511d88b66e95,"The Resealable Bag v2 - New Lid won't close, goes stale in Pacific Northwest batch 102",Crunchy Chips,Resealable Bag v2 - New Lid,Pacific Northwest,Seal Failure,Call Center,2026-02-07T01:00:00,0.85,True,PLANTED_001_PNW_NEW_LID_SEAL
09071665-cc82-42a3-93ef-10ef8c472186,Ordered Granola Bar got wrong flavor,Granola Bar,Resealable Bag v1,Northeast,Wrong Flavor,Twitter,2026-02-07T01:02:00,0.74,False,
2416fab3-aa4f-4f72-8950-31030ed7490e,Ordered Granola Bar got wrong flavor,Granola Bar,Box 200g,Texas,Wrong Flavor,Twitter,2026-02-07T01:03:00,0.72,False,
800372b6-e6cf-4088-aa3a-98bd817b810d,Ordered Soda Pop got wrong flavor,Soda Pop,Resealable Bag v2 - New Lid,Midwest,Wrong Flavor,Amazon Review,2026-02-07T01:28:00,0.93,False,
7b1e7ead-dbcf-463a-9436-9558b8f76527,Ordered Soda Pop got wrong flavor,Soda Pop,Box 200g,Pacific Northwest,Wrong Flavor,Twitter,2026-02-07T01:46:00,0.61,False,
ea91c6e8-cb74-416e-a136-9b43d0016a97,Box 200g leaking in transit to Texas,Crunchy Chips,Box 200g,Texas,Leaking,Call Center,2026-02-07T01:56:00,0.68,False,
81b0d555-a375-4b5e-8305-8a018173fa23,Box 200g half empty - Soda Pop,Soda Pop,Box 200g,Texas,Low Fill,Call Center,2026-02-07T02:02:00,0.68,False,
ee7e9026-b92c-48f2-a8ee-75b0ebed47ce,Box crushed in shipping to Midwest,Cookies Pack,Resealable Bag v1,Midwest,Damaged Pack,Twitter,2026-02-07T02:06:00,0.66,False,
5e36b9cb-2987-4cb1-9307-1ade93eff652,Resealable Bag v1 half empty - Granola Bar,Granola Bar,Resealable Bag v1,Pacific Northwest,Low Fill,Email,2026-02-07T02:26:00,0.79,False,
d76b5f06-05b0-42dc-bd09-80362fd77baa,Stale Cookies Pack in Resealable Bag v1,Cookies Pack,Resealable Bag v1,Midwest,Stale Taste,Call Center,2026-02-07T02:27:00,0.76,False,
4f9d3df4-fd52-44f4-8e19-f1f36303fbaa,Resealable Bag v2 - New Lid leaking in transit to California,Soda Pop,Resealable Bag v2 - New Lid,California,Leaking,Email,2026-02-07T02:50:00,0.71,False,
bf2fad8b-40f1-42a7-a376-46f21472c12c,Resealable Resealable Bag v1 failed to close - Pacific Northwest,Granola Bar,Resealable Bag v1,Pacific Northwest,Seal Failure,Twitter,2026-02-07T02:52:00,0.62,False,
d646ee65-91f6-4ef0-93a8-67e4390b2930,Stale Soda Pop in Resealable Bag v2 - New Lid,Soda Pop,Resealable Bag v2 - New Lid,Northeast,Stale Taste,Email,2026-02-07T03:19:00,0.77,False,
b4a6d79b-7214-4e22-a486-0ce67d9ab124,Resealable Bag v2 - New Lid leaking in transit to Northeast,Soda Pop,Resealable Bag v2 - New Lid,Northeast,Leaking,Amazon Review,2026-02-07T03:27:00,0.7,False,
0584fa3d-f84f-428d-b8da-2f9218dbd410,Ordered Soda Pop got wrong flavor,Soda Pop,Resealable Bag v2 - New Lid,California,Wrong Flavor,Email,2026-02-07T03:35:00,0.79,False,
5c3d513c-df8d-40a9-935a-39d664aaaae9,Box 200g leaking in transit to Northeast,Cookies Pack,Box 200g,Northeast,Leaking,Twitter,2026-02-07T04:02:00,0.85,False,
e70f2cfc-1bf5-460c-89aa-fac020d68514,Box crushed in shipping to Midwest,Cookies Pack,Box 200g,Midwest,Damaged Pack,Email,2026-02-07T04:04:00,0.76,False,
fdfdbd6d-f11c-42c2-9fa5-9050f5ee7776,"The Box 200g won't close, goes stale in Northeast",Crunchy Chips,Box 200g,Northeast,Seal Failure,Call Center,2026-02-07T04:24:00,0.63,False,
86f65564-2025-4c1c-822b-d2fc0b4c9c66,Ordered Soda Pop got wrong flavor,Soda Pop,Resealable Bag v1,Northeast,Wrong Flavor,Call Center,2026-02-07T04:27:00,0.88,False,
d9a0207a-212f-4f5a-9621-2534ff6ed685,Box 200g leaking in transit to Midwest,Cookies Pack,Box 200g,Midwest,Leaking,Twitter,2026-02-07T04:30:00,0.63,False,
19f6af34-afd8-4382-a56a-b57e650af31b,Box crushed in shipping to Texas,Granola Bar,Resealable Bag v1,Texas,Damaged Pack,Twitter,2026-02-07T04:30:00,0.61,False,
f70076dd-fbfb-488b-a641-925d2781b235,Resealable Bag v2 - New Lid half empty - Crunchy Chips,Crunchy Chips,Resealable Bag v2 - New Lid,Pacific Northwest,Low Fill,Amazon Review,2026-02-07T04:35:00,0.78,False,
a7b94e07-0ac8-4b07-8f17-a2d30d197e19,Ordered Crunchy Chips got wrong flavor,Crunchy Chips,Box 200g,California,Wrong Flavor,Call Center,2026-02-07T04:54:00,0.75,False,
b0117843-8d82-4c45-a483-1e9e7fd4eff1,Opened Soda Pop and it was stale,Soda Pop,Resealable Bag v2 - New Lid,Northeast,Stale Taste,Twitter,2026-02-07T04:58:00,0.6,False,
f5b9fe75-8d65-4607-9a33-48a9e0c79e9b,"The Resealable Bag v1 won't close, goes stale in Pacific Northwest",Soda Pop,Resealable Bag v1,Pacific Northwest,Seal Failure,Call Center,2026-02-07T05:18:00,0.78,False,
5d570078-f1d0-4950-a621-eff68247261b,Box crushed in shipping to Midwest,Soda Pop,Can 330ml,Midwest,Damaged Pack,Call Center,2026-02-07T05:25:00,0.78,False,
12711a14-7a47-476e-94ab-86cfb615cdb2,Resealable Bag v1 arrived torn,Cookies Pack,Resealable Bag v1,Northeast,Damaged Pack,Twitter,2026-02-07T05:30:00,0.89,False,
37c349d7-dd81-4269-893f-3d7fcfc5534a,Ordered Soda Pop got wrong flavor,Soda Pop,Resealable Bag v2 - New Lid,Midwest,Wrong Flavor,Amazon Review,2026-02-07T05:39:00,0.84,False,
9dad2910-8b71-45e0-aa89-04204ceb1091,Box 200g leaking in transit to Midwest,Granola Bar,Box 200g,Midwest,Leaking,Email,2026-02-07T05:44:00,0.66,False,
01603f12-918d-49ec-9f58-13f087e84b29,Ordered Crunchy Chips got wrong flavor,Crunchy Chips,Resealable Bag v2 - New Lid,Northeast,Wrong Flavor,Email,2026-02-07T06:04:00,0.88,False,
9b2404b4-85b7-404c-a220-869ce6189e36,Ordered Cookies Pack got wrong flavor,Cookies Pack,Resealable Bag v1,Texas,Wrong Flavor,Amazon Review,2026-02-07T06:09:00,0.65,False,
6efa9b51-b8c9-436f-aa8f-b4348caa3790,Resealable Resealable Bag v2 - New Lid failed to close - California,Soda Pop,Resealable Bag v2 - New Lid,California,Seal Failure,Twitter,2026-02-07T06:15:00,0.82,False,
a7da2120-a655-4652-a2db-253c454ca543,Resealable Can 330ml failed to close - Northeast,Granola Bar,Can 330ml,Northeast,Seal Failure,Call Center,2026-02-07T06:15:00,0.66,False,
5955ee55-e896-485f-8d23-434ab8557745,"The Resealable Bag v2 - New Lid won't close, goes stale in Pacific Northwest batch 105",Crunchy Chips,Resealable Bag v2 - New Lid,Pacific Northwest,Seal Failure,Call Center,2026-02-07T07:00:00,0.87,True,PLANTED_001_PNW_NEW_LID_SEAL
6d95cee4-2f76-4ed7-9d74-ec7c95f42de9,New lid on Can 330ml doesn't seal properly,Crunchy Chips,Can 330ml,California,Seal Failure,Email,2026-02-07T07:21:00,0.89,False,
1321863c-c9e3-4267-95ea-d19426c30c52,"The Resealable Bag v1 won't close, goes stale in Midwest",Granola Bar,Resealable Bag v1,Midwest,Seal Failure,Amazon Review,2026-02-07T07:25:00,0.84,False,
d63d990c-a4bf-49ad-942c-04801ce45166,Resealable Box 200g failed to close - Pacific Northwest,Granola Bar,Box 200g,Pacific Northwest,Seal Failure,Amazon Review,2026-02-07T07:28:00,0.85,False,
7c084b57-a228-4754-b82e-01976b969e95,Opened Cookies Pack and it was stale,Cookies Pack,Resealable Bag v1,Northeast,Stale Taste,Twitter,2026-02-07T07:31:00,0.71,False,
23043274-8962-4c97-99d2-2b2e85af7a6a,Can 330ml leaking in transit to Northeast,Crunchy Chips,Can 330ml,Northeast,Leaking,Email,2026-02-07T07:41:00,0.7,False,
0d209f82-8e51-4fd5-bf98-52a06b6b8e84,"The Box 200g won't close, goes stale in California",Cookies Pack,Box 200g,California,Seal Failure,Call Center,2026-02-07T07:59:00,0.88,False,
0d3430f8-7aeb-4e5d-afd0-bb64666f226d,Stale Cookies Pack in Resealable Bag v1,Cookies Pack,Resealable Bag v1,Pacific Northwest,Stale Taste,Twitter,2026-02-07T08:00:00,0.87,False,
f3dec9ca-17ef-44ea-88e0-8e12b0f044dc,Resealable Box 200g failed to close - California,Soda Pop,Box 200g,California,Seal Failure,Twitter,2026-02-07T08:09:00,0.93,False,
04ae1894-2585-4c38-a038-28d0c8a4f0bb,Ordered Crunchy Chips got wrong flavor,Crunchy Chips,Box 200g,Midwest,Wrong Flavor,Amazon Review,2026-02-07T08:16:00,0.85,False,
b0ffc1c3-ddfe-4532-9e03-43b1a4c63fc7,Can 330ml leaking in transit to Northeast,Soda Pop,Can 330ml,Northeast,Leaking,Email,2026-02-07T08:19:00,0.71,False,
c4e4dd80-f356-408c-a883-0d29310b6431,Box crushed in shipping to Pacific Northwest,Granola Bar,Box 200g,Pacific Northwest,Damaged Pack,Email,2026-02-07T08:30:00,0.6,False,
1cd68357-d096-4f8b-aefb-80c882d9b51b,Can 330ml leaking in transit to Texas,Soda Pop,Can 330ml,Texas,Leaking,Twitter,2026-02-07T08:53:00,0.8,False,
6ce75b0e-44a2-4431-8add-fda4f11e6128,Box 200g half empty - Cookies Pack,Cookies Pack,Box 200g,Midwest,Low Fill,Email,2026-02-07T08:56:00,0.85,False,
3845d304-9870-4cea-9ac4-1046025f0122,Crunchy Chips tastes stale from California,Crunchy Chips,Can 330ml,California,Stale Taste,Call Center,2026-02-07T09:06:00,0.74,False,
374bf7f6-ad36-4e6d-ac7f-2787fcee79d1,Ordered Crunchy Chips got wrong flavor,Crunchy Chips,Resealable Bag v2 - New Lid,Texas,Wrong Flavor,Email,2026-02-07T09:12:00,0.61,False,
49e919a9-eed0-4d1f-83fe-1eb0d4626b1a,Box 200g leaking in transit to Midwest,Soda Pop,Box 200g,Midwest,Leaking,Email,2026-02-07T09:28:00,0.94,False,
a9d6d7fb-01bf-4a56-9ff2-d2a701e4142f,Opened Crunchy Chips and it was stale,Crunchy Chips,Resealable Bag v2 - New Lid,Pacific Northwest,Stale Taste,Call Center,2026-02-07T09:37:00,0.83,False,
e6906b2f-6f02-46ac-80c3-5e01a145f0c0,Box 200g half empty - Crunchy Chips,Crunchy Chips,Box 200g,Midwest,Low Fill,Call Center,2026-02-07T09:52:00,0.89,False,
693cfb98-9800-4ff1-9f45-036aa0e89099,Opened Crunchy Chips and it was stale,Crunchy Chips,Resealable Bag v2 - New Lid,Texas,Stale Taste,Amazon Review,2026-02-07T09:58:00,0.77,False,
8753586d-bd18-4433-b571-f177bb071a6f,Can 330ml half empty - Crunchy Chips,Crunchy Chips,Can 330ml,Midwest,Low Fill,Amazon Review,2026-02-07T10:34:00,0.72,False,
7d3c1909-de0b-484b-8d00-84d369f1db2d,Ordered Soda Pop got wrong flavor,Soda Pop,Resealable Bag v1,Pacific Northwest,Wrong Flavor,Twitter,2026-02-07T10:36:00,0.94,False,
78e5b0d5-2e3c-4c77-884d-5f336ae7a2dd,Resealable Bag v2 - New Lid leaking in transit to California,Cookies Pack,Resealable Bag v2 - New Lid,California,Leaking,Call Center,2026-02-07T10:56:00,0.86,False,
bcebf059-84e8-4dab-8a7b-1a819d74ed43,Box crushed in shipping to Midwest,Soda Pop,Box 200g,Midwest,Damaged Pack,Amazon Review,2026-02-07T11:02:00,0.63,False,
77bdf261-3b8c-4afb-aaf2-d73a923e2292,New lid on Box 200g doesn't seal properly,Soda Pop,Box 200g,California,Seal Failure,Call Center,2026-02-07T11:06:00,0.83,False,
93a59023-6cce-4673-a603-11b7d882947d,Ordered Soda Pop got wrong flavor,Soda Pop,Resealable Bag v2 - New Lid,Northeast,Wrong Flavor,Twitter,2026-02-07T11:16:00,0.73,False,
241b6fa4-27f1-4503-b362-8394b41251d1,Resealable Bag v1 leaking in transit to Midwest,Soda Pop,Resealable Bag v1,Midwest,Leaking,Call Center,2026-02-07T11:17:00,0.65,False,
39ed0184-f4c9-4900-acd2-d1b7876d9165,Opened Granola Bar and it was stale,Granola Bar,Resealable Bag v1,Pacific Northwest,Stale Taste,Call Center,2026-02-07T11:23:00,0.91,False,
770eb9c8-d1c3-4c40-ab62-5b89f630dd88,Box 200g half empty - Crunchy Chips,Crunchy Chips,Box 200g,Midwest,Low Fill,Twitter,2026-02-07T11:24:00,0.74,False,
ab001541-b1af-4616-bdd2-e1041ced0956,Resealable Resealable Bag v2 - New Lid failed to close - Texas,Granola Bar,Resealable Bag v2 - New Lid,Texas,Seal Failure,Email,2026-02-07T11:44:00,0.9,False,
a291cc38-4407-4b30-8c18-8aba83050f57,Box 200g half empty - Crunchy Chips,Crunchy Chips,Box 200g,Northeast,Low Fill,Amazon Review,2026-02-07T11:45:00,0.73,False,
9e92cc42-c3a8-47fa-aeb0-f2f01540b4a7,Box crushed in shipping to Pacific Northwest,Crunchy Chips,Resealable Bag v2 - New Lid,Pacific Northwest,Damaged Pack,Call Center,2026-02-07T11:48:00,0.88,False,
0bab173c-945d-4674-847e-e5177e2896a4,Opened Crunchy Chips and it was stale,Crunchy Chips,Box 200g,Pacific Northwest,Stale Taste,Twitter,2026-02-07T12:07:00,0.61,False,
e7cbfa6d-70c6-4de2-9ef5-da58e4368fb1,Resealable Resealable Bag v1 failed to close - Pacific Northwest,Cookies Pack,Resealable Bag v1,Pacific Northwest,Seal Failure,Twitter,2026-02-07T12:09:00,0.63,False,
c1ae1876-56c7-4f05-a18b-fb211c48daaa,Crunchy Chips tastes stale from Northeast,Crunchy Chips,Box 200g,Northeast,Stale Taste,Amazon Review,2026-02-07T12:16:00,0.83,False,
5441cb32-accb-453d-a5af-bb6072ffca26,Resealable Box 200g failed to close - Pacific Northwest,Cookies Pack,Box 200g,Pacific Northwest,Seal Failure,Call Center,2026-02-07T12:26:00,0.61,False,
5c4c2549-658c-415f-91d2-744e5ebaa23c,Box 200g half empty - Crunchy Chips,Crunchy Chips,Box 200g,Northeast,Low Fill,Email,2026-02-07T12:30:00,0.69,False,
3568617d-ee08-4b06-9ccf-93a3b9f20ac2,Can 330ml arrived torn,Soda Pop,Can 330ml,Texas,Damaged Pack,Twitter,2026-02-07T12:35:00,0.95,False,
1cc07787-e8ff-43c7-9e9f-59997e312f29,Resealable Bag v1 leaking in transit to California,Cookies Pack,Resealable Bag v1,California,Leaking,Amazon Review,2026-02-07T12:40:00,0.82,False,
a5d2e714-7fdf-4c6b-915f-dd5d02b6fbb7,Can 330ml half empty - Granola Bar,Granola Bar,Can 330ml,California,Low Fill,Amazon Review,2026-02-07T12:45:00,0.8,False,
642a5349-29be-4d63-8931-2788731bf492,"The Can 330ml won't close, goes stale in California",Cookies Pack,Can 330ml,California,Seal Failure,Twitter,2026-02-07T12:58:00,0.8,False,
69c49095-544e-4998-8ef5-30ed508c5f87,New lid on Resealable Bag v2 - New Lid doesn't seal properly batch 103,Crunchy Chips,Resealable Bag v2 - New Lid,Pacific Northwest,Seal Failure,Call Center,2026-02-07T13:00:00,0.89,True,PLANTED_001_PNW_NEW_LID_SEAL
775caf9f-08ac-4f82-a6d9-d3dc60992b00,Resealable Can 330ml failed to close - California,Granola Bar,Can 330ml,California,Seal Failure,Twitter,2026-02-07T13:19:00,0.86,False,
2c6056b7-a124-4d91-9aaa-717cf55e806c,Ordered Cookies Pack got wrong flavor,Cookies Pack,Resealable Bag v1,Texas,Wrong Flavor,Twitter,2026-02-07T13:21:00,0.86,False,
b9bc3cea-6e7b-45de-bf04-b213c7b48c06,Ordered Crunchy Chips got wrong flavor,Crunchy Chips,Resealable Bag v1,Midwest,Wrong Flavor,Call Center,2026-02-07T13:30:00,0.82,False,
ff6d8c53-0a3c-48f8-adca-55fab917a009,Resealable Bag v1 half empty - Soda Pop,Soda Pop,Resealable Bag v1,Northeast,Low Fill,Email,2026-02-07T13:32:00,0.9,False,
fed6c222-d099-45f6-9de9-f1ad59ebe3f2,Resealable Bag v2 - New Lid half empty - Crunchy Chips,Crunchy Chips,Resealable Bag v2 - New Lid,Texas,Low Fill,Email,2026-02-07T13:57:00,0.9,False,
7247400a-4409-45a7-86cf-8b5395d5196f,Resealable Bag v1 leaking in transit to Midwest,Crunchy Chips,Resealable Bag v1,Midwest,Leaking,Twitter,2026-02-07T14:01:00,0.62,False,
f3c8cfad-c8a6-4045-9d2a-cfdfd8d656f5,Resealable Bag v1 leaking in transit to Midwest,Crunchy Chips,Resealable Bag v1,Midwest,Leaking,Twitter,2026-02-07T14:04:00,0.91,False,
98c21c53-ad29-4ae9-b787-bcf62413708d,Box crushed in shipping to California,Granola Bar,Box 200g,California,Damaged Pack,Amazon Review,2026-02-07T14:05:00,0.83,False,
dc75beb2-2eff-4e0c-b4a9-981b9879114b,Ordered Soda Pop got wrong flavor,Soda Pop,Resealable Bag v1,California,Wrong Flavor,Twitter,2026-02-07T14:07:00,0.63,False,
35c67ba4-34e1-446b-afc1-1227a7bb861d,Ordered Granola Bar got wrong flavor,Granola Bar,Resealable Bag v1,Northeast,Wrong Flavor,Twitter,2026-02-07T14:10:00,0.67,False,
6ea66741-3180-462c-a6c3-4de128291a37,Box 200g half empty - Granola Bar,Granola Bar,Box 200g,California,Low Fill,Amazon Review,2026-02-07T14:10:00,0.69,False,
36dbe3cc-af69-4b78-8429-a258fd6ec7b2,Can 330ml half empty - Cookies Pack,Cookies Pack,Can 330ml,Northeast,Low Fill,Call Center,2026-02-07T14:39:00,0.95,False,
b1887aec-53a0-412b-ad6f-c2c918e4b45a,Stale Soda Pop in Can 330ml,Soda Pop,Can 330ml,Texas,Stale Taste,Twitter,2026-02-07T14:55:00,0.65,False,
124d77c4-d95d-455c-bc75-6c3142bfe6db,"The Can 330ml won't close, goes stale in Midwest",Soda Pop,Can 330ml,Midwest,Seal Failure,Call Center,2026-02-07T14:57:00,0.93,False,
2aea6ad6-bbd1-4c1b-8569-c1e19befd590,Ordered Granola Bar got wrong flavor,Granola Bar,Resealable Bag v2 - New Lid,California,Wrong Flavor,Call Center,2026-02-07T15:31:00,0.89,False,
796f12b4-6c65-43f4-8a74-aa6db9eb7c70,New lid on Box 200g doesn't seal properly,Crunchy Chips,Box 200g,California,Seal Failure,Call Center,2026-02-07T15:37:00,0.69,False,
f9e5f494-68d5-435b-b34c-8252e48b1699,Can 330ml arrived torn,Granola Bar,Can 330ml,Texas,Damaged Pack,Email,2026-02-07T15:47:00,0.78,False,
1cc11ba6-de24-4f5f-a898-3ebd0233313b,Resealable Bag v1 half empty - Granola Bar,Granola Bar,Resealable Bag v1,Pacific Northwest,Low Fill,Amazon Review,2026-02-07T15:59:00,0.88,False,
0bd74cfb-73f3-4b1d-8613-3bf154304e77,Ordered Cookies Pack got wrong flavor,Cookies Pack,Box 200g,California,Wrong Flavor,Amazon Review,2026-02-07T16:10:00,0.7,False,
bbee6d53-01da-4d7b-b086-bc90de20942b,"The Box 200g won't close, goes stale in California",Granola Bar,Box 200g,California,Seal Failure,Amazon Review,2026-02-07T16:34:00,0.84,False,
4e99678d-135e-4126-ba10-530e13342a93,Can 330ml half empty - Crunchy Chips,Crunchy Chips,Can 330ml,Northeast,Low Fill,Call Center,2026-02-07T16:34:00,0.67,False,
729109b9-a21f-4e30-9f39-67a26cfdf0da,Resealable Bag v2 - New Lid leaking in transit to Midwest,Crunchy Chips,Resealable Bag v2 - New Lid,Midwest,Leaking,Amazon Review,2026-02-07T16:36:00,0.69,False,
06df7a0b-a469-46bd-8709-630265225420,Resealable Resealable Bag v1 failed to close - California,Soda Pop,Resealable Bag v1,California,Seal Failure,Call Center,2026-02-07T16:53:00,0.79,False,
458adf25-0811-4dd2-9bf3-88668cabe0b8,Can 330ml leaking in transit to Texas,Soda Pop,Can 330ml,Texas,Leaking,Email,2026-02-07T17:00:00,0.63,False,
03ab3beb-60ae-4b57-b085-b3fc5f5f91fa,Box crushed in shipping to Northeast,Granola Bar,Resealable Bag v1,Northeast,Damaged Pack,Amazon Review,2026-02-07T17:23:00,0.66,False,
ede1c304-9b47-4332-817b-c73e005def92,Opened Cookies Pack and it was stale,Cookies Pack,Resealable Bag v2 - New Lid,Midwest,Stale Taste,Email,2026-02-07T17:26:00,0.91,False,
2dddffac-1c8e-404b-85aa-c52a6fa413bd,New lid on Box 200g doesn't seal properly,Crunchy Chips,Box 200g,Texas,Seal Failure,Email,2026-02-07T17:26:00,0.89,False,
d3b1aeea-1fac-4495-b717-e37c299ed168,Ordered Soda Pop got wrong flavor,Soda Pop,Resealable Bag v2 - New Lid,Pacific Northwest,Wrong Flavor,Email,2026-02-07T17:47:00,0.63,False,
44589321-c7c1-4fbc-9322-80b3446d29b0,Box crushed in shipping to Midwest,Granola Bar,Can 330ml,Midwest,Damaged Pack,Email,2026-02-07T17:58:00,0.68,False,
52c2db8a-64ee-4237-b26e-85f1aaa5f333,Resealable Box 200g failed to close - Midwest,Crunchy Chips,Box 200g,Midwest,Seal Failure,Email,2026-02-07T18:11:00,0.84,False,
36aad70f-ea02-4d2e-8a4f-2abb89368b1b,Resealable Bag v1 leaking in transit to California,Granola Bar,Resealable Bag v1,California,Leaking,Call Center,2026-02-07T18:13:00,0.71,False,
d3c69a33-b7b3-4797-8573-49e6d29fa6c3,Can 330ml half empty - Crunchy Chips,Crunchy Chips,Can 330ml,Texas,Low Fill,Call Center,2026-02-07T18:15:00,0.84,False,
6302dda2-1b81-477c-ba83-42a1f531bb4d,Resealable Bag v2 - New Lid half empty - Granola Bar,Granola Bar,Resealable Bag v2 - New Lid,Midwest,Low Fill,Amazon Review,2026-02-07T18:16:00,0.62,False,
f8da255e-d266-4d4c-a2de-5314468471f2,Ordered Crunchy Chips got wrong flavor,Crunchy Chips,Resealable Bag v1,Midwest,Wrong Flavor,Call Center,2026-02-07T18:35:00,0.89,False,
4950ec51-bbec-43f5-b870-5b3c08fce852,Box crushed in shipping to Midwest,Crunchy Chips,Resealable Bag v2 - New Lid,Midwest,Damaged Pack,Call Center,2026-02-07T18:46:00,0.63,False,
16394e65-26d6-40d8-a06c-ada21342238c,"The Resealable Bag v2 - New Lid won't close, goes stale in Pacific Northwest batch 103",Crunchy Chips,Resealable Bag v2 - New Lid,Pacific Northwest,Seal Failure,Call Center,2026-02-07T19:00:00,0.96,True,PLANTED_001_PNW_NEW_LID_SEAL
55e92fdb-5516-44d5-b767-5d2eeb4b9264,Cookies Pack tastes stale from Pacific Northwest,Cookies Pack,Can 330ml,Pacific Northwest,Stale Taste,Call Center,2026-02-07T19:06:00,0.67,False,
2c17dd45-b26a-48aa-be44-e22983b1be2a,Stale Soda Pop in Box 200g,Soda Pop,Box 200g,California,Stale Taste,Email,2026-02-07T19:19:00,0.93,False,
3d34062d-787d-4afa-b23b-5cc6b63d7718,Ordered Crunchy Chips got wrong flavor,Crunchy Chips,Box 200g,Midwest,Wrong Flavor,Email,2026-02-07T19:20:00,0.85,False,
ec761658-6220-441d-9d6a-0ba42db5c223,Opened Soda Pop and it was stale,Soda Pop,Box 200g,Northeast,Stale Taste,Amazon Review,2026-02-07T19:32:00,0.95,False,
6a086bab-75fe-4397-8439-bd66980b151b,Cookies Pack tastes stale from California,Cookies Pack,Resealable Bag v1,California,Stale Taste,Amazon Review,2026-02-07T19:34:00,0.84,False,
acf5ccd1-e537-42d3-aee5-778e4c3112c9,Can 330ml arrived torn,Crunchy Chips,Can 330ml,Pacific Northwest,Damaged Pack,Amazon Review,2026-02-07T19:43:00,0.7,False,
00ea6b74-c366-4313-afbc-bb61a577184f,Ordered Granola Bar got wrong flavor,Granola Bar,Box 200g,Northeast,Wrong Flavor,Amazon Review,2026-02-07T19:53:00,0.8,False,
5d49f6f7-c60a-42e4-9628-5937de48476e,Ordered Crunchy Chips got wrong flavor,Crunchy Chips,Can 330ml,California,Wrong Flavor,Twitter,2026-02-07T20:04:00,0.72,False,
c01e2fc4-960c-4eed-98b4-c41f5f0c485e,Stale Soda Pop in Resealable Bag v2 - New Lid,Soda Pop,Resealable Bag v2 - New Lid,Midwest,Stale Taste,Call Center,2026-02-07T20:36:00,0.7,False,
25ad4eb7-f910-4f2a-bb89-0850cd0e8d53,New lid on Resealable Bag v2 - New Lid doesn't seal properly batch 102,Crunchy Chips,Resealable Bag v2 - New Lid,Pacific Northwest,Seal Failure,Call Center,2026-02-07T21:00:00,0.87,True,PLANTED_001_PNW_NEW_LID_SEAL
36cc1ce2-6145-466f-9fef-2e97a0e9948d,Box crushed in shipping to Pacific Northwest,Granola Bar,Resealable Bag v1,Pacific Northwest,Damaged Pack,Email,2026-02-07T21:02:00,0.82,False,
c83c83c2-e96f-48e5-9506-c6f87b4f4647,Resealable Bag v1 leaking in transit to California,Soda Pop,Resealable Bag v1,California,Leaking,Twitter,2026-02-07T21:08:00,0.64,False,
9aa743f5-d195-4034-b708-ac75df3cd8d4,Stale Cookies Pack in Can 330ml,Cookies Pack,Can 330ml,Texas,Stale Taste,Call Center,2026-02-07T21:28:00,0.83,False,
948836c2-25bc-403c-ba5c-3411521671fe,Box crushed in shipping to California,Granola Bar,Resealable Bag v2 - New Lid,California,Damaged Pack,Email,2026-02-07T21:31:00,0.67,False,
ecf1c050-a0a0-4188-8699-27c1b3a11f52,Crunchy Chips tastes stale from Texas,Crunchy Chips,Resealable Bag v1,Texas,Stale Taste,Email,2026-02-07T21:36:00,0.62,False,
86d37392-f637-4b8b-81da-e66320678285,Ordered Cookies Pack got wrong flavor,Cookies Pack,Box 200g,Pacific Northwest,Wrong Flavor,Twitter,2026-02-07T21:37:00,0.94,False,
ff85300e-a9ca-46b7-a91e-a9e7b5a7d5b3,New lid on Resealable Bag v2 - New Lid doesn't seal properly batch 103,Crunchy Chips,Resealable Bag v2 - New Lid,Pacific Northwest,Seal Failure,Call Center,2026-02-07T22:00:00,0.88,True,PLANTED_001_PNW_NEW_LID_SEAL
cd86a6ef-5ca3-4c8e-8385-8279d293c5f3,Box crushed in shipping to Pacific Northwest,Cookies Pack,Resealable Bag v2 - New Lid,Pacific Northwest,Damaged Pack,Call Center,2026-02-07T22:22:00,0.72,False,
9bb25ced-49e7-4532-bda1-06960f302bad,Resealable Bag v2 - New Lid arrived torn,Crunchy Chips,Resealable Bag v2 - New Lid,Texas,Damaged Pack,Email,2026-02-07T22:34:00,0.84,False,
2f83f728-bb3c-4f1d-adea-cd0c4d75c19f,Ordered Soda Pop got wrong flavor,Soda Pop,Can 330ml,Northeast,Wrong Flavor,Email,2026-02-07T22:34:00,0.63,False,
e8ca8cd9-9462-44b5-9f01-108ad21e1ee9,Can 330ml half empty - Cookies Pack,Cookies Pack,Can 330ml,Pacific Northwest,Low Fill,Amazon Review,2026-02-07T22:38:00,0.81,False,
6e75f1e0-139d-4ffb-9e7d-cd6281c1eef7,Ordered Cookies Pack got wrong flavor,Cookies Pack,Resealable Bag v2 - New Lid,Midwest,Wrong Flavor,Email,2026-02-07T22:39:00,0.68,False,
7ab19a86-190a-4595-837e-3cf3d3a07d17,Resealable Bag v1 leaking in transit to Pacific Northwest,Cookies Pack,Resealable Bag v1,Pacific Northwest,Leaking,Twitter,2026-02-07T22:41:00,0.7,False,
aa356761-72b1-44da-98fb-98b868ec90e2,Resealable Bag v1 half empty - Granola Bar,Granola Bar,Resealable Bag v1,Northeast,Low Fill,Call Center,2026-02-07T22:41:00,0.83,False,
c7e02752-ac06-4c59-945f-ccef45f8c89e,Stale Granola Bar in Can 330ml,Granola Bar,Can 330ml,Pacific Northwest,Stale Taste,Twitter,2026-02-07T22:46:00,0.66,False,
ef63aa31-db1e-4832-83bb-df7c786573e4,Box 200g arrived torn,Granola Bar,Box 200g,Northeast,Damaged Pack,Amazon Review,2026-02-07T23:04:00,0.7,False,
e4fc78f3-1cc9-46c0-8800-79b56bbf6d60,Box crushed in shipping to Texas,Granola Bar,Resealable Bag v1,Texas,Damaged Pack,Twitter,2026-02-07T23:09:00,0.93,False,
2d1a6ca6-e9e5-4c91-8e86-6943a3a6de5a,Resealable Bag v2 - New Lid leaking in transit to Texas,Crunchy Chips,Resealable Bag v2 - New Lid,Texas,Leaking,Email,2026-02-07T23:17:00,0.91,False,
6e28d6e2-e4de-4edd-b219-247311ea63b7,Soda Pop tastes stale from Northeast,Soda Pop,Box 200g,Northeast,Stale Taste,Amazon Review,2026-02-07T23:23:00,0.7,False,
8cf30a47-3991-4c44-890c-c840abc2a094,Resealable Bag v2 - New Lid leaking in transit to California,Cookies Pack,Resealable Bag v2 - New Lid,California,Leaking,Twitter,2026-02-07T23:44:00,0.65,False,
5e352877-ed33-4d42-9db0-ee2c996ff6c9,Can 330ml leaking in transit to Pacific Northwest,Cookies Pack,Can 330ml,Pacific Northwest,Leaking,Twitter,2026-02-07T23:45:00,0.84,False,
bd1e251b-cf1b-4a4a-a75d-3d1faa24cf8f,Stale Granola Bar in Can 330ml,Granola Bar,Can 330ml,Northeast,Stale Taste,Email,2026-02-07T23:47:00,0.83,False,
954b368d-7d5c-4e0d-9482-eea186139df8,Resealable Bag v1 leaking in transit to California,Crunchy Chips,Resealable Bag v1,California,Leaking,Amazon Review,2026-02-07T23:47:00,0.65,False,
9d7ce5b9-224e-4985-adb7-e1eafc3ed222,Ordered Cookies Pack got wrong flavor,Cookies Pack,Resealable Bag v2 - New Lid,Pacific Northwest,Wrong Flavor,Amazon Review,2026-02-08T00:17:00,0.75,False,
221a0568-93a7-493e-b16b-8c858c73832f,Box crushed in shipping to Midwest,Soda Pop,Can 330ml,Midwest,Damaged Pack,Amazon Review,2026-02-08T00:25:00,0.6,False,
0628b71b-3246-4707-901a-02e531db5e79,Resealable Bag v1 arrived torn,Crunchy Chips,Resealable Bag v1,Texas,Damaged Pack,Call Center,2026-02-08T00:30:00,0.73,False,
80bf4ea9-7b1b-4cdc-9cbf-440ef7e09597,Resealable Bag v2 - New Lid half empty - Granola Bar,Granola Bar,Resealable Bag v2 - New Lid,California,Low Fill,Call Center,2026-02-08T01:02:00,0.63,False,
0fcf0cef-ef73-4e80-aa30-f69373838774,Ordered Cookies Pack got wrong flavor,Cookies Pack,Resealable Bag v2 - New Lid,Northeast,Wrong Flavor,Amazon Review,2026-02-08T01:03:00,0.84,False,
bbe5f09e-8ada-4c53-8bd2-43e137332f68,Box crushed in shipping to Texas,Granola Bar,Box 200g,Texas,Damaged Pack,Amazon Review,2026-02-08T01:17:00,0.88,False,
4c9d597a-40dc-41c2-9069-2d90899b0d60,Box crushed in shipping to Midwest,Cookies Pack,Box 200g,Midwest,Damaged Pack,Amazon Review,2026-02-08T01:22:00,0.87,False,
077d1fc1-6e5e-4c88-bbde-89a9f80d400f,Box crushed in shipping to Northeast,Soda Pop,Can 330ml,Northeast,Damaged Pack,Email,2026-02-08T01:41:00,0.65,False,
a024b574-a7ad-4f12-952f-dd2b7e102af3,Can 330ml half empty - Crunchy Chips,Crunchy Chips,Can 330ml,California,Low Fill,Email,2026-02-08T01:42:00,0.75,False,
722fc4ef-3db7-4af2-ad99-dca54b2b9330,Soda Pop tastes stale from California,Soda Pop,Resealable Bag v1,California,Stale Taste,Email,2026-02-08T02:00:00,0.78,False,
35f2451b-eed3-4815-930b-539e57c4e509,"The Resealable Bag v2 - New Lid won't close, goes stale in Pacific Northwest batch 105",Crunchy Chips,Resealable Bag v2 - New Lid,Pacific Northwest,Seal Failure,Call Center,2026-02-08T02:00:00,0.96,True,PLANTED_001_PNW_NEW_LID_SEAL
95acf451-a0cc-4721-af40-bdec343e0c6b,"The Resealable Bag v1 won't close, goes stale in California",Granola Bar,Resealable Bag v1,California,Seal Failure,Email,2026-02-08T02:27:00,0.72,False,
aa141c27-6828-4524-9558-4f4514ad5b78,Resealable Bag v2 - New Lid half empty - Crunchy Chips,Crunchy Chips,Resealable Bag v2 - New Lid,Texas,Low Fill,Email,2026-02-08T02:30:00,0.84,False,
aa5e1f42-f356-4d48-9213-fad664a2a0da,Resealable Bag v1 arrived torn,Cookies Pack,Resealable Bag v1,Pacific Northwest,Damaged Pack,Amazon Review,2026-02-08T02:32:00,0.77,False,
db2488d1-e136-4134-9296-dd6bdb948ea4,Box 200g leaking in transit to Texas,Soda Pop,Box 200g,Texas,Leaking,Amazon Review,2026-02-08T02:46:00,0.72,False,
4a801244-a95c-4929-bc70-019b2cbb931b,Box 200g leaking in transit to Texas,Crunchy Chips,Box 200g,Texas,Leaking,Amazon Review,2026-02-08T02:46:00,0.83,False,
cbd45b6b-a82a-4719-9d34-fc6ade64eda8,Ordered Cookies Pack got wrong flavor,Cookies Pack,Box 200g,California,Wrong Flavor,Call Center,2026-02-08T02:46:00,0.63,False,
7db68346-a37b-43bb-bd6f-d8bfa06eb61d,Opened Soda Pop and it was stale,Soda Pop,Resealable Bag v2 - New Lid,Midwest,Stale Taste,Email,2026-02-08T02:58:00,0.71,False,
2c93cf0e-5c91-49b7-ab07-015ea4a76b4e,New lid on Resealable Bag v2 - New Lid doesn't seal properly batch 100,Crunchy Chips,Resealable Bag v2 - New Lid,Pacific Northwest,Seal Failure,Call Center,2026-02-08T03:00:00,0.86,True,PLANTED_001_PNW_NEW_LID_SEAL
d621566c-5833-4347-9ee3-fee36b50b078,Ordered Cookies Pack got wrong flavor,Cookies Pack,Resealable Bag v2 - New Lid,Pacific Northwest,Wrong Flavor,Twitter,2026-02-08T03:02:00,0.79,False,
356d1ec2-2a00-4efc-92d0-eec1ce242748,Ordered Granola Bar got wrong flavor,Granola Bar,Resealable Bag v2 - New Lid,Pacific Northwest,Wrong Flavor,Email,2026-02-08T03:10:00,0.82,False,
adaccd81-da0b-4416-9a29-1cad01d6433d,Resealable Bag v2 - New Lid arrived torn,Soda Pop,Resealable Bag v2 - New Lid,Texas,Damaged Pack,Twitter,2026-02-08T03:12:00,0.94,False,
c5b86d73-9810-4518-8358-d0799e510d9f,New lid on Can 330ml doesn't seal properly,Crunchy Chips,Can 330ml,Northeast,Seal Failure,Twitter,2026-02-08T03:30:00,0.9,False,
74920966-6cc4-4fb4-8d27-b9fcd60e39b0,Ordered Soda Pop got wrong flavor,Soda Pop,Can 330ml,Northeast,Wrong Flavor,Amazon Review,2026-02-08T03:40:00,0.67,False,
7aa01e14-7692-4034-ba7e-feef822bc1ed,Opened Granola Bar and it was stale,Granola Bar,Box 200g,California,Stale Taste,Email,2026-02-08T03:42:00,0.86,False,
b7baddac-0a32-49c7-831e-dd1ccbeec4cd,Opened Cookies Pack and it was stale,Cookies Pack,Resealable Bag v2 - New Lid,Northeast,Stale Taste,Email,2026-02-08T03:43:00,0.62,False,
b4b57b8b-0520-48d9-9c05-2bfd0bc9419b,Ordered Granola Bar got wrong flavor,Granola Bar,Resealable Bag v1,Midwest,Wrong Flavor,Call Center,2026-02-08T03:54:00,0.91,False,
883d6a00-9b1d-489d-b596-455835189db4,Can 330ml leaking in transit to Texas,Soda Pop,Can 330ml,Texas,Leaking,Amazon Review,2026-02-08T03:54:00,0.88,False,
9ed52aef-4686-4d01-a32f-b5135acc153d,Can 330ml leaking in transit to California,Granola Bar,Can 330ml,California,Leaking,Amazon Review,2026-02-08T04:02:00,0.76,False,
f591da96-9f90-45e1-a69d-20d0dd720663,Box crushed in shipping to Texas,Crunchy Chips,Resealable Bag v2 - New Lid,Texas,Damaged Pack,Email,2026-02-08T04:02:00,0.84,False,
18d93bc5-fcf0-49ba-b89c-b7600e6a352c,Opened Granola Bar and it was stale,Granola Bar,Can 330ml,Pacific Northwest,Stale Taste,Call Center,2026-02-08T04:40:00,0.64,False,
0ae6ac63-4502-4b96-9220-aee2ad4e9bab,Resealable Bag v2 - New Lid arrived torn,Crunchy Chips,Resealable Bag v2 - New Lid,Midwest,Damaged Pack,Twitter,2026-02-08T04:44:00,0.71,False,
753a9ff7-6427-48c4-9478-70fae78a17e8,Resealable Bag v2 - New Lid leaking in transit to Pacific Northwest,Crunchy Chips,Resealable Bag v2 - New Lid,Pacific Northwest,Leaking,Email,2026-02-08T04:52:00,0.68,False,
da1b8ed9-37b5-4a90-9cac-44106edfea7a,"The Resealable Bag v2 - New Lid won't close, goes stale in Pacific Northwest batch 105",Crunchy Chips,Resealable Bag v2 - New Lid,Pacific Northwest,Seal Failure,Call Center,2026-02-08T05:00:00,0.87,True,PLANTED_001_PNW_NEW_LID_SEAL
5a02ba75-bfb9-409a-a136-6b10f7c50fcb,Ordered Soda Pop got wrong flavor,Soda Pop,Resealable Bag v1,Texas,Wrong Flavor,Call Center,2026-02-08T05:10:00,0.62,False,
f9b4f2db-cb93-469a-874f-eafea1f05840,Resealable Bag v1 half empty - Cookies Pack,Cookies Pack,Resealable Bag v1,Pacific Northwest,Low Fill,Call Center,2026-02-08T05:18:00,0.81,False,
6acde2d2-17da-48e5-bfdd-295b411abc64,Box crushed in shipping to Northeast,Soda Pop,Can 330ml,Northeast,Damaged Pack,Amazon Review,2026-02-08T05:21:00,0.82,False,
ade5da44-4170-40e9-81d3-a7a0e934b93f,Can 330ml arrived torn,Soda Pop,Can 330ml,Texas,Damaged Pack,Twitter,2026-02-08T05:40:00,0.77,False,
4396cf23-4038-46d5-a6af-0d11e9a1ce01,Ordered Granola Bar got wrong flavor,Granola Bar,Box 200g,Midwest,Wrong Flavor,Twitter,2026-02-08T05:40:00,0.75,False,
abcbef87-0d66-4052-99e0-4f6bc26d239b,Can 330ml arrived torn,Cookies Pack,Can 330ml,Northeast,Damaged Pack,Twitter,2026-02-08T06:06:00,0.68,False,
8ffc709c-5121-4b03-98be-e155d0535fd0,Ordered Granola Bar got wrong flavor,Granola Bar,Box 200g,Midwest,Wrong Flavor,Amazon Review,2026-02-08T06:31:00,0.78,False,
b9990110-7b7a-4bfd-aa52-cc2dfc10c36a,Can 330ml leaking in transit to Midwest,Soda Pop,Can 330ml,Midwest,Leaking,Twitter,2026-02-08T06:39:00,0.69,False,
3b82bfad-1429-4ec8-a55a-a60bb019ca89,Resealable Bag v1 leaking in transit to Midwest,Granola Bar,Resealable Bag v1,Midwest,Leaking,Amazon Review,2026-02-08T06:43:00,0.66,False,
58319d56-c5cd-4306-9e06-5ba0bb14d6ba,Stale Cookies Pack in Box 200g,Cookies Pack,Box 200g,Midwest,Stale Taste,Call Center,2026-02-08T06:59:00,0.89,False,
01c16d1a-6e47-43d7-8063-789e73db1125,Resealable Resealable Bag v2 - New Lid failed to close - Pacific Northwest batch 100,Crunchy Chips,Resealable Bag v2 - New Lid,Pacific Northwest,Seal Failure,Call Center,2026-02-08T07:00:00,0.97,True,PLANTED_001_PNW_NEW_LID_SEAL
ad6aa586-3d1a-4db1-9cff-7fadf65b0163,Can 330ml arrived torn,Crunchy Chips,Can 330ml,Pacific Northwest,Damaged Pack,Email,2026-02-08T07:03:00,0.72,False,
441db373-9483-4f4b-ba60-6a9dfb43e118,Can 330ml half empty - Crunchy Chips,Crunchy Chips,Can 330ml,Texas,Low Fill,Call Center,2026-02-08T07:10:00,0.92,False,
730bfa81-3f62-45e5-8130-790a8c9ecaf8,Ordered Crunchy Chips got wrong flavor,Crunchy Chips,Resealable Bag v1,California,Wrong Flavor,Call Center,2026-02-08T07:15:00,0.82,False,
9f047e90-2f7a-4384-bf74-711ad31701bb,Can 330ml leaking in transit to California,Soda Pop,Can 330ml,California,Leaking,Twitter,2026-02-08T07:18:00,0.63,False,
d049a5d4-d1c6-4ad0-8bee-b52727e8c9cf,Resealable Bag v2 - New Lid leaking in transit to Northeast,Crunchy Chips,Resealable Bag v2 - New Lid,Northeast,Leaking,Email,2026-02-08T07:33:00,0.86,False,
ceb4edda-6d85-4241-ae58-8c1fa533e44f,Ordered Cookies Pack got wrong flavor,Cookies Pack,Can 330ml,Pacific Northwest,Wrong Flavor,Email,2026-02-08T07:35:00,0.73,False,
a32e8dc0-9023-4f1f-8b1f-f8354bdfb975,Ordered Crunchy Chips got wrong flavor,Crunchy Chips,Resealable Bag v2 - New Lid,Texas,Wrong Flavor,Call Center,2026-02-08T07:58:00,0.89,False,
fc56856e-236c-4ab9-a1a9-93faa0634252,Resealable Resealable Bag v2 - New Lid failed to close - Pacific Northwest batch 103,Crunchy Chips,Resealable Bag v2 - New Lid,Pacific Northwest,Seal Failure,Call Center,2026-02-08T08:00:00,0.96,True,PLANTED_001_PNW_NEW_LID_SEAL
ce105a33-1814-435c-8752-30ea2e3751db,Box 200g half empty - Cookies Pack,Cookies Pack,Box 200g,California,Low Fill,Twitter,2026-02-08T08:12:00,0.94,False,
415446d1-af0e-46bd-bb6d-bcae1b71ca68,Crunchy Chips tastes stale from Midwest,Crunchy Chips,Resealable Bag v1,Midwest,Stale Taste,Call Center,2026-02-08T08:22:00,0.95,False,
190b2034-d560-4873-964f-ba5fa52d5d84,Resealable Bag v2 - New Lid arrived torn,Granola Bar,Resealable Bag v2 - New Lid,Texas,Damaged Pack,Email,2026-02-08T08:25:00,0.86,False,
1d217f82-30f3-4862-8a05-49e049399b79,Box 200g arrived torn,Soda Pop,Box 200g,Northeast,Damaged Pack,Email,2026-02-08T08:26:00,0.69,False,
6e38f018-2980-4a38-a4de-02d49e29caba,Resealable Bag v2 - New Lid half empty - Crunchy Chips,Crunchy Chips,Resealable Bag v2 - New Lid,California,Low Fill,Email,2026-02-08T08:27:00,0.77,False,
5c3199a3-90a1-45ff-be77-52357e4009ff,Ordered Crunchy Chips got wrong flavor,Crunchy Chips,Resealable Bag v1,Texas,Wrong Flavor,Call Center,2026-02-08T08:47:00,0.62,False,
b8336fc4-1e36-427e-8f16-ec113fbcab2b,Resealable Bag v2 - New Lid leaking in transit to Pacific Northwest,Cookies Pack,Resealable Bag v2 - New Lid,Pacific Northwest,Leaking,Amazon Review,2026-02-08T08:52:00,0.69,False,
ae689c42-9877-48c8-91d3-69a838491f56,"The Can 330ml won't close, goes stale in Pacific Northwest",Crunchy Chips,Can 330ml,Pacific Northwest,Seal Failure,Call Center,2026-02-08T08:59:00,0.62,False,
34584f02-5757-4835-8a38-8492b9bb45d8,New lid on Resealable Bag v2 - New Lid doesn't seal properly batch 105,Crunchy Chips,Resealable Bag v2 - New Lid,Pacific Northwest,Seal Failure,Call Center,2026-02-08T09:00:00,0.86,True,PLANTED_001_PNW_NEW_LID_SEAL
ab546037-f0c1-4951-8b55-6ab0dfb22ae2,Opened Granola Bar and it was stale,Granola Bar,Can 330ml,California,Stale Taste,Twitter,2026-02-08T09:12:00,0.69,False,
987f6848-b9ae-4ed2-b62c-d62579256d2b,Can 330ml arrived torn,Soda Pop,Can 330ml,Pacific Northwest,Damaged Pack,Twitter,2026-02-08T09:14:00,0.71,False,
3d6226e4-50dd-4627-92c1-dbd60a2bb45e,"The Resealable Bag v2 - New Lid won't close, goes stale in Texas",Crunchy Chips,Resealable Bag v2 - New Lid,Texas,Seal Failure,Amazon Review,2026-02-08T09:15:00,0.92,False,
f35b2788-736d-4274-890a-6500fc01946c,Granola Bar tastes stale from Northeast,Granola Bar,Resealable Bag v1,Northeast,Stale Taste,Call Center,2026-02-08T09:17:00,0.87,False,
618eaf51-ebe5-4bee-9184-66c600d6a2a4,New lid on Box 200g doesn't seal properly,Crunchy Chips,Box 200g,Pacific Northwest,Seal Failure,Call Center,2026-02-08T09:18:00,0.78,False,
de20e66a-c4ab-4b0e-8906-150b4585c248,New lid on Box 200g doesn't seal properly,Granola Bar,Box 200g,Northeast,Seal Failure,Amazon Review,2026-02-08T09:19:00,0.91,False,
41e06e81-a5c3-4a98-b61d-a086a7cef589,Resealable Bag v2 - New Lid leaking in transit to California,Crunchy Chips,Resealable Bag v2 - New Lid,California,Leaking,Call Center,2026-02-08T09:21:00,0.69,False,
79439854-3a71-40d1-a7ff-d1fd4fe56b01,"The Resealable Bag v1 won't close, goes stale in Pacific Northwest",Soda Pop,Resealable Bag v1,Pacific Northwest,Seal Failure,Twitter,2026-02-08T09:46:00,0.87,False,
971619f0-7532-44ea-8965-5a462f168b55,Resealable Bag v1 leaking in transit to Midwest,Soda Pop,Resealable Bag v1,Midwest,Leaking,Twitter,2026-02-08T10:03:00,0.88,False,
06711428-a58a-40be-aa68-7f75546c0e49,Box 200g leaking in transit to Northeast,Cookies Pack,Box 200g,Northeast,Leaking,Twitter,2026-02-08T10:07:00,0.87,False,
17ec744f-5789-4ab5-967e-33f63cbcc48f,Ordered Soda Pop got wrong flavor,Soda Pop,Resealable Bag v1,Pacific Northwest,Wrong Flavor,Amazon Review,2026-02-08T10:19:00,0.92,False,
18a81a15-618a-41c4-b164-6e5ea62fdde3,Box 200g leaking in transit to Texas,Cookies Pack,Box 200g,Texas,Leaking,Amazon Review,2026-02-08T10:20:00,0.82,False,
53481566-10bb-4c3f-af41-d3b33ebaf394,Resealable Bag v1 leaking in transit to Northeast,Crunchy Chips,Resealable Bag v1,Northeast,Leaking,Email,2026-02-08T10:34:00,0.66,False,
80904b78-8a22-41ad-bc61-9eb2055fd30e,Ordered Cookies Pack got wrong flavor,Cookies Pack,Can 330ml,Northeast,Wrong Flavor,Twitter,2026-02-08T10:46:00,0.66,False,
c07c434c-d1dd-4c64-8043-87141993e942,Box 200g half empty - Cookies Pack,Cookies Pack,Box 200g,Northeast,Low Fill,Email,2026-02-08T10:56:00,0.77,False,
ee80dbff-9d4d-450f-9221-f7a2c8c601b4,Ordered Crunchy Chips got wrong flavor,Crunchy Chips,Can 330ml,Midwest,Wrong Flavor,Email,2026-02-08T10:56:00,0.79,False,
128a54dc-e417-41ec-acc1-a882bcaa658c,Can 330ml half empty - Soda Pop,Soda Pop,Can 330ml,Northeast,Low Fill,Twitter,2026-02-08T10:59:00,0.66,False,
3faad534-dd50-48fe-8f01-97a158d4c2dd,Resealable Bag v1 leaking in transit to California,Soda Pop,Resealable Bag v1,California,Leaking,Twitter,2026-02-08T11:01:00,0.73,False,
407f4eb2-c0fb-4a74-8e7e-744b75d436d9,Can 330ml half empty - Cookies Pack,Cookies Pack,Can 330ml,Midwest,Low Fill,Call Center,2026-02-08T11:35:00,0.83,False,
884f65d7-1a50-4c8a-9fdc-39293c91aff0,Ordered Cookies Pack got wrong flavor,Cookies Pack,Resealable Bag v1,Northeast,Wrong Flavor,Email,2026-02-08T11:39:00,0.93,False,
c688c32c-5117-45fc-ad2d-ba3a0e227ebf,Ordered Soda Pop got wrong flavor,Soda Pop,Resealable Bag v1,Midwest,Wrong Flavor,Twitter,2026-02-08T11:46:00,0.75,False,
41069b8d-08ea-4eb2-b78f-17e9325d3b51,Ordered Cookies Pack got wrong flavor,Cookies Pack,Resealable Bag v1,Pacific Northwest,Wrong Flavor,Email,2026-02-08T11:53:00,0.65,False,
a3725b5a-3af2-4180-a0fe-e35db527cf17,Resealable Bag v1 leaking in transit to Pacific Northwest,Cookies Pack,Resealable Bag v1,Pacific Northwest,Leaking,Email,2026-02-08T11:56:00,0.75,False,
69d60709-dd65-48c0-84fe-f005eb9ecb37,Resealable Bag v2 - New Lid arrived torn,Cookies Pack,Resealable Bag v2 - New Lid,California,Damaged Pack,Email,2026-02-08T12:00:00,0.85,False,
9f2ffeb8-fb14-4e02-b582-423f8f84acac,Ordered Granola Bar got wrong flavor,Granola Bar,Resealable Bag v2 - New Lid,Texas,Wrong Flavor,Call Center,2026-02-08T12:01:00,0.62,False,
17fea7b2-dbf0-4f1d-b58e-4753ab641c9f,Resealable Bag v2 - New Lid leaking in transit to Northeast,Granola Bar,Resealable Bag v2 - New Lid,Northeast,Leaking,Call Center,2026-02-08T12:02:00,0.75,False,
19e564c2-3f5e-4ae5-8d7c-c98654baedff,Can 330ml half empty - Cookies Pack,Cookies Pack,Can 330ml,Northeast,Low Fill,Twitter,2026-02-08T12:18:00,0.81,False,
971d3d18-4751-4dd4-8b43-ad1f4588ab4e,Box 200g half empty - Granola Bar,Granola Bar,Box 200g,Texas,Low Fill,Amazon Review,2026-02-08T12:20:00,0.72,False,
b09a61fa-a499-4384-b979-e644b525bfc6,Opened Granola Bar and it was stale,Granola Bar,Resealable Bag v2 - New Lid,Texas,Stale Taste,Call Center,2026-02-08T12:25:00,0.7,False,
1c662ca1-31be-446d-98ee-b53ac3075376,Ordered Crunchy Chips got wrong flavor,Crunchy Chips,Can 330ml,Texas,Wrong Flavor,Email,2026-02-08T12:30:00,0.74,False,
f6db60a7-b64f-48fd-bd12-fd49e9f94573,Crunchy Chips tastes stale from Pacific Northwest,Crunchy Chips,Can 330ml,Pacific Northwest,Stale Taste,Twitter,2026-02-08T12:33:00,0.93,False,
66d6baec-c8b6-41ac-8626-67f3d791f6a2,Resealable Bag v2 - New Lid leaking in transit to Midwest,Crunchy Chips,Resealable Bag v2 - New Lid,Midwest,Leaking,Twitter,2026-02-08T12:56:00,0.63,False,
f96a7daf-4544-433d-86df-038041b4ea70,Resealable Resealable Bag v1 failed to close - Texas,Granola Bar,Resealable Bag v1,Texas,Seal Failure,Amazon Review,2026-02-08T13:00:00,0.7,False,
338d2b93-21ea-4b05-a877-2faf0861408f,Resealable Bag v2 - New Lid arrived torn,Crunchy Chips,Resealable Bag v2 - New Lid,Northeast,Damaged Pack,Twitter,2026-02-08T13:20:00,0.68,False,
358513ea-755c-495b-ad79-502a15b058a5,Can 330ml leaking in transit to Northeast,Crunchy Chips,Can 330ml,Northeast,Leaking,Amazon Review,2026-02-08T13:26:00,0.79,False,
6849f098-c556-4da6-8013-6d02671dd446,Resealable Bag v1 half empty - Granola Bar,Granola Bar,Resealable Bag v1,Pacific Northwest,Low Fill,Email,2026-02-08T13:30:00,0.66,False,
ba2088c1-495e-4faa-b511-e3e15674e72f,Ordered Crunchy Chips got wrong flavor,Crunchy Chips,Resealable Bag v1,Midwest,Wrong Flavor,Email,2026-02-08T13:31:00,0.91,False,
3dec9c8c-f04e-4383-a7cf-308f84ca9d97,Ordered Cookies Pack got wrong flavor,Cookies Pack,Resealable Bag v1,Northeast,Wrong Flavor,Amazon Review,2026-02-08T13:56:00,0.65,False,
ceeea781-1bea-4b20-8d85-90ccb31bf540,Opened Granola Bar and it was stale,Granola Bar,Can 330ml,California,Stale Taste,Twitter,2026-02-08T14:00:00,0.88,False,
b890a384-d4bc-42c5-8bab-ccb98a8a095b,Box 200g leaking in transit to California,Soda Pop,Box 200g,California,Leaking,Email,2026-02-08T14:09:00,0.87,False,
31f19144-796c-4224-96ab-d5ea2953c974,Stale Crunchy Chips in Can 330ml,Crunchy Chips,Can 330ml,Pacific Northwest,Stale Taste,Call Center,2026-02-08T14:12:00,0.91,False,
ac896678-c2ec-43f7-9f6d-eaf27465c5e4,Resealable Bag v2 - New Lid half empty - Granola Bar,Granola Bar,Resealable Bag v2 - New Lid,California,Low Fill,Email,2026-02-08T14:55:00,0.64,False,
f3a21120-5c7f-4930-86b2-82b83e44a6b2,Resealable Bag v2 - New Lid half empty - Crunchy Chips,Crunchy Chips,Resealable Bag v2 - New Lid,Northeast,Low Fill,Call Center,2026-02-08T15:03:00,0.63,False,
5f2041c9-6d7f-4c51-81ae-a2239e3d2f31,Can 330ml half empty - Crunchy Chips,Crunchy Chips,Can 330ml,Midwest,Low Fill,Amazon Review,2026-02-08T15:08:00,0.84,False,
b322fdf1-ad18-49f7-b1bc-20559bb2c4c6,Resealable Bag v1 half empty - Granola Bar,Granola Bar,Resealable Bag v1,Northeast,Low Fill,Twitter,2026-02-08T15:10:00,0.95,False,
c5151cc1-b62a-481b-821c-4970337e7669,"The Box 200g won't close, goes stale in Northeast",Soda Pop,Box 200g,Northeast,Seal Failure,Amazon Review,2026-02-08T15:15:00,0.89,False,
d8c6a8c1-2c9d-48f4-bc3b-529a19f87c82,Resealable Bag v2 - New Lid arrived torn,Granola Bar,Resealable Bag v2 - New Lid,Midwest,Damaged Pack,Email,2026-02-08T15:31:00,0.65,False,
4f29b60a-761e-46af-a72f-f95283a5bb58,Can 330ml leaking in transit to Northeast,Soda Pop,Can 330ml,Northeast,Leaking,Twitter,2026-02-08T15:33:00,0.85,False,
d1c35ec8-5891-46e7-8d83-bbcc9522bf77,Resealable Bag v2 - New Lid leaking in transit to California,Granola Bar,Resealable Bag v2 - New Lid,California,Leaking,Email,2026-02-08T15:35:00,0.66,False,
d6b55eda-3681-4449-8e16-b20d288925a3,Ordered Soda Pop got wrong flavor,Soda Pop,Resealable Bag v2 - New Lid,Midwest,Wrong Flavor,Twitter,2026-02-08T15:40:00,0.82,False,
313ca4e0-5ce4-4536-a177-f50a7afb0d02,Stale Cookies Pack in Box 200g,Cookies Pack,Box 200g,California,Stale Taste,Twitter,2026-02-08T15:46:00,0.67,False,
aa12c007-c2a6-4227-a177-8e235190b318,"The Can 330ml won't close, goes stale in Midwest",Granola Bar,Can 330ml,Midwest,Seal Failure,Amazon Review,2026-02-08T15:47:00,0.73,False,
a63ee6be-be16-440f-8749-b80ea1df1439,Box crushed in shipping to Midwest,Crunchy Chips,Box 200g,Midwest,Damaged Pack,Twitter,2026-02-08T15:53:00,0.82,False,
e74563f1-e2bd-41a9-981f-7e051effce96,Resealable Bag v1 half empty - Crunchy Chips,Crunchy Chips,Resealable Bag v1,California,Low Fill,Email,2026-02-08T15:56:00,0.76,False,
3aca55b4-b8e9-47ea-9d99-9f9d93c43e7c,New lid on Resealable Bag v2 - New Lid doesn't seal properly batch 105,Crunchy Chips,Resealable Bag v2 - New Lid,Pacific Northwest,Seal Failure,Call Center,2026-02-08T16:00:00,0.95,True,PLANTED_001_PNW_NEW_LID_SEAL
cc956b25-c497-4d4a-acd8-43d5733e7a28,Resealable Bag v1 half empty - Soda Pop,Soda Pop,Resealable Bag v1,Midwest,Low Fill,Call Center,2026-02-08T16:06:00,0.79,False,
df071b53-0778-4947-9ff7-b10878efb49d,Opened Granola Bar and it was stale,Granola Bar,Can 330ml,Pacific Northwest,Stale Taste,Call Center,2026-02-08T16:07:00,0.7,False,
bd27246a-963b-42a8-951e-5a9440d7a8b1,Ordered Soda Pop got wrong flavor,Soda Pop,Resealable Bag v1,California,Wrong Flavor,Call Center,2026-02-08T16:09:00,0.69,False,
484a6d95-d3a1-421b-85f5-b88874f77878,Opened Cookies Pack and it was stale,Cookies Pack,Box 200g,Northeast,Stale Taste,Email,2026-02-08T16:11:00,0.64,False,
cc73f9ea-4cf6-4456-9c98-f4a946c093af,Resealable Bag v1 leaking in transit to Northeast,Granola Bar,Resealable Bag v1,Northeast,Leaking,Call Center,2026-02-08T16:15:00,0.89,False,
d79512fe-e54c-475d-b8dc-c760ec9be081,Can 330ml leaking in transit to Midwest,Soda Pop,Can 330ml,Midwest,Leaking,Amazon Review,2026-02-08T16:50:00,0.91,False,
afa532e9-fa8a-42ae-bbc0-d7685781d316,Resealable Bag v2 - New Lid leaking in transit to Texas,Soda Pop,Resealable Bag v2 - New Lid,Texas,Leaking,Call Center,2026-02-08T16:56:00,0.64,False,
d9bdb3ac-aea5-4a3e-bae9-e460dcb290b1,"The Resealable Bag v2 - New Lid won't close, goes stale in Pacific Northwest batch 101",Crunchy Chips,Resealable Bag v2 - New Lid,Pacific Northwest,Seal Failure,Call Center,2026-02-08T17:00:00,0.98,True,PLANTED_001_PNW_NEW_LID_SEAL
107a279c-9afd-4539-b802-86353cb4f280,Opened Granola Bar and it was stale,Granola Bar,Box 200g,Northeast,Stale Taste,Call Center,2026-02-08T17:14:00,0.61,False,
43a04c9c-f3e7-4b68-9e8f-7da0d68e6a26,Resealable Can 330ml failed to close - Texas,Soda Pop,Can 330ml,Texas,Seal Failure,Email,2026-02-08T17:22:00,0.6,False,
669956ba-2396-40c0-9bbb-d12c7c3247d3,"The Resealable Bag v1 won't close, goes stale in Pacific Northwest",Cookies Pack,Resealable Bag v1,Pacific Northwest,Seal Failure,Call Center,2026-02-08T17:42:00,0.94,False,
614dd8b1-cd11-4955-82be-3714e31d3903,Ordered Soda Pop got wrong flavor,Soda Pop,Can 330ml,Texas,Wrong Flavor,Call Center,2026-02-08T17:48:00,0.77,False,
25021439-daed-462a-9a16-0a99ae3a5098,Resealable Bag v2 - New Lid half empty - Cookies Pack,Cookies Pack,Resealable Bag v2 - New Lid,Northeast,Low Fill,Amazon Review,2026-02-08T17:59:00,0.94,False,
93e334fc-ccfb-4c7f-84c0-a8dff8df658d,"The Resealable Bag v2 - New Lid won't close, goes stale in Pacific Northwest batch 102",Crunchy Chips,Resealable Bag v2 - New Lid,Pacific Northwest,Seal Failure,Call Center,2026-02-08T18:00:00,0.96,True,PLANTED_001_PNW_NEW_LID_SEAL
8f90af17-5261-4977-9549-e03eee2b72c4,Can 330ml half empty - Cookies Pack,Cookies Pack,Can 330ml,Midwest,Low Fill,Email,2026-02-08T18:06:00,0.82,False,
9541f19b-1dff-4db3-9256-a81c6267fefb,"The Box 200g won't close, goes stale in Midwest",Crunchy Chips,Box 200g,Midwest,Seal Failure,Call Center,2026-02-08T18:07:00,0.81,False,
374a513c-55cb-4294-b073-8471d3fc97fd,Box 200g leaking in transit to Northeast,Soda Pop,Box 200g,Northeast,Leaking,Twitter,2026-02-08T18:07:00,0.9,False,
1c1fbe22-5495-4d10-b195-0ad909e1cee9,Box 200g leaking in transit to Pacific Northwest,Cookies Pack,Box 200g,Pacific Northwest,Leaking,Call Center,2026-02-08T18:07:00,0.75,False,
82f073aa-fb9d-4cb0-b50e-4578de90295a,Box crushed in shipping to Northeast,Granola Bar,Resealable Bag v2 - New Lid,Northeast,Damaged Pack,Email,2026-02-08T18:12:00,0.85,False,
9ca37f56-6151-42f1-becd-bf482822d1c4,Box 200g half empty - Cookies Pack,Cookies Pack,Box 200g,Texas,Low Fill,Amazon Review,2026-02-08T18:13:00,0.72,False,
ae84f85e-6ea6-446a-96b0-b4ad1941af08,Resealable Bag v1 arrived torn,Soda Pop,Resealable Bag v1,Pacific Northwest,Damaged Pack,Call Center,2026-02-08T18:16:00,0.64,False,
e187ce44-bab6-41fb-b2cf-c76807186287,Ordered Granola Bar got wrong flavor,Granola Bar,Can 330ml,Texas,Wrong Flavor,Twitter,2026-02-08T18:25:00,0.76,False,
5ada2153-09d7-4e0b-9a5f-aab8175959d2,Resealable Bag v2 - New Lid arrived torn,Soda Pop,Resealable Bag v2 - New Lid,Pacific Northwest,Damaged Pack,Call Center,2026-02-08T18:27:00,0.72,False,
5c844c15-cebc-4251-aa80-ac6ee0fccc1a,New lid on Resealable Bag v1 doesn't seal properly,Cookies Pack,Resealable Bag v1,Midwest,Seal Failure,Twitter,2026-02-08T18:33:00,0.92,False,
caa25675-4e01-4e10-bd38-43c73eb2ed5d,Opened Soda Pop and it was stale,Soda Pop,Resealable Bag v2 - New Lid,Texas,Stale Taste,Amazon Review,2026-02-08T18:44:00,0.64,False,
2745b377-ff70-4365-90b6-842e601ff328,Resealable Bag v1 half empty - Crunchy Chips,Crunchy Chips,Resealable Bag v1,Midwest,Low Fill,Call Center,2026-02-08T19:10:00,0.82,False,
0feb2c20-6432-42f1-a622-0ebf332e9c9c,Opened Crunchy Chips and it was stale,Crunchy Chips,Box 200g,Texas,Stale Taste,Email,2026-02-08T19:36:00,0.72,False,
9c91842e-677b-488a-921a-9e1cd442d4ae,"The Box 200g won't close, goes stale in California",Crunchy Chips,Box 200g,California,Seal Failure,Amazon Review,2026-02-08T19:50:00,0.84,False,
1dfda2db-a118-4d5a-ae71-e9b03a3db650,Resealable Bag v1 leaking in transit to Northeast,Granola Bar,Resealable Bag v1,Northeast,Leaking,Amazon Review,2026-02-08T19:52:00,0.94,False,
87d3d78f-9835-44b1-8392-4357dbdb19df,Can 330ml half empty - Soda Pop,Soda Pop,Can 330ml,Pacific Northwest,Low Fill,Amazon Review,2026-02-08T20:12:00,0.68,False,
6eff6595-f54a-4714-88f1-38e68085dfa1,Resealable Bag v2 - New Lid half empty - Cookies Pack,Cookies Pack,Resealable Bag v2 - New Lid,California,Low Fill,Call Center,2026-02-08T20:17:00,0.77,False,
1a01c24d-9b26-417c-a7c1-9fd5fe055e30,Can 330ml leaking in transit to Midwest,Granola Bar,Can 330ml,Midwest,Leaking,Call Center,2026-02-08T20:36:00,0.85,False,
0a582732-8842-45fb-93b6-68f8df6a323f,Box crushed in shipping to Pacific Northwest,Granola Bar,Can 330ml,Pacific Northwest,Damaged Pack,Amazon Review,2026-02-08T20:36:00,0.84,False,
25118caf-6faf-44c9-ad99-413252437b46,Resealable Can 330ml failed to close - Northeast,Soda Pop,Can 330ml,Northeast,Seal Failure,Twitter,2026-02-08T20:50:00,0.77,False,
1f3f6ba0-a6fc-45c2-b963-c794153b33ac,Can 330ml half empty - Granola Bar,Granola Bar,Can 330ml,Northeast,Low Fill,Email,2026-02-08T21:00:00,0.75,False,
6aa5ce9f-3aca-4003-bd6c-0815d85aac35,Resealable Bag v2 - New Lid half empty - Soda Pop,Soda Pop,Resealable Bag v2 - New Lid,Pacific Northwest,Low Fill,Email,2026-02-08T21:14:00,0.74,False,
84f7b563-cca7-482e-9556-1d4de589b9c7,Stale Granola Bar in Box 200g,Granola Bar,Box 200g,Northeast,Stale Taste,Twitter,2026-02-08T21:16:00,0.9,False,
2f79a9ae-4a4c-47c6-b8c8-ec7f1155e1d4,Can 330ml leaking in transit to California,Soda Pop,Can 330ml,California,Leaking,Call Center,2026-02-08T21:20:00,0.82,False,
759fc853-c4f1-4dfc-951e-12512df0fe6b,Resealable Bag v1 leaking in transit to Texas,Soda Pop,Resealable Bag v1,Texas,Leaking,Amazon Review,2026-02-08T21:57:00,0.77,False,
6caf377b-0a6c-4107-a6f7-dba218908c61,New lid on Resealable Bag v2 - New Lid doesn't seal properly batch 100,Crunchy Chips,Resealable Bag v2 - New Lid,Pacific Northwest,Seal Failure,Call Center,2026-02-08T22:00:00,0.88,True,PLANTED_001_PNW_NEW_LID_SEAL
04bd9593-57d0-4284-ad57-69a55b17feb7,Resealable Bag v1 leaking in transit to Midwest,Soda Pop,Resealable Bag v1,Midwest,Leaking,Email,2026-02-08T22:14:00,0.64,False,
e027cf5b-c8cc-4e7f-af6d-cce76692b8a8,Resealable Bag v1 arrived torn,Granola Bar,Resealable Bag v1,Texas,Damaged Pack,Email,2026-02-08T22:14:00,0.91,False,
abdaabab-a0e1-4fa6-a9a2-ddef676c528c,Resealable Resealable Bag v2 - New Lid failed to close - California,Soda Pop,Resealable Bag v2 - New Lid,California,Seal Failure,Email,2026-02-08T22:20:00,0.66,False,
926a7676-b897-4ea3-b5bb-3d4918f54494,Resealable Bag v1 arrived torn,Soda Pop,Resealable Bag v1,Midwest,Damaged Pack,Email,2026-02-08T22:22:00,0.87,False,
8da28705-76a7-459a-9082-9924e47fd083,Ordered Crunchy Chips got wrong flavor,Crunchy Chips,Box 200g,California,Wrong Flavor,Amazon Review,2026-02-08T22:22:00,0.64,False,
94d7259c-ef00-428f-8a44-6150496974b0,Box crushed in shipping to Texas,Crunchy Chips,Resealable Bag v2 - New Lid,Texas,Damaged Pack,Twitter,2026-02-08T22:34:00,0.64,False,
de76f200-82ed-4eb4-9f67-29ecee049f54,Can 330ml leaking in transit to Pacific Northwest,Granola Bar,Can 330ml,Pacific Northwest,Leaking,Email,2026-02-08T22:49:00,0.69,False,
f33b41a1-74c6-4057-bae0-ceff1b9d99c0,Resealable Box 200g failed to close - California,Granola Bar,Box 200g,California,Seal Failure,Twitter,2026-02-08T22:50:00,0.86,False,
7f476458-ee1d-4ab8-9b09-7eab8583339e,Resealable Resealable Bag v1 failed to close - California,Cookies Pack,Resealable Bag v1,California,Seal Failure,Twitter,2026-02-08T22:54:00,0.72,False,
c0ef5032-3d84-438b-b587-046b7cbad301,Ordered Soda Pop got wrong flavor,Soda Pop,Can 330ml,Texas,Wrong Flavor,Call Center,2026-02-08T22:59:00,0.73,False,
a3a0e67c-d0d9-4046-9b01-3eefeab9d170,Resealable Bag v2 - New Lid leaking in transit to Midwest,Soda Pop,Resealable Bag v2 - New Lid,Midwest,Leaking,Email,2026-02-08T23:05:00,0.93,False,
17cafae6-6c8a-4d03-857c-41b924e1ba45,Soda Pop tastes stale from California,Soda Pop,Box 200g,California,Stale Taste,Email,2026-02-08T23:41:00,0.9,False,
b8000586-1c1a-42f2-8a9f-7c59c5db9ade,Ordered Granola Bar got wrong flavor,Granola Bar,Can 330ml,Northeast,Wrong Flavor,Call Center,2026-02-08T23:42:00,0.8,False,
7a4a456b-4b3d-4c6e-a9cb-0f530c0eaebd,Opened Granola Bar and it was stale,Granola Bar,Resealable Bag v1,Midwest,Stale Taste,Twitter,2026-02-08T23:55:00,0.6,False,
44e7092c-720e-4b57-ad0c-c391c336efe8,"The Resealable Bag v1 won't close, goes stale in Northeast",Cookies Pack,Resealable Bag v1,Northeast,Seal Failure,Email,2026-02-08T23:57:00,0.74,False,
9b5a22c9-7622-42c2-8a98-f65cc7d655b5,"The Resealable Bag v1 won't close, goes stale in California",Soda Pop,Resealable Bag v1,California,Seal Failure,Call Center,2026-02-09T00:10:00,0.71,False,
1cf91e13-bd45-4c09-b4a0-91bb8e310451,Opened Cookies Pack and it was stale,Cookies Pack,Resealable Bag v1,California,Stale Taste,Twitter,2026-02-09T00:15:00,0.76,False,
72d29ac5-5ef0-4cb9-b1d1-e847b4fb9be8,Opened Crunchy Chips and it was stale,Crunchy Chips,Resealable Bag v1,California,Stale Taste,Amazon Review,2026-02-09T00:15:00,0.78,False,
9113ec46-1edd-44a0-b4ff-1ba382f999f3,New lid on Resealable Bag v2 - New Lid doesn't seal properly,Crunchy Chips,Resealable Bag v2 - New Lid,Northeast,Seal Failure,Amazon Review,2026-02-09T00:17:00,0.77,False,
76dec150-6c3f-4ef7-9cd1-1d2b26f5a0e0,Can 330ml leaking in transit to Texas,Cookies Pack,Can 330ml,Texas,Leaking,Amazon Review,2026-02-09T00:19:00,0.86,False,
4ec73978-9186-45c0-8817-bd64cb844b74,Resealable Bag v2 - New Lid arrived torn,Granola Bar,Resealable Bag v2 - New Lid,Midwest,Damaged Pack,Call Center,2026-02-09T00:22:00,0.78,False,
094de0c2-fe2b-42a0-b15b-f6cc7a8abfdc,Box 200g leaking in transit to Northeast,Soda Pop,Box 200g,Northeast,Leaking,Email,2026-02-09T00:33:00,0.91,False,
51d484f0-582a-46ce-ad8c-63a001a56df9,Resealable Bag v1 leaking in transit to Northeast,Granola Bar,Resealable Bag v1,Northeast,Leaking,Amazon Review,2026-02-09T00:51:00,0.79,False,
5c88e712-a4fa-496e-aa05-f09e012766d3,Can 330ml half empty - Granola Bar,Granola Bar,Can 330ml,Midwest,Low Fill,Call Center,2026-02-09T00:55:00,0.77,False,
65230cbd-0002-4e44-91cc-90e551845f0c,"The Resealable Bag v2 - New Lid won't close, goes stale in Northeast",Crunchy Chips,Resealable Bag v2 - New Lid,Northeast,Seal Failure,Email,2026-02-09T00:58:00,0.67,False,
8f44e756-8e35-4f05-9b07-c67b0c56caa0,Box crushed in shipping to Midwest,Crunchy Chips,Resealable Bag v2 - New Lid,Midwest,Damaged Pack,Call Center,2026-02-09T00:58:00,0.64,False,
cec2c6bb-bd2e-4e12-87d9-f67435e5069f,Ordered Cookies Pack got wrong flavor,Cookies Pack,Can 330ml,Northeast,Wrong Flavor,Twitter,2026-02-09T01:07:00,0.72,False,
dc74e9e8-f2d1-4fe7-b2c4-5856c0deb4bf,Resealable Bag v2 - New Lid leaking in transit to Northeast,Cookies Pack,Resealable Bag v2 - New Lid,Northeast,Leaking,Amazon Review,2026-02-09T01:12:00,0.7,False,
0570dc36-ac00-4abf-b00c-4b7ad31f1b41,Resealable Box 200g failed to close - California,Soda Pop,Box 200g,California,Seal Failure,Twitter,2026-02-09T01:12:00,0.88,False,
1b54dc94-bfef-47e6-ba6a-2962a82cb130,Stale Crunchy Chips in Resealable Bag v1,Crunchy Chips,Resealable Bag v1,Midwest,Stale Taste,Twitter,2026-02-09T01:18:00,0.87,False,
c0e7e356-f32d-4d96-b920-dc742ca1c125,Can 330ml leaking in transit to California,Granola Bar,Can 330ml,California,Leaking,Call Center,2026-02-09T01:20:00,0.74,False,
f20c2ae5-db5d-45b3-968b-e2d1581147aa,Resealable Can 330ml failed to close - Texas,Cookies Pack,Can 330ml,Texas,Seal Failure,Call Center,2026-02-09T01:36:00,0.84,False,
40ba9da4-aaad-4574-9ed5-2e171dca6bc5,Resealable Bag v2 - New Lid leaking in transit to Pacific Northwest,Cookies Pack,Resealable Bag v2 - New Lid,Pacific Northwest,Leaking,Amazon Review,2026-02-09T01:44:00,0.86,False,
51fd8a00-3d50-4ee3-8342-e2bc6fddc0c1,Box crushed in shipping to Texas,Granola Bar,Resealable Bag v2 - New Lid,Texas,Damaged Pack,Call Center,2026-02-09T02:20:00,0.61,False,
c8295429-01e1-4a0c-b245-c59e3e90a85c,Can 330ml leaking in transit to Texas,Soda Pop,Can 330ml,Texas,Leaking,Twitter,2026-02-09T02:27:00,0.88,False,
64772f21-7777-447f-8788-4b39ca6aeec5,Ordered Cookies Pack got wrong flavor,Cookies Pack,Can 330ml,Northeast,Wrong Flavor,Email,2026-02-09T02:27:00,0.66,False,
7aa64efd-f7a3-4ea7-87ac-4adceb7d0ee6,Ordered Cookies Pack got wrong flavor,Cookies Pack,Resealable Bag v1,Midwest,Wrong Flavor,Email,2026-02-09T02:35:00,0.95,False,
2a264f70-9d73-4724-9ba7-417a9b5ee296,Resealable Bag v2 - New Lid half empty - Crunchy Chips,Crunchy Chips,Resealable Bag v2 - New Lid,Northeast,Low Fill,Amazon Review,2026-02-09T02:52:00,0.63,False,
3e7052a6-77a8-4cdc-a64e-c5a5bb660e19,Box crushed in shipping to Pacific Northwest,Granola Bar,Box 200g,Pacific Northwest,Damaged Pack,Amazon Review,2026-02-09T03:17:00,0.92,False,
6a65aa4e-bd10-433d-a86d-adffca252b97,Resealable Bag v1 leaking in transit to Texas,Granola Bar,Resealable Bag v1,Texas,Leaking,Amazon Review,2026-02-09T03:19:00,0.93,False,
cec367cc-4420-419e-a1e5-157314d2fee5,Box crushed in shipping to Texas,Granola Bar,Can 330ml,Texas,Damaged Pack,Twitter,2026-02-09T03:26:00,0.71,False,
2b90b15e-188d-4a7c-a52b-5173a6921c2c,Ordered Granola Bar got wrong flavor,Granola Bar,Box 200g,Midwest,Wrong Flavor,Amazon Review,2026-02-09T03:34:00,0.93,False,
d2e09cd2-f698-4257-83ef-d91a55a5162f,Box crushed in shipping to Northeast,Crunchy Chips,Can 330ml,Northeast,Damaged Pack,Twitter,2026-02-09T03:59:00,0.66,False,
7dfbdd35-e5bd-4e60-ab38-d2735424b7b0,New lid on Resealable Bag v2 - New Lid doesn't seal properly batch 100,Crunchy Chips,Resealable Bag v2 - New Lid,Pacific Northwest,Seal Failure,Call Center,2026-02-09T04:00:00,0.97,True,PLANTED_001_PNW_NEW_LID_SEAL
79d012dc-7ea5-4d4d-8996-951fe2a0bb4b,New lid on Resealable Bag v2 - New Lid doesn't seal properly batch 105,Crunchy Chips,Resealable Bag v2 - New Lid,Pacific Northwest,Seal Failure,Call Center,2026-02-09T04:00:00,0.87,True,PLANTED_001_PNW_NEW_LID_SEAL
c3ab215a-5208-4cde-974b-0171475e4ec2,Ordered Crunchy Chips got wrong flavor,Crunchy Chips,Box 200g,Midwest,Wrong Flavor,Amazon Review,2026-02-09T04:10:00,0.61,False,
7f8ca986-8187-411c-a5da-cb4c22da2869,Ordered Cookies Pack got wrong flavor,Cookies Pack,Resealable Bag v2 - New Lid,Pacific Northwest,Wrong Flavor,Call Center,2026-02-09T04:32:00,0.91,False,
8489a018-55bd-47bc-972e-b40afdfedc7e,Resealable Box 200g failed to close - Northeast,Cookies Pack,Box 200g,Northeast,Seal Failure,Twitter,2026-02-09T04:34:00,0.68,False,
a6721c61-786b-4967-89d7-63664515c7ea,Box 200g arrived torn,Granola Bar,Box 200g,Pacific Northwest,Damaged Pack,Twitter,2026-02-09T04:48:00,0.87,False,
3b51b2f9-40ef-4857-a3ec-3b49e234d794,Stale Soda Pop in Box 200g,Soda Pop,Box 200g,Pacific Northwest,Stale Taste,Email,2026-02-09T04:57:00,0.91,False,
15b1b8ad-f7b2-446c-8abf-82ebc1a24e09,Ordered Crunchy Chips got wrong flavor,Crunchy Chips,Can 330ml,Pacific Northwest,Wrong Flavor,Call Center,2026-02-09T05:04:00,0.64,False,
0ac7890b-fee9-4831-818c-f42591be928e,"The Box 200g won't close, goes stale in California",Soda Pop,Box 200g,California,Seal Failure,Twitter,2026-02-09T05:20:00,0.87,False,
76c983f4-4f3b-46ac-ad0f-57e0538770be,Box crushed in shipping to Midwest,Granola Bar,Resealable Bag v1,Midwest,Damaged Pack,Twitter,2026-02-09T05:24:00,0.87,False,
7cfe217e-141d-4200-9043-8e71be0bcd2b,Ordered Crunchy Chips got wrong flavor,Crunchy Chips,Box 200g,Northeast,Wrong Flavor,Call Center,2026-02-09T05:27:00,0.93,False,
efdc7053-9fd7-4779-8af8-f1a611f83b1e,Resealable Bag v1 leaking in transit to Texas,Cookies Pack,Resealable Bag v1,Texas,Leaking,Email,2026-02-09T05:43:00,0.66,False,
50a48130-efbd-4a58-a386-53ca363faeef,Resealable Resealable Bag v2 - New Lid failed to close - Pacific Northwest batch 101,Crunchy Chips,Resealable Bag v2 - New Lid,Pacific Northwest,Seal Failure,Call Center,2026-02-09T06:00:00,0.96,True,PLANTED_001_PNW_NEW_LID_SEAL
9d7d9680-6792-4bc5-afbc-696c18428fe7,Resealable Bag v2 - New Lid half empty - Soda Pop,Soda Pop,Resealable Bag v2 - New Lid,Northeast,Low Fill,Email,2026-02-09T06:03:00,0.65,False,
eadf2e70-f647-4fa0-a84c-ed9163faa59f,Resealable Bag v2 - New Lid half empty - Granola Bar,Granola Bar,Resealable Bag v2 - New Lid,California,Low Fill,Call Center,2026-02-09T06:05:00,0.9,False,
9980392b-c9f5-4f7c-a00e-cc8fdac26f68,Resealable Bag v1 half empty - Crunchy Chips,Crunchy Chips,Resealable Bag v1,Northeast,Low Fill,Twitter,2026-02-09T06:13:00,0.76,False,
e6ba80e0-5665-41f6-8aca-7ffa1208dc95,Can 330ml leaking in transit to Pacific Northwest,Cookies Pack,Can 330ml,Pacific Northwest,Leaking,Email,2026-02-09T06:34:00,0.84,False,
99c4b93a-2f70-4fdd-845e-8e017ded7956,New lid on Can 330ml doesn't seal properly,Soda Pop,Can 330ml,Pacific Northwest,Seal Failure,Email,2026-02-09T06:42:00,0.79,False,
5eb36132-4446-49ed-ab18-276848a64b5b,Box crushed in shipping to Midwest,Crunchy Chips,Box 200g,Midwest,Damaged Pack,Email,2026-02-09T07:01:00,0.78,False,
0d645f4c-abe1-44dd-a0c5-73056821e43d,Resealable Resealable Bag v1 failed to close - Northeast,Cookies Pack,Resealable Bag v1,Northeast,Seal Failure,Call Center,2026-02-09T07:02:00,0.62,False,
c6dc9543-2b58-429b-8210-fe158f9da9c6,Crunchy Chips tastes stale from Northeast,Crunchy Chips,Resealable Bag v1,Northeast,Stale Taste,Email,2026-02-09T07:05:00,0.77,False,
caf401b0-daf6-4898-b6ee-9cc184c03ba8,Resealable Resealable Bag v1 failed to close - Midwest,Crunchy Chips,Resealable Bag v1,Midwest,Seal Failure,Call Center,2026-02-09T07:09:00,0.82,False,
4421df0b-764c-4018-8a89-80463287ee1c,Ordered Soda Pop got wrong flavor,Soda Pop,Can 330ml,Pacific Northwest,Wrong Flavor,Amazon Review,2026-02-09T07:11:00,0.95,False,
bfcd6a89-2e55-4966-9047-7655da08b8da,New lid on Resealable Bag v1 doesn't seal properly,Granola Bar,Resealable Bag v1,Pacific Northwest,Seal Failure,Call Center,2026-02-09T07:20:00,0.6,False,
634d22aa-234e-47ca-9619-8f9e2a8f665f,Resealable Bag v1 leaking in transit to Pacific Northwest,Granola Bar,Resealable Bag v1,Pacific Northwest,Leaking,Email,2026-02-09T07:27:00,0.82,False,
fa01aa45-06b1-414e-8829-1fceb42dc10d,Box crushed in shipping to Midwest,Cookies Pack,Box 200g,Midwest,Damaged Pack,Twitter,2026-02-09T07:28:00,0.91,False,
ec244d3e-387d-46b2-a96c-fdf9e695e875,Stale Crunchy Chips in Resealable Bag v1,Crunchy Chips,Resealable Bag v1,Texas,Stale Taste,Twitter,2026-02-09T07:30:00,0.82,False,
ba62d0c7-fe49-4ee5-98e4-5065abc41ec6,Opened Cookies Pack and it was stale,Cookies Pack,Box 200g,Pacific Northwest,Stale Taste,Call Center,2026-02-09T07:31:00,0.81,False,
f76bbed4-d870-485f-a8dd-6fd3415d7425,Resealable Bag v1 half empty - Cookies Pack,Cookies Pack,Resealable Bag v1,Pacific Northwest,Low Fill,Call Center,2026-02-09T07:55:00,0.93,False,
91413f58-bf4b-444b-be06-30ae081b4ab0,Ordered Cookies Pack got wrong flavor,Cookies Pack,Box 200g,Texas,Wrong Flavor,Email,2026-02-09T07:57:00,0.73,False,
f7a2ea4e-9ccb-407b-98a4-24b53584acbb,Resealable Bag v2 - New Lid half empty - Cookies Pack,Cookies Pack,Resealable Bag v2 - New Lid,California,Low Fill,Call Center,2026-02-09T08:02:00,0.92,False,
5288c4c8-22a8-4742-b3ca-45b2a9c8b935,Resealable Bag v1 leaking in transit to Pacific Northwest,Soda Pop,Resealable Bag v1,Pacific Northwest,Leaking,Call Center,2026-02-09T08:10:00,0.72,False,
bd8e7364-8c1d-4164-96b8-0d41698cd091,"The Resealable Bag v1 won't close, goes stale in California",Granola Bar,Resealable Bag v1,California,Seal Failure,Email,2026-02-09T08:21:00,0.74,False,
2a853019-fa14-4ad7-be8d-85197d5ff4cf,Resealable Bag v1 half empty - Soda Pop,Soda Pop,Resealable Bag v1,California,Low Fill,Amazon Review,2026-02-09T08:22:00,0.8,False,
8a45e1c7-0948-4141-81c0-9d956c29b968,Can 330ml arrived torn,Soda Pop,Can 330ml,Pacific Northwest,Damaged Pack,Twitter,2026-02-09T08:22:00,0.7,False,
4cb70e85-598f-435b-8b5d-f6a9f475bf75,Can 330ml leaking in transit to Texas,Granola Bar,Can 330ml,Texas,Leaking,Email,2026-02-09T09:21:00,0.95,False,
d65bbae8-7d91-4014-bb45-4d01c0e20898,Ordered Soda Pop got wrong flavor,Soda Pop,Box 200g,California,Wrong Flavor,Twitter,2026-02-09T09:41:00,0.61,False,
877a9d56-967b-488b-ae27-cc4b886d0880,Granola Bar tastes stale from Northeast,Granola Bar,Box 200g,Northeast,Stale Taste,Call Center,2026-02-09T09:48:00,0.85,False,
eb4d94f5-dd25-4350-8b72-7b899e80d498,Resealable Bag v1 leaking in transit to Midwest,Soda Pop,Resealable Bag v1,Midwest,Leaking,Amazon Review,2026-02-09T09:52:00,0.87,False,
2a87c983-5759-4baf-b113-bbdae52bb5c1,Ordered Soda Pop got wrong flavor,Soda Pop,Resealable Bag v2 - New Lid,Northeast,Wrong Flavor,Amazon Review,2026-02-09T10:03:00,0.66,False,
b4f5845f-3dd5-4b30-9289-0c4b21d53789,Opened Soda Pop and it was stale,Soda Pop,Resealable Bag v2 - New Lid,Pacific Northwest,Stale Taste,Call Center,2026-02-09T10:03:00,0.86,False,
9aba9219-efc1-413d-adfa-bbb6504367f0,Opened Crunchy Chips and it was stale,Crunchy Chips,Resealable Bag v1,Texas,Stale Taste,Email,2026-02-09T10:07:00,0.79,False,
a68f1604-7624-42b0-808a-64391848a0d5,Can 330ml half empty - Cookies Pack,Cookies Pack,Can 330ml,Texas,Low Fill,Twitter,2026-02-09T10:07:00,0.86,False,
7fe77865-ef72-4075-ac5f-d1a48c4bba44,Stale Soda Pop in Resealable Bag v1,Soda Pop,Resealable Bag v1,Texas,Stale Taste,Twitter,2026-02-09T10:09:00,0.88,False,
2ad1b7f7-9249-48da-9cc7-b34462ad4024,Box 200g half empty - Soda Pop,Soda Pop,Box 200g,Midwest,Low Fill,Amazon Review,2026-02-09T10:16:00,0.61,False,
59d19a88-af77-436f-8351-ca02a307950e,Resealable Bag v2 - New Lid half empty - Cookies Pack,Cookies Pack,Resealable Bag v2 - New Lid,Texas,Low Fill,Call Center,2026-02-09T10:23:00,0.87,False,
2fe3b596-b632-447a-a56d-7c3317f158dc,Can 330ml arrived torn,Granola Bar,Can 330ml,California,Damaged Pack,Call Center,2026-02-09T10:28:00,0.64,False,
6b52bff0-c32a-41fb-832a-a1503f67459b,Opened Cookies Pack and it was stale,Cookies Pack,Resealable Bag v2 - New Lid,California,Stale Taste,Amazon Review,2026-02-09T10:56:00,0.69,False,
0f827b1a-00d4-42f8-beaa-b4810a36f3f3,Ordered Crunchy Chips got wrong flavor,Crunchy Chips,Resealable Bag v1,Midwest,Wrong Flavor,Email,2026-02-09T11:03:00,0.82,False,
eb4da855-34ff-4576-8686-dfde794a132e,Ordered Cookies Pack got wrong flavor,Cookies Pack,Can 330ml,Pacific Northwest,Wrong Flavor,Call Center,2026-02-09T11:14:00,0.79,False,
d0d89306-3f2c-40b4-8525-b5557f9b17d9,Resealable Bag v1 half empty - Soda Pop,Soda Pop,Resealable Bag v1,Northeast,Low Fill,Call Center,2026-02-09T11:37:00,0.65,False,
a4b4c795-f858-496e-9053-114d9821c8d2,New lid on Resealable Bag v2 - New Lid doesn't seal properly,Soda Pop,Resealable Bag v2 - New Lid,Texas,Seal Failure,Amazon Review,2026-02-09T11:42:00,0.94,False,
1386a075-8435-4395-ab79-d6c61963928e,Can 330ml half empty - Soda Pop,Soda Pop,Can 330ml,California,Low Fill,Twitter,2026-02-09T11:44:00,0.9,False,
b026ffd7-2b8a-4112-a004-a96e6f550d21,Resealable Can 330ml failed to close - California,Soda Pop,Can 330ml,California,Seal Failure,Twitter,2026-02-09T11:47:00,0.85,False,
350f8839-168d-4e0f-a903-9a292693f164,Resealable Bag v1 leaking in transit to California,Soda Pop,Resealable Bag v1,California,Leaking,Call Center,2026-02-09T11:51:00,0.72,False,
33c9c766-2e7a-4160-8571-dc1d3942a4df,Ordered Granola Bar got wrong flavor,Granola Bar,Box 200g,Pacific Northwest,Wrong Flavor,Twitter,2026-02-09T12:14:00,0.62,False,
6b0afddc-d56b-46e3-91fe-93b1c6ddf30e,Resealable Can 330ml failed to close - Northeast,Crunchy Chips,Can 330ml,Northeast,Seal Failure,Email,2026-02-09T12:30:00,0.83,False,
6e9ac2c0-7db3-4263-9e98-e2cafcfdbfd0,Stale Cookies Pack in Can 330ml,Cookies Pack,Can 330ml,Northeast,Stale Taste,Amazon Review,2026-02-09T12:45:00,0.87,False,
5ccdf6b2-c2b2-4730-9a15-90ba926dd61a,Box 200g leaking in transit to Pacific Northwest,Granola Bar,Box 200g,Pacific Northwest,Leaking,Email,2026-02-09T12:46:00,0.66,False,
5139d083-ee56-48ba-9c41-667488e22b5c,New lid on Box 200g doesn't seal properly,Soda Pop,Box 200g,Midwest,Seal Failure,Call Center,2026-02-09T13:11:00,0.82,False,
66c7a83f-8ff0-47e1-bc02-b3ec1efce8b0,Stale Cookies Pack in Box 200g,Cookies Pack,Box 200g,Texas,Stale Taste,Twitter,2026-02-09T13:17:00,0.87,False,
5aad770f-8102-435a-ba79-a9a63b475f46,Resealable Bag v2 - New Lid arrived torn,Cookies Pack,Resealable Bag v2 - New Lid,Pacific Northwest,Damaged Pack,Email,2026-02-09T13:21:00,0.9,False,
7f611c6a-168b-40b4-8ee9-fb83c59546c8,Box crushed in shipping to Midwest,Cookies Pack,Resealable Bag v2 - New Lid,Midwest,Damaged Pack,Amazon Review,2026-02-09T13:24:00,0.73,False,
265f0820-e113-49c9-8efa-7be79dd4dfac,Resealable Bag v1 arrived torn,Soda Pop,Resealable Bag v1,Northeast,Damaged Pack,Email,2026-02-09T13:32:00,0.78,False,
9c3ab08b-4352-42c7-a567-9dd1e1aeb5ae,Resealable Bag v1 half empty - Crunchy Chips,Crunchy Chips,Resealable Bag v1,Northeast,Low Fill,Call Center,2026-02-09T13:40:00,0.85,False,
12632972-6e62-4d1e-9e67-54f648590cae,Box 200g arrived torn,Crunchy Chips,Box 200g,Midwest,Damaged Pack,Twitter,2026-02-09T13:43:00,0.69,False,
a1a5a6c5-638d-4a7a-807b-d60deadf69a6,Resealable Bag v2 - New Lid half empty - Crunchy Chips,Crunchy Chips,Resealable Bag v2 - New Lid,Pacific Northwest,Low Fill,Call Center,2026-02-09T13:44:00,0.79,False,
7a5fc4ad-5bc3-47a1-9d0f-3957d4af0e92,Can 330ml leaking in transit to California,Soda Pop,Can 330ml,California,Leaking,Twitter,2026-02-09T13:45:00,0.76,False,
1120fa91-7f1d-4df8-bf26-82ae0f039a1d,Stale Cookies Pack in Resealable Bag v1,Cookies Pack,Resealable Bag v1,Midwest,Stale Taste,Call Center,2026-02-09T13:48:00,0.85,False,
0d0b703c-d777-4cd3-9c3f-5c82bd905913,Box crushed in shipping to Texas,Cookies Pack,Resealable Bag v2 - New Lid,Texas,Damaged Pack,Twitter,2026-02-09T13:50:00,0.63,False,
cd52a07a-ff9a-44ea-9d04-77b57111f801,Ordered Soda Pop got wrong flavor,Soda Pop,Box 200g,California,Wrong Flavor,Email,2026-02-09T13:53:00,0.77,False,
fc342cc1-7cb8-4ed9-8c14-351ea6871018,Ordered Soda Pop got wrong flavor,Soda Pop,Resealable Bag v2 - New Lid,Texas,Wrong Flavor,Call Center,2026-02-09T14:11:00,0.7,False,
d59263d7-63f1-4d99-8034-0a3e797aca57,Resealable Bag v2 - New Lid leaking in transit to Midwest,Granola Bar,Resealable Bag v2 - New Lid,Midwest,Leaking,Amazon Review,2026-02-09T14:11:00,0.65,False,
5d1a4de9-81ad-48fc-89cc-a7e34da452c3,Ordered Cookies Pack got wrong flavor,Cookies Pack,Box 200g,California,Wrong Flavor,Twitter,2026-02-09T14:13:00,0.85,False,
d27d4b2d-51b9-425f-8b8d-10b9079411e0,Resealable Bag v1 leaking in transit to Midwest,Granola Bar,Resealable Bag v1,Midwest,Leaking,Email,2026-02-09T14:16:00,0.63,False,
f0024d44-cf4b-4ae8-b19b-972c0af2dd6c,Box crushed in shipping to California,Granola Bar,Can 330ml,California,Damaged Pack,Amazon Review,2026-02-09T14:38:00,0.73,False,
d59005e5-b771-4429-83b8-b5b7876ceb15,Ordered Soda Pop got wrong flavor,Soda Pop,Resealable Bag v2 - New Lid,Midwest,Wrong Flavor,Call Center,2026-02-09T14:41:00,0.8,False,
45027611-43a8-4d53-942d-41712da37c92,Resealable Bag v2 - New Lid leaking in transit to Pacific Northwest,Soda Pop,Resealable Bag v2 - New Lid,Pacific Northwest,Leaking,Amazon Review,2026-02-09T14:42:00,0.7,False,
1731f0a8-a26b-4311-8da0-683962a76a58,Resealable Bag v1 half empty - Cookies Pack,Cookies Pack,Resealable Bag v1,Northeast,Low Fill,Call Center,2026-02-09T14:42:00,0.77,False,
3640a9c3-b9fa-42b4-9b2e-8da11e20ee2d,Box crushed in shipping to Midwest,Cookies Pack,Resealable Bag v1,Midwest,Damaged Pack,Twitter,2026-02-09T14:47:00,0.84,False,
0eca07bd-86da-4d78-9296-87b65c6fb3f4,Ordered Soda Pop got wrong flavor,Soda Pop,Box 200g,Midwest,Wrong Flavor,Twitter,2026-02-09T14:51:00,0.67,False,
2144990d-13af-460a-969f-1a21dbd4ce3b,Resealable Bag v2 - New Lid half empty - Soda Pop,Soda Pop,Resealable Bag v2 - New Lid,Midwest,Low Fill,Email,2026-02-09T14:59:00,0.67,False,
309dc93c-2093-4728-bb89-11e3a6a1670c,Resealable Bag v2 - New Lid leaking in transit to Midwest,Crunchy Chips,Resealable Bag v2 - New Lid,Midwest,Leaking,Call Center,2026-02-09T15:21:00,0.94,False,
9a06ae25-0b29-4da5-b195-a8038e4d56e7,Can 330ml leaking in transit to Texas,Soda Pop,Can 330ml,Texas,Leaking,Twitter,2026-02-09T15:27:00,0.66,False,
fe357ba8-e399-4894-80e6-5eb4f06e5b1d,Box 200g half empty - Crunchy Chips,Crunchy Chips,Box 200g,California,Low Fill,Call Center,2026-02-09T15:51:00,0.68,False,
d14a79a4-980a-4083-8786-1f6ebd55b773,Resealable Bag v2 - New Lid arrived torn,Granola Bar,Resealable Bag v2 - New Lid,Pacific Northwest,Damaged Pack,Amazon Review,2026-02-09T15:57:00,0.84,False,
7a1bb35b-be1f-4a7d-8eda-a2d3deef33af,"The Box 200g won't close, goes stale in Northeast",Crunchy Chips,Box 200g,Northeast,Seal Failure,Email,2026-02-09T16:20:00,0.82,False,
235673fd-79de-48fe-963c-db9b9ff8ce7b,"The Resealable Bag v1 won't close, goes stale in Midwest",Cookies Pack,Resealable Bag v1,Midwest,Seal Failure,Twitter,2026-02-09T16:33:00,0.79,False,
4aade970-29f8-4808-98fb-e0ae850cb6b8,Granola Bar tastes stale from Texas,Granola Bar,Resealable Bag v2 - New Lid,Texas,Stale Taste,Email,2026-02-09T16:35:00,0.81,False,
2d14fd66-5f60-47d8-ae3a-af0b46e60c5a,New lid on Resealable Bag v1 doesn't seal properly,Soda Pop,Resealable Bag v1,Midwest,Seal Failure,Email,2026-02-09T16:52:00,0.79,False,
a3a7cd38-65c6-462c-b65a-6c6f37d8a26a,Resealable Bag v1 half empty - Crunchy Chips,Crunchy Chips,Resealable Bag v1,Midwest,Low Fill,Call Center,2026-02-09T17:34:00,0.91,False,
ce08e1be-9e03-468a-a9ff-293147779a33,Ordered Crunchy Chips got wrong flavor,Crunchy Chips,Box 200g,California,Wrong Flavor,Call Center,2026-02-09T17:38:00,0.92,False,
84fbc4a2-d41c-4d08-897d-ba39196e1765,Opened Soda Pop and it was stale,Soda Pop,Resealable Bag v2 - New Lid,Pacific Northwest,Stale Taste,Call Center,2026-02-09T17:38:00,0.73,False,
a2c17557-9f81-4399-9f17-33382e952b12,Ordered Cookies Pack got wrong flavor,Cookies Pack,Box 200g,California,Wrong Flavor,Amazon Review,2026-02-09T17:53:00,0.73,False,
59c68237-e1e0-4d36-a9e6-c1fdfcd3ff86,Resealable Bag v1 leaking in transit to California,Granola Bar,Resealable Bag v1,California,Leaking,Email,2026-02-09T17:57:00,0.61,False,
a16f18fe-a070-4c17-b5c9-ce04b40c8352,"The Resealable Bag v2 - New Lid won't close, goes stale in Pacific Northwest batch 105",Crunchy Chips,Resealable Bag v2 - New Lid,Pacific Northwest,Seal Failure,Call Center,2026-02-09T18:00:00,0.88,True,PLANTED_001_PNW_NEW_LID_SEAL
2c392169-6805-401e-8fb5-78f52ceecb8a,Ordered Granola Bar got wrong flavor,Granola Bar,Can 330ml,Midwest,Wrong Flavor,Call Center,2026-02-09T18:15:00,0.69,False,
b6858f8a-7c56-4279-846f-e95a74754595,Resealable Resealable Bag v2 - New Lid failed to close - California,Granola Bar,Resealable Bag v2 - New Lid,California,Seal Failure,Call Center,2026-02-09T18:16:00,0.75,False,
d58add85-166a-431e-9d94-bd63de0a0c42,Opened Granola Bar and it was stale,Granola Bar,Box 200g,Midwest,Stale Taste,Call Center,2026-02-09T18:23:00,0.77,False,
55270fe7-2642-4a85-b018-912f56e30c7f,Ordered Soda Pop got wrong flavor,Soda Pop,Resealable Bag v1,Pacific Northwest,Wrong Flavor,Twitter,2026-02-09T18:38:00,0.68,False,
3f66f82e-4461-4c63-8e3e-2e7b82ef9750,Box 200g half empty - Soda Pop,Soda Pop,Box 200g,Midwest,Low Fill,Amazon Review,2026-02-09T18:48:00,0.89,False,
2f71fb32-6711-4d4b-9778-f1488b9e8326,Ordered Crunchy Chips got wrong flavor,Crunchy Chips,Can 330ml,Northeast,Wrong Flavor,Twitter,2026-02-09T18:52:00,0.74,False,
f1945205-6847-4802-888c-dc7574e408f4,Ordered Cookies Pack got wrong flavor,Cookies Pack,Resealable Bag v2 - New Lid,California,Wrong Flavor,Twitter,2026-02-09T18:53:00,0.91,False,
b5c549f0-d19d-4fb4-aba1-bcaf93d24313,Stale Granola Bar in Resealable Bag v2 - New Lid,Granola Bar,Resealable Bag v2 - New Lid,California,Stale Taste,Call Center,2026-02-09T19:13:00,0.82,False,
d77851f6-d1da-494d-923e-61e9701c0e7a,Resealable Box 200g failed to close - Midwest,Crunchy Chips,Box 200g,Midwest,Seal Failure,Amazon Review,2026-02-09T19:35:00,0.95,False,
bb4717a4-af4a-402a-aa0d-e856fb5e5ddb,Box 200g half empty - Granola Bar,Granola Bar,Box 200g,California,Low Fill,Email,2026-02-09T19:45:00,0.76,False,
b1500518-b870-4142-b148-02d42a12cf7f,New lid on Resealable Bag v2 - New Lid doesn't seal properly,Crunchy Chips,Resealable Bag v2 - New Lid,Midwest,Seal Failure,Email,2026-02-09T19:51:00,0.78,False,
f8dc9d53-cb5f-4863-b13b-3bc5f7c93663,Ordered Soda Pop got wrong flavor,Soda Pop,Can 330ml,Midwest,Wrong Flavor,Email,2026-02-09T19:55:00,0.6,False,
2d4e1657-fc23-4e9b-8b78-bbbc2af9bcc7,Resealable Bag v1 leaking in transit to California,Cookies Pack,Resealable Bag v1,California,Leaking,Amazon Review,2026-02-09T19:55:00,0.7,False,
92587223-2917-4c73-b414-0df8fa44ffbf,Can 330ml arrived torn,Soda Pop,Can 330ml,Texas,Damaged Pack,Amazon Review,2026-02-09T20:12:00,0.93,False,
4d865c5e-2b44-46b4-b559-a3f55604bbe8,Resealable Bag v2 - New Lid half empty - Granola Bar,Granola Bar,Resealable Bag v2 - New Lid,Midwest,Low Fill,Twitter,2026-02-09T20:16:00,0.72,False,
9f53ad79-00e6-4b65-9142-e247a38997b4,Stale Soda Pop in Resealable Bag v2 - New Lid,Soda Pop,Resealable Bag v2 - New Lid,Pacific Northwest,Stale Taste,Twitter,2026-02-09T20:16:00,0.64,False,
cadf37b1-26f2-4bab-99fd-4eea9eb3edf3,Ordered Cookies Pack got wrong flavor,Cookies Pack,Box 200g,Northeast,Wrong Flavor,Amazon Review,2026-02-09T20:36:00,0.86,False,
5f7e90e8-121e-4503-9a98-0dbc6e313b34,Resealable Bag v1 leaking in transit to Northeast,Granola Bar,Resealable Bag v1,Northeast,Leaking,Email,2026-02-09T20:36:00,0.81,False,
5f04ebd4-318a-4227-8529-ad98326d6634,Ordered Granola Bar got wrong flavor,Granola Bar,Resealable Bag v1,Northeast,Wrong Flavor,Twitter,2026-02-09T20:54:00,0.87,False,
2b637134-b9c4-4c79-9a9e-fbdf0119e573,New lid on Can 330ml doesn't seal properly,Crunchy Chips,Can 330ml,California,Seal Failure,Twitter,2026-02-09T20:54:00,0.66,False,
6b3c07d1-fba6-40ba-b1b5-844174b952c9,Ordered Crunchy Chips got wrong flavor,Crunchy Chips,Resealable Bag v2 - New Lid,Midwest,Wrong Flavor,Amazon Review,2026-02-09T21:06:00,0.71,False,
9e788a15-7fda-4133-b978-3655f3394b1e,Resealable Bag v1 leaking in transit to Midwest,Cookies Pack,Resealable Bag v1,Midwest,Leaking,Amazon Review,2026-02-09T21:21:00,0.69,False,
a008ae1a-c92a-4485-a060-55b18849f1ce,Box crushed in shipping to Pacific Northwest,Cookies Pack,Resealable Bag v2 - New Lid,Pacific Northwest,Damaged Pack,Email,2026-02-09T21:33:00,0.94,False,
7ad58fb0-06f7-42fc-891e-b82a9c2de5a9,Box 200g half empty - Cookies Pack,Cookies Pack,Box 200g,Pacific Northwest,Low Fill,Twitter,2026-02-09T22:04:00,0.66,False,
3300cf1b-786d-4c2d-a91d-94fdb0b6cb6e,Box crushed in shipping to California,Crunchy Chips,Box 200g,California,Damaged Pack,Call Center,2026-02-09T22:08:00,0.91,False,
2eef2898-953b-491c-beaa-75c843ca2081,Resealable Bag v1 leaking in transit to Midwest,Soda Pop,Resealable Bag v1,Midwest,Leaking,Twitter,2026-02-09T22:15:00,0.7,False,
3cc4fcba-3fac-45b8-8821-7bfe7d92a476,Opened Crunchy Chips and it was stale,Crunchy Chips,Can 330ml,Texas,Stale Taste,Amazon Review,2026-02-09T22:51:00,0.61,False,
90c4402b-d52d-4a88-a25c-888c20067f33,Resealable Bag v2 - New Lid leaking in transit to Pacific Northwest,Granola Bar,Resealable Bag v2 - New Lid,Pacific Northwest,Leaking,Call Center,2026-02-09T22:56:00,0.8,False,
cc987d8a-5729-4192-96b9-ddc8cea2fdda,Resealable Bag v2 - New Lid half empty - Granola Bar,Granola Bar,Resealable Bag v2 - New Lid,Northeast,Low Fill,Email,2026-02-09T22:59:00,0.88,False,
3861a6a8-b7c3-4677-ba0d-cf4dfbbf6c5c,Resealable Bag v2 - New Lid leaking in transit to Pacific Northwest,Cookies Pack,Resealable Bag v2 - New Lid,Pacific Northwest,Leaking,Amazon Review,2026-02-09T23:09:00,0.91,False,
6ffcf547-4b0f-45e6-8b15-09172eaf5e8e,Resealable Bag v1 half empty - Soda Pop,Soda Pop,Resealable Bag v1,California,Low Fill,Call Center,2026-02-09T23:30:00,0.92,False,
c5c6e4cb-5e4e-45a6-bd5a-7f47673be7f2,Resealable Bag v2 - New Lid half empty - Soda Pop,Soda Pop,Resealable Bag v2 - New Lid,Texas,Low Fill,Email,2026-02-09T23:40:00,0.79,False,
11e350ae-b685-4bea-b872-8d76e1094dd2,Resealable Bag v1 half empty - Soda Pop,Soda Pop,Resealable Bag v1,Pacific Northwest,Low Fill,Call Center,2026-02-09T23:43:00,0.89,False,
64fcf997-60ca-48a5-ad21-a9bf09ad2262,Resealable Bag v2 - New Lid leaking in transit to Midwest,Soda Pop,Resealable Bag v2 - New Lid,Midwest,Leaking,Twitter,2026-02-09T23:59:00,0.61,False,
de97c859-5850-47e3-adc0-a2611939066a,Resealable Bag v2 - New Lid leaking in transit to Midwest,Cookies Pack,Resealable Bag v2 - New Lid,Midwest,Leaking,Email,2026-02-10T00:03:00,0.92,False,
8099f811-97a4-4641-828d-394a9d1893b2,Opened Soda Pop and it was stale,Soda Pop,Resealable Bag v1,California,Stale Taste,Amazon Review,2026-02-10T00:17:00,0.74,False,
d5b9299f-9b87-402b-811c-d2fe40a6ce4d,Box crushed in shipping to Pacific Northwest,Crunchy Chips,Box 200g,Pacific Northwest,Damaged Pack,Twitter,2026-02-10T00:24:00,0.77,False,
c805fc7b-5516-4919-b79a-a606573f9edb,New lid on Can 330ml doesn't seal properly,Cookies Pack,Can 330ml,Pacific Northwest,Seal Failure,Amazon Review,2026-02-10T00:24:00,0.61,False,
42baf2be-88fa-44ad-8b6b-3006470b7a77,Box crushed in shipping to California,Cookies Pack,Resealable Bag v2 - New Lid,California,Damaged Pack,Email,2026-02-10T00:37:00,0.81,False,
764b3f35-fa39-4b53-b829-8de9bc491cd8,Resealable Bag v2 - New Lid half empty - Granola Bar,Granola Bar,Resealable Bag v2 - New Lid,Northeast,Low Fill,Amazon Review,2026-02-10T00:40:00,0.66,False,
154329b2-dc6e-482f-951f-3906244ab67f,Resealable Bag v1 leaking in transit to Northeast,Granola Bar,Resealable Bag v1,Northeast,Leaking,Email,2026-02-10T00:41:00,0.75,False,
e87cd838-9b2c-4fc8-be8b-ccd198aa0039,Resealable Resealable Bag v2 - New Lid failed to close - Midwest,Crunchy Chips,Resealable Bag v2 - New Lid,Midwest,Seal Failure,Call Center,2026-02-10T00:44:00,0.72,False,
6ca3b704-0254-49ea-b801-409e1ee73c2e,Resealable Box 200g failed to close - Texas,Cookies Pack,Box 200g,Texas,Seal Failure,Amazon Review,2026-02-10T00:46:00,0.78,False,
64bec547-8211-4e8a-a677-0923c838af9f,Resealable Box 200g failed to close - Pacific Northwest,Cookies Pack,Box 200g,Pacific Northwest,Seal Failure,Call Center,2026-02-10T00:50:00,0.89,False,
a23985ab-e206-4f52-a927-fdc7a540ad6a,Box 200g arrived torn,Granola Bar,Box 200g,Midwest,Damaged Pack,Email,2026-02-10T00:53:00,0.86,False,
b85854fd-7702-49b5-a2e3-8da4c2acbe7b,New lid on Resealable Bag v2 - New Lid doesn't seal properly,Cookies Pack,Resealable Bag v2 - New Lid,Midwest,Seal Failure,Email,2026-02-10T01:12:00,0.64,False,
76dd5d1f-411b-446d-9011-9ec98bdd49b5,"The Can 330ml won't close, goes stale in Midwest",Cookies Pack,Can 330ml,Midwest,Seal Failure,Call Center,2026-02-10T01:14:00,0.89,False,
5e9f323c-1826-440c-a84d-5874d85bffb7,Box crushed in shipping to Texas,Crunchy Chips,Can 330ml,Texas,Damaged Pack,Call Center,2026-02-10T01:45:00,0.66,False,
68c3dd84-283b-4e46-a537-b20ab315018a,Box 200g leaking in transit to California,Cookies Pack,Box 200g,California,Leaking,Call Center,2026-02-10T02:00:00,0.78,False,
4bf4bd20-db24-41b0-86e7-e0383c10fc22,"The Can 330ml won't close, goes stale in California",Granola Bar,Can 330ml,California,Seal Failure,Call Center,2026-02-10T02:12:00,0.84,False,
8cd084a0-5b90-4ab4-914e-43431984eec8,Stale Crunchy Chips in Resealable Bag v2 - New Lid,Crunchy Chips,Resealable Bag v2 - New Lid,Midwest,Stale Taste,Call Center,2026-02-10T02:14:00,0.68,False,
3f445281-6f02-4d0d-9b50-668e37b41701,Granola Bar tastes stale from Texas,Granola Bar,Resealable Bag v1,Texas,Stale Taste,Amazon Review,2026-02-10T02:18:00,0.81,False,
c1a69fe1-dfc6-4ad6-8c1e-c0eed0ca831e,Ordered Cookies Pack got wrong flavor,Cookies Pack,Resealable Bag v2 - New Lid,Pacific Northwest,Wrong Flavor,Amazon Review,2026-02-10T02:24:00,0.85,False,
13c32b23-a18b-42e3-84f2-9b21326d975c,"The Box 200g won't close, goes stale in California",Cookies Pack,Box 200g,California,Seal Failure,Email,2026-02-10T02:30:00,0.91,False,
80f60f17-8ebe-467e-8cc2-1e1c2aecd87b,Box crushed in shipping to Midwest,Soda Pop,Can 330ml,Midwest,Damaged Pack,Twitter,2026-02-10T02:36:00,0.94,False,
81b212c4-a793-4757-a425-2593e5a08ae8,Cookies Pack tastes stale from Northeast,Cookies Pack,Can 330ml,Northeast,Stale Taste,Email,2026-02-10T02:52:00,0.92,False,
01a09119-562a-442b-9431-a4589b514b74,Opened Granola Bar and it was stale,Granola Bar,Can 330ml,Northeast,Stale Taste,Email,2026-02-10T02:57:00,0.8,False,
541c06cd-e586-400a-9803-fa87ae239bac,Box crushed in shipping to California,Cookies Pack,Box 200g,California,Damaged Pack,Twitter,2026-02-10T03:00:00,0.94,False,
039d00e2-bd28-4892-9014-849bb1767875,Opened Soda Pop and it was stale,Soda Pop,Can 330ml,Texas,Stale Taste,Call Center,2026-02-10T03:15:00,0.63,False,
4cd70f80-8a48-4d8a-9342-443c33825cce,Ordered Soda Pop got wrong flavor,Soda Pop,Resealable Bag v1,Midwest,Wrong Flavor,Twitter,2026-02-10T03:29:00,0.82,False,
f4d4d5f2-eafa-49e6-a5ca-957795243ad5,Box crushed in shipping to Midwest,Soda Pop,Can 330ml,Midwest,Damaged Pack,Twitter,2026-02-10T03:53:00,0.78,False,
89a25c50-63a6-41a1-a57e-a196d6cd470e,Resealable Bag v1 arrived torn,Cookies Pack,Resealable Bag v1,Pacific Northwest,Damaged Pack,Email,2026-02-10T03:57:00,0.85,False,
7697d657-59ac-491b-8129-39687c7a9332,Resealable Bag v2 - New Lid leaking in transit to California,Crunchy Chips,Resealable Bag v2 - New Lid,California,Leaking,Amazon Review,2026-02-10T04:32:00,0.87,False,
4748427d-65c3-4cc1-a949-a68ab852facc,Soda Pop tastes stale from Midwest,Soda Pop,Can 330ml,Midwest,Stale Taste,Email,2026-02-10T04:39:00,0.83,False,
484172e9-f86f-4d84-acf4-72ff4974564c,Resealable Bag v2 - New Lid half empty - Soda Pop,Soda Pop,Resealable Bag v2 - New Lid,Texas,Low Fill,Call Center,2026-02-10T04:42:00,0.77,False,
ea265796-22bc-4a3e-b0cb-44170ccb3989,Resealable Resealable Bag v1 failed to close - Pacific Northwest,Cookies Pack,Resealable Bag v1,Pacific Northwest,Seal Failure,Call Center,2026-02-10T04:48:00,0.9,False,
6499ae30-4948-4023-9723-863f7c6f4ca9,Box crushed in shipping to Pacific Northwest,Soda Pop,Resealable Bag v1,Pacific Northwest,Damaged Pack,Amazon Review,2026-02-10T04:56:00,0.92,False,
ac1901a6-8964-4161-8fc8-2a2185ab58cc,Resealable Resealable Bag v2 - New Lid failed to close - Pacific Northwest batch 100,Crunchy Chips,Resealable Bag v2 - New Lid,Pacific Northwest,Seal Failure,Call Center,2026-02-10T05:00:00,0.9,True,PLANTED_001_PNW_NEW_LID_SEAL
38604f9f-ec3d-4be2-929b-77b1f3aedf0f,"The Resealable Bag v1 won't close, goes stale in Pacific Northwest",Cookies Pack,Resealable Bag v1,Pacific Northwest,Seal Failure,Email,2026-02-10T05:18:00,0.82,False,
f5d39f20-4533-4dc1-87e9-f842bb158f2d,Stale Crunchy Chips in Resealable Bag v2 - New Lid,Crunchy Chips,Resealable Bag v2 - New Lid,Texas,Stale Taste,Email,2026-02-10T05:23:00,0.92,False,
0a924f08-d317-4952-a565-4a0aff273f65,Ordered Granola Bar got wrong flavor,Granola Bar,Resealable Bag v2 - New Lid,Midwest,Wrong Flavor,Amazon Review,2026-02-10T05:26:00,0.74,False,
ac8344aa-6e1e-4dc3-a0b7-def84b133397,"The Resealable Bag v2 - New Lid won't close, goes stale in Midwest",Granola Bar,Resealable Bag v2 - New Lid,Midwest,Seal Failure,Amazon Review,2026-02-10T05:27:00,0.74,False,
7f1faff3-b1c3-43fe-ab66-4a4a674435d0,Resealable Bag v2 - New Lid leaking in transit to Midwest,Soda Pop,Resealable Bag v2 - New Lid,Midwest,Leaking,Call Center,2026-02-10T06:02:00,0.77,False,
ed469fc9-b688-42cd-a13c-600461450247,Ordered Soda Pop got wrong flavor,Soda Pop,Resealable Bag v1,Pacific Northwest,Wrong Flavor,Call Center,2026-02-10T06:29:00,0.67,False,
d2fdcb67-0d4f-4a8f-88c9-3647593ed7d5,Box crushed in shipping to Northeast,Granola Bar,Box 200g,Northeast,Damaged Pack,Amazon Review,2026-02-10T06:36:00,0.67,False,
bb92f351-c850-4c35-8204-8174380b1da3,Resealable Bag v1 half empty - Soda Pop,Soda Pop,Resealable Bag v1,California,Low Fill,Email,2026-02-10T06:39:00,0.94,False,
eb8ac8a4-0e38-4836-9957-9f2a61f31ce0,Can 330ml leaking in transit to Northeast,Cookies Pack,Can 330ml,Northeast,Leaking,Amazon Review,2026-02-10T06:42:00,0.67,False,
bd6128a7-6df5-41c9-a46d-257c9baadb58,Stale Soda Pop in Can 330ml,Soda Pop,Can 330ml,Pacific Northwest,Stale Taste,Twitter,2026-02-10T06:46:00,0.64,False,
f3fbb03c-e4fd-44fd-a550-494a87fb6051,Resealable Bag v2 - New Lid half empty - Cookies Pack,Cookies Pack,Resealable Bag v2 - New Lid,Northeast,Low Fill,Amazon Review,2026-02-10T06:51:00,0.76,False,
714e2340-f568-4443-899b-8eb264d5fd1c,New lid on Resealable Bag v2 - New Lid doesn't seal properly batch 102,Crunchy Chips,Resealable Bag v2 - New Lid,Pacific Northwest,Seal Failure,Call Center,2026-02-10T07:00:00,0.98,True,PLANTED_001_PNW_NEW_LID_SEAL
3abd080d-b860-4b2b-ba97-2f1f139a6d8f,Box 200g leaking in transit to Texas,Crunchy Chips,Box 200g,Texas,Leaking,Amazon Review,2026-02-10T07:11:00,0.75,False,
ff5c6d39-2b35-466f-b6f2-08c25cf51885,Ordered Soda Pop got wrong flavor,Soda Pop,Resealable Bag v2 - New Lid,California,Wrong Flavor,Call Center,2026-02-10T07:12:00,0.9,False,
33a8aef6-a063-4815-b96b-4c798eadc65a,Cookies Pack tastes stale from California,Cookies Pack,Box 200g,California,Stale Taste,Twitter,2026-02-10T07:16:00,0.74,False,
c9bbfab4-a419-4e69-9528-68f56a552c29,Soda Pop tastes stale from California,Soda Pop,Resealable Bag v2 - New Lid,California,Stale Taste,Twitter,2026-02-10T07:24:00,0.74,False,
0e074710-cf36-423c-be40-c3013bef0e7b,Ordered Soda Pop got wrong flavor,Soda Pop,Box 200g,Northeast,Wrong Flavor,Twitter,2026-02-10T07:25:00,0.72,False,
0c6f1a8b-2ffe-46cc-b5ae-55b3eb19b5f2,Box crushed in shipping to Pacific Northwest,Granola Bar,Box 200g,Pacific Northwest,Damaged Pack,Email,2026-02-10T07:34:00,0.71,False,
f57a1c28-eb74-449d-8edd-52a301ae2c8b,Resealable Bag v1 leaking in transit to Pacific Northwest,Cookies Pack,Resealable Bag v1,Pacific Northwest,Leaking,Twitter,2026-02-10T07:35:00,0.79,False,
7a27ce2c-1b60-4e8a-a08e-15a8b2e2b01f,Ordered Soda Pop got wrong flavor,Soda Pop,Resealable Bag v1,Midwest,Wrong Flavor,Call Center,2026-02-10T07:42:00,0.81,False,
31df8ed8-d0ff-450b-8257-30f0593eef44,Resealable Resealable Bag v2 - New Lid failed to close - Pacific Northwest batch 103,Crunchy Chips,Resealable Bag v2 - New Lid,Pacific Northwest,Seal Failure,Call Center,2026-02-10T08:00:00,0.97,True,PLANTED_001_PNW_NEW_LID_SEAL
41bd22af-79d6-40f2-8746-70704004cd2a,Ordered Soda Pop got wrong flavor,Soda Pop,Box 200g,Pacific Northwest,Wrong Flavor,Email,2026-02-10T08:21:00,0.73,False,
94da175e-900a-4f61-90eb-07a1fea98823,"The Box 200g won't close, goes stale in Northeast",Granola Bar,Box 200g,Northeast,Seal Failure,Call Center,2026-02-10T08:38:00,0.73,False,
55e2cabb-4571-4666-a241-9d93f63a5692,Ordered Crunchy Chips got wrong flavor,Crunchy Chips,Box 200g,Northeast,Wrong Flavor,Amazon Review,2026-02-10T08:38:00,0.78,False,
587012dc-4078-487e-8606-dad9a54699b8,Ordered Crunchy Chips got wrong flavor,Crunchy Chips,Resealable Bag v1,Northeast,Wrong Flavor,Email,2026-02-10T09:09:00,0.63,False,
0a5216d2-2f20-4791-852f-833d409c5567,Resealable Bag v1 leaking in transit to Pacific Northwest,Soda Pop,Resealable Bag v1,Pacific Northwest,Leaking,Twitter,2026-02-10T09:19:00,0.85,False,
f0a5a865-61ca-4c64-8ac4-7a5e06133e2e,Box 200g leaking in transit to Northeast,Crunchy Chips,Box 200g,Northeast,Leaking,Call Center,2026-02-10T09:30:00,0.78,False,
18b7ee36-9707-4db3-85bd-8db20506f425,Can 330ml arrived torn,Soda Pop,Can 330ml,Texas,Damaged Pack,Amazon Review,2026-02-10T09:33:00,0.95,False,
3e581143-b403-40f5-84f8-4a2e839b2288,Opened Soda Pop and it was stale,Soda Pop,Resealable Bag v1,Texas,Stale Taste,Call Center,2026-02-10T09:42:00,0.7,False,
5e87479f-8134-40c1-9979-49684b3e09ae,New lid on Can 330ml doesn't seal properly,Crunchy Chips,Can 330ml,Texas,Seal Failure,Amazon Review,2026-02-10T09:53:00,0.66,False,
16ae377d-2699-4eb9-b7e5-983146b15f3f,New lid on Resealable Bag v2 - New Lid doesn't seal properly batch 102,Crunchy Chips,Resealable Bag v2 - New Lid,Pacific Northwest,Seal Failure,Call Center,2026-02-10T10:00:00,0.94,True,PLANTED_001_PNW_NEW_LID_SEAL
6f64c300-faab-4b83-a20c-beeefdb99ce1,Ordered Soda Pop got wrong flavor,Soda Pop,Resealable Bag v1,Texas,Wrong Flavor,Amazon Review,2026-02-10T10:21:00,0.8,False,
9e3aa80a-c417-4198-acb8-c48d1fd20cb6,Opened Soda Pop and it was stale,Soda Pop,Box 200g,Midwest,Stale Taste,Email,2026-02-10T10:31:00,0.73,False,
9b722b12-b613-4b0b-aec0-2a251d737bcc,Resealable Resealable Bag v2 - New Lid failed to close - Texas,Granola Bar,Resealable Bag v2 - New Lid,Texas,Seal Failure,Twitter,2026-02-10T10:39:00,0.84,False,
3d2bf157-f137-4ff3-a3c7-e5c0369e36fc,Resealable Bag v1 leaking in transit to California,Crunchy Chips,Resealable Bag v1,California,Leaking,Email,2026-02-10T10:40:00,0.62,False,
de2df97c-c763-4d04-b708-f7d1dadfd0c9,New lid on Resealable Bag v1 doesn't seal properly,Soda Pop,Resealable Bag v1,Pacific Northwest,Seal Failure,Amazon Review,2026-02-10T10:51:00,0.89,False,
6b673810-c98e-4449-b73c-be8617b89e3c,Ordered Soda Pop got wrong flavor,Soda Pop,Resealable Bag v1,California,Wrong Flavor,Twitter,2026-02-10T10:56:00,0.92,False,
9198044b-34a4-454e-b169-1eabcec95c82,Ordered Cookies Pack got wrong flavor,Cookies Pack,Box 200g,Texas,Wrong Flavor,Amazon Review,2026-02-10T11:05:00,0.72,False,
b3775d45-9006-45d8-aa4f-93058b402aac,Resealable Can 330ml failed to close - Pacific Northwest,Cookies Pack,Can 330ml,Pacific Northwest,Seal Failure,Twitter,2026-02-10T11:10:00,0.88,False,
2df0762c-61f1-4a0a-a477-831658c4dd14,Ordered Cookies Pack got wrong flavor,Cookies Pack,Can 330ml,Northeast,Wrong Flavor,Amazon Review,2026-02-10T11:26:00,0.95,False,
147f1277-13d1-43b7-8d31-1cdf45e530a1,Ordered Granola Bar got wrong flavor,Granola Bar,Can 330ml,Texas,Wrong Flavor,Email,2026-02-10T11:28:00,0.69,False,
86c3beca-f55b-475e-a143-d34a75028721,Box crushed in shipping to California,Cookies Pack,Box 200g,California,Damaged Pack,Call Center,2026-02-10T11:30:00,0.83,False,
81cec917-9353-44b1-a9b1-d72effc2e7ef,Box crushed in shipping to Pacific Northwest,Granola Bar,Box 200g,Pacific Northwest,Damaged Pack,Twitter,2026-02-10T11:35:00,0.77,False,
10f8a71c-05da-49eb-a727-378ad78d2bff,Box 200g half empty - Cookies Pack,Cookies Pack,Box 200g,Texas,Low Fill,Call Center,2026-02-10T11:41:00,0.86,False,
5c3aada1-7ce0-40e7-830f-000c73495978,Opened Crunchy Chips and it was stale,Crunchy Chips,Resealable Bag v2 - New Lid,Pacific Northwest,Stale Taste,Amazon Review,2026-02-10T11:46:00,0.69,False,
56ef274a-2af5-4ae5-9a42-0f85c8d081f3,Cookies Pack tastes stale from Northeast,Cookies Pack,Resealable Bag v2 - New Lid,Northeast,Stale Taste,Amazon Review,2026-02-10T11:54:00,0.65,False,
8088ccbf-b63b-45cb-b11b-8efff408eedb,Crunchy Chips tastes stale from California,Crunchy Chips,Resealable Bag v1,California,Stale Taste,Email,2026-02-10T12:09:00,0.64,False,
8c76c4e4-20d2-4322-ad29-8d85d760d5f0,Box crushed in shipping to Texas,Granola Bar,Resealable Bag v2 - New Lid,Texas,Damaged Pack,Call Center,2026-02-10T12:17:00,0.73,False,
82ca9e90-6c18-4286-8595-d1e55610e970,Box crushed in shipping to Texas,Crunchy Chips,Resealable Bag v2 - New Lid,Texas,Damaged Pack,Amazon Review,2026-02-10T12:18:00,0.75,False,
8a92d107-c7e9-4c25-a90f-fad353667d21,Stale Crunchy Chips in Resealable Bag v1,Crunchy Chips,Resealable Bag v1,California,Stale Taste,Call Center,2026-02-10T12:23:00,0.92,False,
cfb08d1c-5c9d-4218-a885-9581a97cb265,Opened Cookies Pack and it was stale,Cookies Pack,Resealable Bag v2 - New Lid,Texas,Stale Taste,Amazon Review,2026-02-10T12:39:00,0.73,False,
c9ededed-0051-4d58-96af-3d7df6ed3022,"The Resealable Bag v1 won't close, goes stale in Midwest",Granola Bar,Resealable Bag v1,Midwest,Seal Failure,Twitter,2026-02-10T12:45:00,0.8,False,
693ec48d-259a-42a9-ae70-3a87182db0e8,Can 330ml leaking in transit to Pacific Northwest,Granola Bar,Can 330ml,Pacific Northwest,Leaking,Twitter,2026-02-10T12:45:00,0.75,False,
8062daf3-e2de-467b-947d-b4b72c0e9a58,Resealable Bag v1 half empty - Granola Bar,Granola Bar,Resealable Bag v1,California,Low Fill,Call Center,2026-02-10T12:47:00,0.81,False,
25612482-3485-4c89-b90a-505d25aaed5f,Box crushed in shipping to California,Crunchy Chips,Can 330ml,California,Damaged Pack,Amazon Review,2026-02-10T13:15:00,0.73,False,
c1b4b393-2916-42b5-b188-e1c421c71d61,Box 200g leaking in transit to Midwest,Cookies Pack,Box 200g,Midwest,Leaking,Amazon Review,2026-02-10T13:16:00,0.64,False,
4fcd3649-d3ae-4e64-92aa-6c611e116487,Resealable Bag v1 leaking in transit to Pacific Northwest,Soda Pop,Resealable Bag v1,Pacific Northwest,Leaking,Twitter,2026-02-10T13:16:00,0.73,False,
c43417e4-bba3-4f50-aa58-fbd0ebb3b925,"The Resealable Bag v1 won't close, goes stale in Northeast",Soda Pop,Resealable Bag v1,Northeast,Seal Failure,Twitter,2026-02-10T13:20:00,0.83,False,
68f4c876-c5ab-456a-9172-69310ee2d1da,Stale Granola Bar in Resealable Bag v2 - New Lid,Granola Bar,Resealable Bag v2 - New Lid,Pacific Northwest,Stale Taste,Call Center,2026-02-10T13:36:00,0.78,False,
d05ec88c-ef08-4801-96a8-8944bd254d46,Resealable Bag v2 - New Lid leaking in transit to Pacific Northwest,Crunchy Chips,Resealable Bag v2 - New Lid,Pacific Northwest,Leaking,Call Center,2026-02-10T13:58:00,0.93,False,
f106afdd-2187-4538-b151-89e8f84ec7e6,Can 330ml arrived torn,Granola Bar,Can 330ml,Northeast,Damaged Pack,Twitter,2026-02-10T14:02:00,0.91,False,
f6f3f5d5-0afb-441f-88d1-4b23507eb4be,Opened Soda Pop and it was stale,Soda Pop,Box 200g,Texas,Stale Taste,Twitter,2026-02-10T14:16:00,0.91,False,
8df6b8fa-eba3-4461-9918-653c019ca23b,Can 330ml arrived torn,Crunchy Chips,Can 330ml,Northeast,Damaged Pack,Twitter,2026-02-10T14:32:00,0.65,False,
3ea785a0-e4cb-4d1b-a8f4-c291e846990f,Box crushed in shipping to Northeast,Cookies Pack,Resealable Bag v2 - New Lid,Northeast,Damaged Pack,Call Center,2026-02-10T14:40:00,0.65,False,
e1098f84-a324-4743-abe6-5d0b6ac6c6c0,Box crushed in shipping to Midwest,Granola Bar,Resealable Bag v1,Midwest,Damaged Pack,Amazon Review,2026-02-10T14:44:00,0.83,False,
88867b74-db26-4755-98ca-d529dd0c160a,Box 200g leaking in transit to Texas,Soda Pop,Box 200g,Texas,Leaking,Call Center,2026-02-10T15:38:00,0.71,False,
3f983715-42b4-49c7-a82f-b2319a94e5ee,Resealable Bag v1 leaking in transit to Texas,Soda Pop,Resealable Bag v1,Texas,Leaking,Call Center,2026-02-10T15:43:00,0.82,False,
fa098051-bb9a-403c-af2d-d5e2bc6d1995,Resealable Can 330ml failed to close - Midwest,Crunchy Chips,Can 330ml,Midwest,Seal Failure,Email,2026-02-10T16:05:00,0.71,False,
0f45ddaf-29d4-41ac-a70e-d7ad164ba063,Resealable Bag v2 - New Lid arrived torn,Soda Pop,Resealable Bag v2 - New Lid,Northeast,Damaged Pack,Amazon Review,2026-02-10T16:16:00,0.91,False,
6647b6cc-dc50-4b82-b82a-a601ff3b1458,Resealable Bag v2 - New Lid arrived torn,Soda Pop,Resealable Bag v2 - New Lid,Northeast,Damaged Pack,Call Center,2026-02-10T16:19:00,0.78,False,
782d3710-d4fb-461f-9471-0ed4eeb637d0,Resealable Bag v1 arrived torn,Granola Bar,Resealable Bag v1,California,Damaged Pack,Twitter,2026-02-10T16:39:00,0.77,False,
f8818d43-a02b-496c-95a7-21b979d35c59,Can 330ml leaking in transit to California,Crunchy Chips,Can 330ml,California,Leaking,Twitter,2026-02-10T16:56:00,0.77,False,
c0b9c43a-ee40-4634-b92a-49fd302df069,"The Resealable Bag v2 - New Lid won't close, goes stale in Pacific Northwest batch 103",Crunchy Chips,Resealable Bag v2 - New Lid,Pacific Northwest,Seal Failure,Call Center,2026-02-10T17:00:00,0.98,True,PLANTED_001_PNW_NEW_LID_SEAL
85ad3e8f-4892-48a7-8d60-eb00855e8672,Resealable Bag v2 - New Lid leaking in transit to Northeast,Crunchy Chips,Resealable Bag v2 - New Lid,Northeast,Leaking,Email,2026-02-10T17:04:00,0.83,False,
b69eeb9f-2d67-4784-a93d-4273177d9668,Resealable Can 330ml failed to close - Midwest,Soda Pop,Can 330ml,Midwest,Seal Failure,Twitter,2026-02-10T17:14:00,0.68,False,
22571433-4e71-40cc-aedd-aba5af80695c,Opened Granola Bar and it was stale,Granola Bar,Resealable Bag v1,Texas,Stale Taste,Amazon Review,2026-02-10T17:16:00,0.93,False,
f6140ece-a4f7-4b39-864d-c6675c48bf70,"The Resealable Bag v1 won't close, goes stale in California",Cookies Pack,Resealable Bag v1,California,Seal Failure,Twitter,2026-02-10T17:34:00,0.73,False,
de4b85d9-e197-41e4-9324-18ce4a39e54d,Ordered Granola Bar got wrong flavor,Granola Bar,Resealable Bag v1,Pacific Northwest,Wrong Flavor,Amazon Review,2026-02-10T17:35:00,0.61,False,
0849d1f9-0271-4af4-b2c6-07bca097d790,Resealable Bag v2 - New Lid half empty - Soda Pop,Soda Pop,Resealable Bag v2 - New Lid,Pacific Northwest,Low Fill,Email,2026-02-10T17:46:00,0.68,False,
168dcd78-b48a-46ae-9c9d-fc0804e62bc8,Ordered Soda Pop got wrong flavor,Soda Pop,Resealable Bag v1,Texas,Wrong Flavor,Email,2026-02-10T18:06:00,0.68,False,
2a41f290-f99d-441e-81d7-1fb402f0f65b,Ordered Granola Bar got wrong flavor,Granola Bar,Resealable Bag v2 - New Lid,Northeast,Wrong Flavor,Call Center,2026-02-10T18:09:00,0.86,False,
15e3b9b9-1f17-4b60-ad8d-18629166657a,Resealable Can 330ml failed to close - Texas,Crunchy Chips,Can 330ml,Texas,Seal Failure,Twitter,2026-02-10T18:12:00,0.64,False,
4ca7e114-a4a9-4717-b1d4-07b95e4436e7,Resealable Box 200g failed to close - Northeast,Cookies Pack,Box 200g,Northeast,Seal Failure,Twitter,2026-02-10T18:24:00,0.73,False,
a5707211-a8c4-4bce-9522-cf8e7b9437f5,Resealable Bag v2 - New Lid leaking in transit to Midwest,Crunchy Chips,Resealable Bag v2 - New Lid,Midwest,Leaking,Twitter,2026-02-10T18:52:00,0.72,False,
70a72515-ca85-47ca-895c-3c22db13e0d9,New lid on Resealable Bag v1 doesn't seal properly,Soda Pop,Resealable Bag v1,Pacific Northwest,Seal Failure,Twitter,2026-02-10T18:53:00,0.75,False,
bb2ec20f-87f3-4f00-8f03-d658c35bb0e3,Can 330ml leaking in transit to Texas,Cookies Pack,Can 330ml,Texas,Leaking,Twitter,2026-02-10T19:25:00,0.63,False,
ad6966e2-932e-4b99-bf57-e103a328dd85,New lid on Resealable Bag v2 - New Lid doesn't seal properly,Cookies Pack,Resealable Bag v2 - New Lid,Texas,Seal Failure,Call Center,2026-02-10T19:31:00,0.77,False,
9f4fe8da-03b2-45bf-acbe-d9a55d9eee42,Resealable Resealable Bag v1 failed to close - Pacific Northwest,Soda Pop,Resealable Bag v1,Pacific Northwest,Seal Failure,Twitter,2026-02-10T19:44:00,0.75,False,
0a1440b2-e87a-4745-869e-5582aff1edad,"The Box 200g won't close, goes stale in Northeast",Crunchy Chips,Box 200g,Northeast,Seal Failure,Amazon Review,2026-02-10T19:51:00,0.9,False,
702ae6ce-fb25-4860-a420-16c1a7cd24df,Resealable Bag v1 half empty - Crunchy Chips,Crunchy Chips,Resealable Bag v1,Texas,Low Fill,Amazon Review,2026-02-10T20:24:00,0.63,False,
4721cdf4-42ce-46ed-94be-025d03b484ad,Ordered Soda Pop got wrong flavor,Soda Pop,Box 200g,Texas,Wrong Flavor,Twitter,2026-02-10T20:40:00,0.73,False,
bbd9ab67-aadf-429c-845b-632f0cbafc04,Resealable Box 200g failed to close - Midwest,Crunchy Chips,Box 200g,Midwest,Seal Failure,Call Center,2026-02-10T20:43:00,0.65,False,
1145c522-263d-46bd-9ecf-d41e30c93ebc,Can 330ml half empty - Crunchy Chips,Crunchy Chips,Can 330ml,Pacific Northwest,Low Fill,Twitter,2026-02-10T20:44:00,0.89,False,
65832bd0-943a-486f-886a-44d3c37f7bd8,New lid on Resealable Bag v2 - New Lid doesn't seal properly,Granola Bar,Resealable Bag v2 - New Lid,Texas,Seal Failure,Call Center,2026-02-10T21:10:00,0.9,False,
61e6422a-bc39-470e-a4e5-946c1d7dfc02,Soda Pop tastes stale from Midwest,Soda Pop,Can 330ml,Midwest,Stale Taste,Email,2026-02-10T21:11:00,0.9,False,
a58ad03b-c398-437e-82e4-9f91b6618d41,Crunchy Chips tastes stale from Northeast,Crunchy Chips,Resealable Bag v2 - New Lid,Northeast,Stale Taste,Call Center,2026-02-10T21:21:00,0.7,False,
3d6f7bde-4821-404b-b791-fd6af22fb8f7,Stale Cookies Pack in Can 330ml,Cookies Pack,Can 330ml,Northeast,Stale Taste,Call Center,2026-02-10T21:27:00,0.61,False,
28ab6f2c-6a48-461d-8e35-4c79c6456da9,Box crushed in shipping to Texas,Cookies Pack,Can 330ml,Texas,Damaged Pack,Email,2026-02-10T21:37:00,0.62,False,
f5a5b3a7-d865-4fb2-be6c-270cdb6c7f4a,"The Box 200g won't close, goes stale in Midwest",Soda Pop,Box 200g,Midwest,Seal Failure,Email,2026-02-10T21:38:00,0.85,False,
bf8e6ffb-5310-4f0b-8a12-ab83b0f89c35,Resealable Bag v1 half empty - Cookies Pack,Cookies Pack,Resealable Bag v1,California,Low Fill,Email,2026-02-10T21:38:00,0.63,False,
ec58c784-acd3-4ff0-9692-7dd661030229,Box 200g half empty - Cookies Pack,Cookies Pack,Box 200g,Pacific Northwest,Low Fill,Amazon Review,2026-02-10T21:48:00,0.91,False,
b3093b39-1bf5-471e-a5ae-63a9cf3691de,Resealable Bag v1 half empty - Cookies Pack,Cookies Pack,Resealable Bag v1,California,Low Fill,Twitter,2026-02-10T21:51:00,0.63,False,
418aab31-6bb9-40cb-bcad-464460943d1c,"The Resealable Bag v1 won't close, goes stale in Texas",Cookies Pack,Resealable Bag v1,Texas,Seal Failure,Amazon Review,2026-02-10T21:54:00,0.94,False,
a387f989-e168-4fbd-a486-b321e4cc38a3,Can 330ml arrived torn,Crunchy Chips,Can 330ml,Midwest,Damaged Pack,Amazon Review,2026-02-10T22:05:00,0.88,False,
e299425f-38c0-41ab-933c-534e9d730913,Ordered Cookies Pack got wrong flavor,Cookies Pack,Box 200g,Northeast,Wrong Flavor,Call Center,2026-02-10T22:06:00,0.77,False,
ee39accd-a6f2-4e69-8a45-399239774ee7,Resealable Bag v2 - New Lid leaking in transit to Pacific Northwest,Cookies Pack,Resealable Bag v2 - New Lid,Pacific Northwest,Leaking,Amazon Review,2026-02-10T22:17:00,0.8,False,
3d8cecff-0774-4526-b1e8-2cd78c7eda7a,Box 200g half empty - Crunchy Chips,Crunchy Chips,Box 200g,Pacific Northwest,Low Fill,Twitter,2026-02-10T22:20:00,0.8,False,
5475be31-f9f3-4674-beaa-8b82f43ec280,Stale Granola Bar in Can 330ml,Granola Bar,Can 330ml,California,Stale Taste,Amazon Review,2026-02-10T22:20:00,0.88,False,
80c3acc3-ad43-496e-acb6-b50d1cc53414,Box 200g half empty - Soda Pop,Soda Pop,Box 200g,Pacific Northwest,Low Fill,Twitter,2026-02-10T22:31:00,0.63,False,
84431ed0-2637-4f8c-8fd0-aa849b195aa0,Resealable Box 200g failed to close - Northeast,Granola Bar,Box 200g,Northeast,Seal Failure,Amazon Review,2026-02-10T22:32:00,0.92,False,
1c83ae04-4570-4ed0-8880-6e013df5a821,Resealable Bag v1 arrived torn,Granola Bar,Resealable Bag v1,California,Damaged Pack,Call Center,2026-02-10T22:36:00,0.8,False,
f72a619e-f8df-48bf-9a81-5433626458f0,Ordered Crunchy Chips got wrong flavor,Crunchy Chips,Resealable Bag v1,California,Wrong Flavor,Call Center,2026-02-10T22:37:00,0.92,False,
ab6ee8e9-f238-4171-9d0d-a5336ac8e0b5,Opened Cookies Pack and it was stale,Cookies Pack,Box 200g,California,Stale Taste,Email,2026-02-10T22:41:00,0.94,False,
18708165-657c-4cc6-a47e-d3744fe44aac,Resealable Bag v2 - New Lid half empty - Crunchy Chips,Crunchy Chips,Resealable Bag v2 - New Lid,Northeast,Low Fill,Twitter,2026-02-10T22:55:00,0.88,False,
f1f2e4cd-e367-4c73-b67d-5782e5209fbf,Box 200g leaking in transit to Northeast,Crunchy Chips,Box 200g,Northeast,Leaking,Twitter,2026-02-10T23:09:00,0.68,False,
c8705b1f-8c4a-4793-b916-1a04680ab0a9,Ordered Cookies Pack got wrong flavor,Cookies Pack,Resealable Bag v1,Texas,Wrong Flavor,Email,2026-02-10T23:28:00,0.65,False,
6e5aaf69-ec87-4f29-85e4-bfa17cd0ffbc,Ordered Cookies Pack got wrong flavor,Cookies Pack,Resealable Bag v1,Pacific Northwest,Wrong Flavor,Email,2026-02-10T23:32:00,0.85,False,
27629d23-ab63-45be-81fe-9dbb5165b968,Stale Soda Pop in Can 330ml,Soda Pop,Can 330ml,California,Stale Taste,Email,2026-02-10T23:36:00,0.85,False,
4a2f20f1-0049-498e-ad90-3b333a6ffadc,Resealable Bag v2 - New Lid half empty - Crunchy Chips,Crunchy Chips,Resealable Bag v2 - New Lid,Texas,Low Fill,Twitter,2026-02-10T23:43:00,0.7,False,
3121385e-cf79-4d06-8a19-419bbb764f72,Ordered Crunchy Chips got wrong flavor,Crunchy Chips,Box 200g,Pacific Northwest,Wrong Flavor,Twitter,2026-02-10T23:51:00,0.74,False,
a3ead40e-3b7f-4d8b-b91e-6afdbe4380f5,Box crushed in shipping to Northeast,Cookies Pack,Resealable Bag v2 - New Lid,Northeast,Damaged Pack,Call Center,2026-02-10T23:52:00,0.76,False,
831beee7-9873-45f5-9b87-d103a1c4f5d3,Ordered Soda Pop got wrong flavor,Soda Pop,Can 330ml,Midwest,Wrong Flavor,Amazon Review,2026-02-11T00:11:00,0.72,False,
73363350-9679-4aa9-aa23-804804c634ca,Resealable Bag v1 half empty - Cookies Pack,Cookies Pack,Resealable Bag v1,Midwest,Low Fill,Call Center,2026-02-11T00:28:00,0.83,False,
283a0325-23b0-4dce-b26a-509a6c9382ac,Resealable Bag v1 half empty - Granola Bar,Granola Bar,Resealable Bag v1,Texas,Low Fill,Amazon Review,2026-02-11T00:28:00,0.75,False,
b7a8dd58-1331-44b6-97ff-28cec1d85855,Stale Granola Bar in Can 330ml,Granola Bar,Can 330ml,Northeast,Stale Taste,Call Center,2026-02-11T00:36:00,0.62,False,
024463a0-5a0c-4502-8119-6d806539ede3,Resealable Bag v2 - New Lid half empty - Cookies Pack,Cookies Pack,Resealable Bag v2 - New Lid,California,Low Fill,Amazon Review,2026-02-11T00:39:00,0.85,False,
1fab63bf-03a4-4b3e-ae59-fcdd5fb3a2b1,Ordered Soda Pop got wrong flavor,Soda Pop,Resealable Bag v2 - New Lid,Pacific Northwest,Wrong Flavor,Call Center,2026-02-11T00:45:00,0.76,False,
fe0152a8-2aad-47cf-b97d-053d04cc4808,Opened Cookies Pack and it was stale,Cookies Pack,Can 330ml,Pacific Northwest,Stale Taste,Call Center,2026-02-11T00:50:00,0.72,False,
6d8b41fb-c091-479c-8de9-942358c02702,Ordered Crunchy Chips got wrong flavor,Crunchy Chips,Resealable Bag v2 - New Lid,Midwest,Wrong Flavor,Amazon Review,2026-02-11T00:58:00,0.88,False,
5700d624-dcd9-4fca-aafa-755d1bf070b6,Box 200g leaking in transit to Texas,Soda Pop,Box 200g,Texas,Leaking,Call Center,2026-02-11T01:04:00,0.8,False,
b5806a4a-90c5-457a-9292-f2ca378ab507,"The Box 200g won't close, goes stale in Northeast",Soda Pop,Box 200g,Northeast,Seal Failure,Twitter,2026-02-11T01:04:00,0.64,False,
bb3e6619-8f84-458c-abb3-1337c95f47b6,New lid on Resealable Bag v1 doesn't seal properly,Soda Pop,Resealable Bag v1,Pacific Northwest,Seal Failure,Amazon Review,2026-02-11T01:09:00,0.71,False,
a4555943-27cb-4e32-a844-f5b6efa06d40,Ordered Cookies Pack got wrong flavor,Cookies Pack,Resealable Bag v2 - New Lid,Texas,Wrong Flavor,Amazon Review,2026-02-11T01:30:00,0.85,False,
94b5aa66-5c66-4d71-88a7-5d39223ab1ee,Ordered Soda Pop got wrong flavor,Soda Pop,Box 200g,Pacific Northwest,Wrong Flavor,Call Center,2026-02-11T01:37:00,0.77,False,
ba53e596-0226-4f3a-bde3-5ee2b262aaa0,Resealable Bag v2 - New Lid half empty - Soda Pop,Soda Pop,Resealable Bag v2 - New Lid,Northeast,Low Fill,Call Center,2026-02-11T01:40:00,0.69,False,
b9e84e32-2fc9-4c73-8282-69d859e7f17c,Resealable Can 330ml failed to close - Pacific Northwest,Granola Bar,Can 330ml,Pacific Northwest,Seal Failure,Call Center,2026-02-11T01:47:00,0.78,False,
3549e11d-b8ff-403e-a78b-08cff9b2c7b6,Box 200g half empty - Soda Pop,Soda Pop,Box 200g,Pacific Northwest,Low Fill,Call Center,2026-02-11T02:34:00,0.75,False,
cddc0932-c50c-40f2-8fd2-ddfee478636a,Box crushed in shipping to Northeast,Cookies Pack,Resealable Bag v2 - New Lid,Northeast,Damaged Pack,Twitter,2026-02-11T02:50:00,0.83,False,
b9db89cb-a702-4c7a-be20-b7a20969c56e,Resealable Bag v2 - New Lid leaking in transit to Northeast,Soda Pop,Resealable Bag v2 - New Lid,Northeast,Leaking,Call Center,2026-02-11T02:51:00,0.68,False,
cc011168-51e2-47c3-bb60-1492b4f6c69b,Can 330ml leaking in transit to Midwest,Soda Pop,Can 330ml,Midwest,Leaking,Call Center,2026-02-11T02:59:00,0.84,False,
45725b0d-341a-40b9-ba3d-a3ca8c900899,Box 200g leaking in transit to Texas,Cookies Pack,Box 200g,Texas,Leaking,Amazon Review,2026-02-11T03:27:00,0.84,False,
f0872595-03fb-4d03-b262-5656f5a5f570,Box crushed in shipping to Northeast,Granola Bar,Box 200g,Northeast,Damaged Pack,Amazon Review,2026-02-11T03:29:00,0.92,False,
a066529e-72f6-49f8-b51c-44acb88f87ed,Resealable Bag v2 - New Lid leaking in transit to Pacific Northwest,Granola Bar,Resealable Bag v2 - New Lid,Pacific Northwest,Leaking,Email,2026-02-11T03:37:00,0.79,False,
7c68394d-c5f0-4763-ad33-b417874aae00,Resealable Bag v2 - New Lid half empty - Granola Bar,Granola Bar,Resealable Bag v2 - New Lid,Texas,Low Fill,Twitter,2026-02-11T03:45:00,0.77,False,
3321e376-3b5a-4951-b7a8-7170204b18af,Ordered Crunchy Chips got wrong flavor,Crunchy Chips,Resealable Bag v2 - New Lid,Pacific Northwest,Wrong Flavor,Email,2026-02-11T03:49:00,0.72,False,
3d85a413-380d-44e0-93ee-61a64580c9a4,Opened Crunchy Chips and it was stale,Crunchy Chips,Resealable Bag v1,California,Stale Taste,Call Center,2026-02-11T03:51:00,0.86,False,
293bd73a-dbde-4cc0-8bbd-207f0e1963f7,Box 200g half empty - Cookies Pack,Cookies Pack,Box 200g,California,Low Fill,Email,2026-02-11T04:10:00,0.8,False,
b0e20746-5035-427e-9850-16cc1081722d,Opened Cookies Pack and it was stale,Cookies Pack,Resealable Bag v2 - New Lid,California,Stale Taste,Call Center,2026-02-11T04:30:00,0.94,False,
7470a69a-a53f-4113-9be8-fe76e7c19d04,Can 330ml leaking in transit to California,Crunchy Chips,Can 330ml,California,Leaking,Call Center,2026-02-11T05:10:00,0.77,False,
8978cf7c-9f0d-4417-83bd-9a172d6e4159,Resealable Bag v2 - New Lid half empty - Granola Bar,Granola Bar,Resealable Bag v2 - New Lid,Pacific Northwest,Low Fill,Call Center,2026-02-11T05:14:00,0.64,False,
a86e1516-a742-4896-99cd-efb412686fed,Resealable Bag v2 - New Lid half empty - Cookies Pack,Cookies Pack,Resealable Bag v2 - New Lid,Pacific Northwest,Low Fill,Email,2026-02-11T05:15:00,0.81,False,
c8b168b5-f197-43ef-832b-c386526a0a91,Box crushed in shipping to Midwest,Cookies Pack,Resealable Bag v1,Midwest,Damaged Pack,Call Center,2026-02-11T05:35:00,0.61,False,
f86222eb-b058-4c3c-babc-c8560b7dd496,Resealable Bag v1 half empty - Soda Pop,Soda Pop,Resealable Bag v1,California,Low Fill,Call Center,2026-02-11T05:37:00,0.64,False,
7e7aa060-53dd-4f5f-8f86-14c69f30943f,Opened Soda Pop and it was stale,Soda Pop,Can 330ml,Pacific Northwest,Stale Taste,Call Center,2026-02-11T05:51:00,0.73,False,
0877b118-1ca3-47f9-968f-d1d511cb8475,Box 200g leaking in transit to Texas,Cookies Pack,Box 200g,Texas,Leaking,Call Center,2026-02-11T05:58:00,0.67,False,
c128c69a-f757-40ac-b502-78b5ee3fdc4f,Resealable Bag v2 - New Lid half empty - Crunchy Chips,Crunchy Chips,Resealable Bag v2 - New Lid,Pacific Northwest,Low Fill,Email,2026-02-11T06:01:00,0.73,False,
bacbea29-ba36-4b71-8ef4-ff74fa5daa04,Can 330ml leaking in transit to Texas,Cookies Pack,Can 330ml,Texas,Leaking,Amazon Review,2026-02-11T06:11:00,0.84,False,
93758046-07f6-4992-9b23-45e54a17d894,Ordered Granola Bar got wrong flavor,Granola Bar,Can 330ml,Texas,Wrong Flavor,Twitter,2026-02-11T06:29:00,0.87,False,
bf35725b-b2ca-4296-a196-a02597388d3d,Opened Soda Pop and it was stale,Soda Pop,Can 330ml,Texas,Stale Taste,Twitter,2026-02-11T06:30:00,0.8,False,
7b95b77d-8db2-4cd3-a2e9-54f50b856c8a,New lid on Can 330ml doesn't seal properly,Soda Pop,Can 330ml,Pacific Northwest,Seal Failure,Amazon Review,2026-02-11T06:42:00,0.77,False,
cdddbcd5-d3df-4f32-ae9e-f7b7ec6183f6,Granola Bar tastes stale from Texas,Granola Bar,Can 330ml,Texas,Stale Taste,Amazon Review,2026-02-11T06:56:00,0.67,False,
41d327b9-0c96-4a80-98a5-4ed009eca3d6,"The Resealable Bag v2 - New Lid won't close, goes stale in Pacific Northwest batch 103",Crunchy Chips,Resealable Bag v2 - New Lid,Pacific Northwest,Seal Failure,Call Center,2026-02-11T07:00:00,0.85,True,PLANTED_001_PNW_NEW_LID_SEAL
07cc8889-ed87-47ad-a11d-3c5d251f89e2,Can 330ml half empty - Cookies Pack,Cookies Pack,Can 330ml,Midwest,Low Fill,Amazon Review,2026-02-11T07:14:00,0.71,False,
2fa842f9-7546-4e80-9515-0702eb8541f6,Box crushed in shipping to Pacific Northwest,Crunchy Chips,Box 200g,Pacific Northwest,Damaged Pack,Twitter,2026-02-11T07:20:00,0.69,False,
6303523b-d0e4-4be6-891b-f8ee5958315c,Opened Soda Pop and it was stale,Soda Pop,Resealable Bag v1,Northeast,Stale Taste,Amazon Review,2026-02-11T07:32:00,0.91,False,
011aabac-c6c7-4d24-a28b-679f0cfe254d,New lid on Resealable Bag v2 - New Lid doesn't seal properly,Crunchy Chips,Resealable Bag v2 - New Lid,Midwest,Seal Failure,Twitter,2026-02-11T07:43:00,0.81,False,
fa2bf75f-f488-4ead-8ea8-605434b48bad,Ordered Granola Bar got wrong flavor,Granola Bar,Resealable Bag v2 - New Lid,Midwest,Wrong Flavor,Email,2026-02-11T07:44:00,0.84,False,
bf299186-a30b-4c6d-8210-224ae0389c7c,Box 200g arrived torn,Soda Pop,Box 200g,Texas,Damaged Pack,Amazon Review,2026-02-11T08:05:00,0.88,False,
349f0ffe-77bf-46d0-9e2d-3997f8c9765b,Resealable Bag v1 half empty - Crunchy Chips,Crunchy Chips,Resealable Bag v1,California,Low Fill,Call Center,2026-02-11T08:08:00,0.74,False,
4db59dbb-2193-4a5e-a2aa-bb6aeecd2f57,Can 330ml half empty - Granola Bar,Granola Bar,Can 330ml,Northeast,Low Fill,Email,2026-02-11T08:18:00,0.7,False,
dbbda699-94c0-41b1-b39d-53bfbf04276a,New lid on Can 330ml doesn't seal properly,Cookies Pack,Can 330ml,Texas,Seal Failure,Twitter,2026-02-11T08:27:00,0.91,False,
298b928b-8e95-406e-9491-70d8685a7963,Can 330ml arrived torn,Soda Pop,Can 330ml,Northeast,Damaged Pack,Email,2026-02-11T08:35:00,0.65,False,
6ecf19c9-8f3e-4c31-8776-c28302eef4ec,Opened Cookies Pack and it was stale,Cookies Pack,Can 330ml,California,Stale Taste,Call Center,2026-02-11T08:38:00,0.76,False,
61a53481-722f-4074-969f-6bde5e6300fe,New lid on Resealable Bag v1 doesn't seal properly,Crunchy Chips,Resealable Bag v1,Pacific Northwest,Seal Failure,Email,2026-02-11T08:42:00,0.61,False,
b44b0ecd-ddf3-4376-b80c-ae02c7a2bf3d,Can 330ml arrived torn,Granola Bar,Can 330ml,California,Damaged Pack,Email,2026-02-11T09:15:00,0.79,False,
f6c4bfa2-cfd9-4e6d-a2bd-41d1c74397d3,Ordered Granola Bar got wrong flavor,Granola Bar,Can 330ml,Northeast,Wrong Flavor,Twitter,2026-02-11T09:16:00,0.95,False,
42b72154-4724-435e-800d-af8ee55d205a,Can 330ml arrived torn,Granola Bar,Can 330ml,California,Damaged Pack,Email,2026-02-11T09:18:00,0.82,False,
28a7bd00-4fc9-47d2-9ed3-8dda12f708c8,Ordered Crunchy Chips got wrong flavor,Crunchy Chips,Resealable Bag v2 - New Lid,Midwest,Wrong Flavor,Call Center,2026-02-11T09:21:00,0.86,False,
469fb6fb-c877-42e9-945d-5d5c66764162,Stale Soda Pop in Resealable Bag v2 - New Lid,Soda Pop,Resealable Bag v2 - New Lid,Pacific Northwest,Stale Taste,Email,2026-02-11T09:23:00,0.62,False,
47f825ff-fb3b-4f6e-bcb3-dcb59c3d76ec,Can 330ml half empty - Crunchy Chips,Crunchy Chips,Can 330ml,Pacific Northwest,Low Fill,Amazon Review,2026-02-11T09:30:00,0.62,False,
06f081a5-dc0e-4721-a5c4-eeedf351d5a3,New lid on Can 330ml doesn't seal properly,Granola Bar,Can 330ml,Midwest,Seal Failure,Call Center,2026-02-11T09:35:00,0.65,False,
08055bc8-ab3e-4962-b9c5-cd0ba096fc31,Ordered Crunchy Chips got wrong flavor,Crunchy Chips,Resealable Bag v1,Texas,Wrong Flavor,Email,2026-02-11T09:39:00,0.94,False,
382542af-bff4-410e-9dda-55411f0b83d4,Box 200g half empty - Crunchy Chips,Crunchy Chips,Box 200g,Pacific Northwest,Low Fill,Call Center,2026-02-11T09:40:00,0.62,False,
b98608a8-8142-4d81-92fd-45664a462610,Resealable Bag v1 arrived torn,Cookies Pack,Resealable Bag v1,California,Damaged Pack,Call Center,2026-02-11T09:40:00,0.77,False,
2ae44b7e-fb3f-4f68-9ea9-5fda6e7cfc6e,New lid on Resealable Bag v2 - New Lid doesn't seal properly,Cookies Pack,Resealable Bag v2 - New Lid,Texas,Seal Failure,Call Center,2026-02-11T09:44:00,0.76,False,
0cb2eef9-8544-41e7-bd3e-644dc45cccb9,Resealable Box 200g failed to close - California,Granola Bar,Box 200g,California,Seal Failure,Amazon Review,2026-02-11T09:55:00,0.62,False,
37971c48-62d5-427a-aff3-fd8ba7942088,"The Resealable Bag v1 won't close, goes stale in Midwest",Soda Pop,Resealable Bag v1,Midwest,Seal Failure,Call Center,2026-02-11T09:59:00,0.84,False,
fe6376a6-52f3-410f-af32-f2ef7616103c,"The Resealable Bag v2 - New Lid won't close, goes stale in Pacific Northwest batch 102",Crunchy Chips,Resealable Bag v2 - New Lid,Pacific Northwest,Seal Failure,Call Center,2026-02-11T10:00:00,0.93,True,PLANTED_001_PNW_NEW_LID_SEAL
023c5f52-e4ae-433d-a957-cac95138af4b,Opened Granola Bar and it was stale,Granola Bar,Box 200g,Midwest,Stale Taste,Call Center,2026-02-11T10:01:00,0.65,False,
c672e686-93f2-472b-8036-efbcd1352aa2,Resealable Resealable Bag v1 failed to close - Northeast,Cookies Pack,Resealable Bag v1,Northeast,Seal Failure,Call Center,2026-02-11T10:06:00,0.64,False,
03079ea2-4308-4359-8860-abd80e4fdebd,New lid on Can 330ml doesn't seal properly,Crunchy Chips,Can 330ml,Northeast,Seal Failure,Email,2026-02-11T10:11:00,0.73,False,
5f0ce476-940e-40dd-89a2-8b6aba3b9a14,New lid on Resealable Bag v1 doesn't seal properly,Crunchy Chips,Resealable Bag v1,Pacific Northwest,Seal Failure,Amazon Review,2026-02-11T10:16:00,0.76,False,
f35b0ef1-d430-4af3-9909-c7d7729f9021,Resealable Can 330ml failed to close - Pacific Northwest,Soda Pop,Can 330ml,Pacific Northwest,Seal Failure,Twitter,2026-02-11T10:18:00,0.95,False,
19fa64fe-33ce-4ae5-8d25-4a5f95ad84cc,Resealable Resealable Bag v2 - New Lid failed to close - Midwest,Granola Bar,Resealable Bag v2 - New Lid,Midwest,Seal Failure,Amazon Review,2026-02-11T10:23:00,0.85,False,
e2798529-c74e-4ea6-b3ec-c852f1622719,Ordered Crunchy Chips got wrong flavor,Crunchy Chips,Resealable Bag v1,Midwest,Wrong Flavor,Amazon Review,2026-02-11T11:01:00,0.8,False,
6a9de1e3-6761-4f03-b8eb-cc3e9901fa20,Stale Cookies Pack in Box 200g,Cookies Pack,Box 200g,Northeast,Stale Taste,Twitter,2026-02-11T11:09:00,0.78,False,
9e9373f4-cf2e-4082-ac50-70e7001fd147,Ordered Soda Pop got wrong flavor,Soda Pop,Box 200g,Northeast,Wrong Flavor,Email,2026-02-11T11:19:00,0.74,False,
38a0931f-2fc2-4096-b2d4-751ee4fde15b,Box 200g half empty - Cookies Pack,Cookies Pack,Box 200g,Texas,Low Fill,Twitter,2026-02-11T11:25:00,0.77,False,
2e907465-3720-4169-a438-b3e86600dd6a,Box 200g half empty - Cookies Pack,Cookies Pack,Box 200g,Midwest,Low Fill,Email,2026-02-11T11:45:00,0.94,False,
bfa7e58f-75e6-4d6a-9dcf-8336baa4f5da,Box crushed in shipping to California,Cookies Pack,Can 330ml,California,Damaged Pack,Call Center,2026-02-11T11:50:00,0.78,False,
89aa6f7d-d833-4bc5-ae86-d2f3b9fcb6c9,New lid on Resealable Bag v2 - New Lid doesn't seal properly batch 100,Crunchy Chips,Resealable Bag v2 - New Lid,Pacific Northwest,Seal Failure,Call Center,2026-02-11T12:00:00,0.85,True,PLANTED_001_PNW_NEW_LID_SEAL
2a666086-24bb-4bc4-919b-3a4c27afce38,"The Resealable Bag v2 - New Lid won't close, goes stale in Pacific Northwest batch 101",Crunchy Chips,Resealable Bag v2 - New Lid,Pacific Northwest,Seal Failure,Call Center,2026-02-11T12:00:00,0.89,True,PLANTED_001_PNW_NEW_LID_SEAL
6ac2781c-3ffa-491c-9056-cbdf227c6979,Can 330ml half empty - Cookies Pack,Cookies Pack,Can 330ml,Midwest,Low Fill,Call Center,2026-02-11T12:28:00,0.78,False,
6aa26801-c74a-4a03-bbee-0746812f98e5,Can 330ml half empty - Granola Bar,Granola Bar,Can 330ml,Northeast,Low Fill,Amazon Review,2026-02-11T12:30:00,0.91,False,
1bdac56f-04d5-4157-8a67-2d9cb461e6f2,"The Box 200g won't close, goes stale in California",Granola Bar,Box 200g,California,Seal Failure,Amazon Review,2026-02-11T12:31:00,0.68,False,
e12cad7e-1c52-413e-a746-db86073c4dcb,Resealable Bag v1 arrived torn,Cookies Pack,Resealable Bag v1,Northeast,Damaged Pack,Amazon Review,2026-02-11T12:41:00,0.61,False,
29782392-dd5e-4d62-a44f-31d7637e9b12,Stale Cookies Pack in Resealable Bag v2 - New Lid,Cookies Pack,Resealable Bag v2 - New Lid,California,Stale Taste,Email,2026-02-11T12:46:00,0.84,False,
e2ae41cd-ae70-4a86-9c5c-220f0976dcb5,New lid on Resealable Bag v2 - New Lid doesn't seal properly,Crunchy Chips,Resealable Bag v2 - New Lid,Midwest,Seal Failure,Email,2026-02-11T12:54:00,0.91,False,
14d6a3ba-94d9-4a7c-b68e-708fa99c5ff2,Can 330ml leaking in transit to Northeast,Cookies Pack,Can 330ml,Northeast,Leaking,Call Center,2026-02-11T13:12:00,0.7,False,
7ed7532b-36ef-4607-8046-3d7c5990c16f,Box 200g half empty - Cookies Pack,Cookies Pack,Box 200g,Pacific Northwest,Low Fill,Call Center,2026-02-11T13:15:00,0.68,False,
77317256-b989-4bbf-b37a-c0788c21166e,Ordered Cookies Pack got wrong flavor,Cookies Pack,Resealable Bag v2 - New Lid,California,Wrong Flavor,Amazon Review,2026-02-11T13:26:00,0.81,False,
269d9ac3-f850-475d-8b0e-ea9c46375027,Box 200g arrived torn,Crunchy Chips,Box 200g,Texas,Damaged Pack,Twitter,2026-02-11T13:31:00,0.93,False,
a8a11fec-65b4-490f-b918-3b7ef3f0134a,Stale Soda Pop in Box 200g,Soda Pop,Box 200g,Pacific Northwest,Stale Taste,Call Center,2026-02-11T13:31:00,0.69,False,
03fcfcc0-fff6-4d4d-be04-4b4b974846e7,Resealable Bag v1 leaking in transit to Midwest,Crunchy Chips,Resealable Bag v1,Midwest,Leaking,Twitter,2026-02-11T13:53:00,0.91,False,
b8e5b950-46fd-4921-b5c5-1a16f942e73c,Resealable Bag v2 - New Lid leaking in transit to Midwest,Granola Bar,Resealable Bag v2 - New Lid,Midwest,Leaking,Email,2026-02-11T13:55:00,0.68,False,
5b47376c-3456-475e-8832-34a607676f16,New lid on Resealable Bag v1 doesn't seal properly,Granola Bar,Resealable Bag v1,Midwest,Seal Failure,Amazon Review,2026-02-11T14:15:00,0.61,False,
a6a8a764-0bd4-4d9b-8516-100837a5b0c5,New lid on Can 330ml doesn't seal properly,Cookies Pack,Can 330ml,Northeast,Seal Failure,Call Center,2026-02-11T14:39:00,0.83,False,
cbeceb77-6bf4-41c6-8d76-7425f59959a6,Box crushed in shipping to California,Crunchy Chips,Can 330ml,California,Damaged Pack,Amazon Review,2026-02-11T14:40:00,0.74,False,
0fe564bb-5fe1-4d1b-95b1-532e3193c5ba,Opened Crunchy Chips and it was stale,Crunchy Chips,Can 330ml,Northeast,Stale Taste,Email,2026-02-11T14:47:00,0.84,False,
09ddbd30-101d-4383-bad9-890cff1a9b65,Ordered Granola Bar got wrong flavor,Granola Bar,Resealable Bag v2 - New Lid,Midwest,Wrong Flavor,Email,2026-02-11T14:48:00,0.64,False,
daeaa27e-4d21-4d80-9ad5-247c6e1518aa,Box crushed in shipping to Midwest,Granola Bar,Can 330ml,Midwest,Damaged Pack,Email,2026-02-11T15:02:00,0.69,False,
fbeb187e-5e54-45b5-a67c-16794fe44f4d,Resealable Bag v1 arrived torn,Soda Pop,Resealable Bag v1,California,Damaged Pack,Amazon Review,2026-02-11T15:13:00,0.79,False,
d5082125-0e3b-4c0a-8186-b011d4888c56,Can 330ml half empty - Crunchy Chips,Crunchy Chips,Can 330ml,California,Low Fill,Email,2026-02-11T15:16:00,0.6,False,
982b0d7e-1536-40cb-b910-7673353c67ca,Stale Crunchy Chips in Box 200g,Crunchy Chips,Box 200g,Texas,Stale Taste,Call Center,2026-02-11T15:35:00,0.69,False,
27b9e01b-4932-4d07-8417-302dd1e0a1eb,Box crushed in shipping to Northeast,Crunchy Chips,Resealable Bag v1,Northeast,Damaged Pack,Amazon Review,2026-02-11T15:41:00,0.71,False,
fafd99cb-a9b3-498c-a95e-6b7daf236781,New lid on Resealable Bag v2 - New Lid doesn't seal properly batch 102,Crunchy Chips,Resealable Bag v2 - New Lid,Pacific Northwest,Seal Failure,Call Center,2026-02-11T16:00:00,0.86,True,PLANTED_001_PNW_NEW_LID_SEAL
cda02bf0-7467-4bc3-94de-f3c65b2a440a,"The Resealable Bag v2 - New Lid won't close, goes stale in Pacific Northwest batch 100",Crunchy Chips,Resealable Bag v2 - New Lid,Pacific Northwest,Seal Failure,Call Center,2026-02-11T16:00:00,0.97,True,PLANTED_001_PNW_NEW_LID_SEAL
5f1a3a6c-4ad4-42b4-8835-8b623ebd6f21,"The Resealable Bag v2 - New Lid won't close, goes stale in Pacific Northwest batch 105",Crunchy Chips,Resealable Bag v2 - New Lid,Pacific Northwest,Seal Failure,Call Center,2026-02-11T16:00:00,0.9,True,PLANTED_001_PNW_NEW_LID_SEAL
683182e6-3f83-4b9e-a1d1-c39bca84c3c7,Resealable Resealable Bag v2 - New Lid failed to close - Pacific Northwest batch 101,Crunchy Chips,Resealable Bag v2 - New Lid,Pacific Northwest,Seal Failure,Call Center,2026-02-11T16:00:00,0.96,True,PLANTED_001_PNW_NEW_LID_SEAL
9f0eb882-9d59-4e5d-996c-8633057523a5,Resealable Resealable Bag v2 - New Lid failed to close - Midwest,Crunchy Chips,Resealable Bag v2 - New Lid,Midwest,Seal Failure,Twitter,2026-02-11T16:04:00,0.9,False,
0176a4f3-0883-4945-8eaf-82771840884a,Ordered Granola Bar got wrong flavor,Granola Bar,Resealable Bag v1,California,Wrong Flavor,Twitter,2026-02-11T16:10:00,0.8,False,
639742a3-d088-42a4-83d1-1ab518b9b151,Opened Granola Bar and it was stale,Granola Bar,Can 330ml,California,Stale Taste,Amazon Review,2026-02-11T16:14:00,0.66,False,
eb1dfcb2-5148-45ee-b7cb-cca827edd6cb,Resealable Bag v1 half empty - Granola Bar,Granola Bar,Resealable Bag v1,Midwest,Low Fill,Call Center,2026-02-11T16:26:00,0.65,False,
5c6ba1a6-7eee-4a9c-849a-f80f97a89ca1,Box crushed in shipping to Pacific Northwest,Cookies Pack,Resealable Bag v1,Pacific Northwest,Damaged Pack,Call Center,2026-02-11T16:33:00,0.61,False,
ad9afe9a-8f9a-4174-9fcc-0638d0b0c098,Box crushed in shipping to Midwest,Cookies Pack,Resealable Bag v1,Midwest,Damaged Pack,Amazon Review,2026-02-11T16:34:00,0.72,False,
fe1244c9-73ec-49a2-9c28-4f85857e163e,Resealable Bag v1 leaking in transit to California,Cookies Pack,Resealable Bag v1,California,Leaking,Amazon Review,2026-02-11T16:48:00,0.6,False,
f53ad822-be80-48f0-9b14-54950e383c9a,Ordered Granola Bar got wrong flavor,Granola Bar,Resealable Bag v2 - New Lid,Texas,Wrong Flavor,Amazon Review,2026-02-11T16:50:00,0.9,False,
442a537a-6284-4553-bb5c-f283ce4a225f,Resealable Can 330ml failed to close - California,Cookies Pack,Can 330ml,California,Seal Failure,Email,2026-02-11T16:52:00,0.94,False,
773ae1f3-88ad-4b40-bffc-e598d664c44b,Granola Bar tastes stale from Texas,Granola Bar,Resealable Bag v1,Texas,Stale Taste,Call Center,2026-02-11T16:58:00,0.82,False,
9a329319-5fd8-4b4d-8cae-c3e3f9ae09b6,Box crushed in shipping to Northeast,Crunchy Chips,Can 330ml,Northeast,Damaged Pack,Amazon Review,2026-02-11T17:05:00,0.69,False,
cc97f6b5-c603-4a59-b62a-8c6b1c99dbf0,Box 200g half empty - Granola Bar,Granola Bar,Box 200g,California,Low Fill,Call Center,2026-02-11T17:14:00,0.95,False,
0b21c35a-bd28-4817-84fd-0b4ac73726a3,Ordered Granola Bar got wrong flavor,Granola Bar,Resealable Bag v1,California,Wrong Flavor,Amazon Review,2026-02-11T17:15:00,0.89,False,
64d9afcf-7c4c-4d15-81ec-4158998b8914,Box 200g half empty - Crunchy Chips,Crunchy Chips,Box 200g,California,Low Fill,Email,2026-02-11T17:19:00,0.91,False,
1b8baa64-fb89-479d-92d8-2b935d4cb791,Resealable Can 330ml failed to close - Texas,Soda Pop,Can 330ml,Texas,Seal Failure,Email,2026-02-11T17:19:00,0.75,False,
2efb5d6c-faf7-4a0c-b6e2-e4536f326fe0,Ordered Crunchy Chips got wrong flavor,Crunchy Chips,Resealable Bag v1,Pacific Northwest,Wrong Flavor,Amazon Review,2026-02-11T17:22:00,0.77,False,
e9d49b1a-dddd-4bda-b6a5-4839bc210a7e,Can 330ml half empty - Soda Pop,Soda Pop,Can 330ml,Pacific Northwest,Low Fill,Amazon Review,2026-02-11T17:53:00,0.61,False,
aba01931-e1ec-4d46-bf03-9a3ae8e1d7c5,Resealable Bag v1 half empty - Granola Bar,Granola Bar,Resealable Bag v1,Midwest,Low Fill,Call Center,2026-02-11T18:17:00,0.91,False,
668a7033-8bea-4beb-b2c9-128b44748f19,Ordered Cookies Pack got wrong flavor,Cookies Pack,Can 330ml,Midwest,Wrong Flavor,Call Center,2026-02-11T18:21:00,0.66,False,
a8d56e0f-08cf-4cc1-8aa6-208fad783b4b,Resealable Bag v1 leaking in transit to Midwest,Cookies Pack,Resealable Bag v1,Midwest,Leaking,Twitter,2026-02-11T18:24:00,0.81,False,
4c117171-4e5f-4fc7-a22a-00ee9c4855b5,Box 200g leaking in transit to California,Granola Bar,Box 200g,California,Leaking,Twitter,2026-02-11T18:24:00,0.95,False,
be9067db-a2d8-4458-9eea-5bc2abdc7861,Ordered Soda Pop got wrong flavor,Soda Pop,Can 330ml,California,Wrong Flavor,Amazon Review,2026-02-11T18:27:00,0.63,False,
b6647847-6c45-4d72-9e2b-23ba5fbca247,Can 330ml half empty - Cookies Pack,Cookies Pack,Can 330ml,Northeast,Low Fill,Email,2026-02-11T19:10:00,0.64,False,
be15e21b-9258-4825-9349-84e8ed4d1028,New lid on Box 200g doesn't seal properly,Soda Pop,Box 200g,Midwest,Seal Failure,Twitter,2026-02-11T19:12:00,0.78,False,
e60b78b5-cd26-47de-ae95-59ddcd6ab86c,Ordered Crunchy Chips got wrong flavor,Crunchy Chips,Box 200g,Pacific Northwest,Wrong Flavor,Call Center,2026-02-11T19:14:00,0.87,False,
2506cea2-6b13-43f3-b8be-56f0c56e0fd8,Ordered Granola Bar got wrong flavor,Granola Bar,Resealable Bag v2 - New Lid,Midwest,Wrong Flavor,Twitter,2026-02-11T19:29:00,0.85,False,
115d8b48-88ac-4cce-be77-59c50b4a21c8,Can 330ml half empty - Cookies Pack,Cookies Pack,Can 330ml,Midwest,Low Fill,Twitter,2026-02-11T19:52:00,0.89,False,
e90669fc-6ef2-4890-af44-4cd66812b1c2,Can 330ml half empty - Cookies Pack,Cookies Pack,Can 330ml,California,Low Fill,Amazon Review,2026-02-11T19:54:00,0.86,False,
3b146b29-d32e-4884-a2ac-ad1c86b4ff43,Ordered Crunchy Chips got wrong flavor,Crunchy Chips,Resealable Bag v1,Northeast,Wrong Flavor,Call Center,2026-02-11T20:01:00,0.72,False,
27d00f49-f500-4dda-9ef7-909e06f0c70b,Soda Pop tastes stale from Northeast,Soda Pop,Box 200g,Northeast,Stale Taste,Email,2026-02-11T20:08:00,0.9,False,
709649d9-6de1-460e-bea5-dfd9f961382c,Resealable Bag v1 leaking in transit to California,Crunchy Chips,Resealable Bag v1,California,Leaking,Call Center,2026-02-11T20:10:00,0.8,False,
949f8ffc-26fa-4a9f-bc2b-8d6b6204dda3,Resealable Resealable Bag v1 failed to close - Northeast,Granola Bar,Resealable Bag v1,Northeast,Seal Failure,Amazon Review,2026-02-11T20:22:00,0.76,False,
217fec6c-2946-4549-9e8c-f7cf3300ef7e,Box crushed in shipping to Texas,Crunchy Chips,Box 200g,Texas,Damaged Pack,Amazon Review,2026-02-11T20:25:00,0.92,False,
6b4658a1-ceec-478a-a5d2-d32127c3254e,Box 200g leaking in transit to Texas,Soda Pop,Box 200g,Texas,Leaking,Email,2026-02-11T20:28:00,0.62,False,
344f7f00-e0da-46cd-8b3a-a0dd38ff9a1f,Resealable Bag v2 - New Lid leaking in transit to California,Crunchy Chips,Resealable Bag v2 - New Lid,California,Leaking,Amazon Review,2026-02-11T20:29:00,0.86,False,
cfabe5f6-9c4a-4fed-849f-9b38ba3318a9,Ordered Soda Pop got wrong flavor,Soda Pop,Resealable Bag v1,Northeast,Wrong Flavor,Amazon Review,2026-02-11T20:37:00,0.79,False,
a382eba5-e197-4358-adef-aa627b636c33,Resealable Bag v2 - New Lid half empty - Cookies Pack,Cookies Pack,Resealable Bag v2 - New Lid,Northeast,Low Fill,Twitter,2026-02-11T20:38:00,0.88,False,
eadd1479-d006-4b83-b2b6-89b7cab46923,Ordered Soda Pop got wrong flavor,Soda Pop,Can 330ml,Midwest,Wrong Flavor,Email,2026-02-11T21:09:00,0.82,False,
5345ef34-ca95-4628-adf6-09a8f6df5a40,Box crushed in shipping to Texas,Granola Bar,Box 200g,Texas,Damaged Pack,Twitter,2026-02-11T21:15:00,0.71,False,
6ee3c1e7-af56-4338-9cb3-1def5dc0f917,Granola Bar tastes stale from California,Granola Bar,Resealable Bag v2 - New Lid,California,Stale Taste,Call Center,2026-02-11T21:20:00,0.78,False,
ebadd1a9-4cf8-4d94-98d5-58f3417318f3,Box 200g leaking in transit to Texas,Soda Pop,Box 200g,Texas,Leaking,Amazon Review,2026-02-11T21:26:00,0.62,False,
ca5705ec-3243-4a1e-9cd4-bd19ca55018a,Can 330ml arrived torn,Crunchy Chips,Can 330ml,Pacific Northwest,Damaged Pack,Amazon Review,2026-02-11T21:39:00,0.82,False,
0a5f6d26-f4ee-4be5-a10b-15bb76fdfed1,Can 330ml half empty - Crunchy Chips,Crunchy Chips,Can 330ml,Midwest,Low Fill,Amazon Review,2026-02-11T21:41:00,0.88,False,
65e6220c-7c63-4933-952b-597116104b1b,New lid on Resealable Bag v1 doesn't seal properly,Crunchy Chips,Resealable Bag v1,Northeast,Seal Failure,Twitter,2026-02-11T22:13:00,0.74,False,
141ca555-ca93-4d03-aa13-00418d416ecb,New lid on Box 200g doesn't seal properly,Cookies Pack,Box 200g,Pacific Northwest,Seal Failure,Call Center,2026-02-11T22:20:00,0.85,False,
fea579b3-ba28-427a-8568-877b2355acf4,Box 200g half empty - Crunchy Chips,Crunchy Chips,Box 200g,Texas,Low Fill,Call Center,2026-02-11T22:34:00,0.88,False,
99c3f727-e424-4533-a454-216a0a79bfdf,Can 330ml half empty - Soda Pop,Soda Pop,Can 330ml,California,Low Fill,Email,2026-02-11T22:50:00,0.73,False,
b2320f7d-1bcb-4498-bef6-04dd926fd73c,Can 330ml half empty - Granola Bar,Granola Bar,Can 330ml,California,Low Fill,Call Center,2026-02-11T22:53:00,0.85,False,
ce79ab9f-f447-49a6-9305-66bde3a1252f,Box 200g leaking in transit to Texas,Soda Pop,Box 200g,Texas,Leaking,Twitter,2026-02-11T22:55:00,0.76,False,
6660acd8-3e16-4104-84a4-98990a2e7d7b,Opened Cookies Pack and it was stale,Cookies Pack,Can 330ml,Texas,Stale Taste,Call Center,2026-02-11T23:15:00,0.7,False,
6c0e4947-a9f9-4dde-bc43-5ebeb28a2dae,Resealable Resealable Bag v2 - New Lid failed to close - California,Cookies Pack,Resealable Bag v2 - New Lid,California,Seal Failure,Email,2026-02-11T23:26:00,0.71,False,
94b93060-a4f3-4d82-8029-d19fdca22be0,Cookies Pack tastes stale from Midwest,Cookies Pack,Box 200g,Midwest,Stale Taste,Call Center,2026-02-11T23:44:00,0.91,False,
662bbae9-6dc5-4e87-ad54-ba003ea59dc3,Resealable Bag v2 - New Lid leaking in transit to California,Granola Bar,Resealable Bag v2 - New Lid,California,Leaking,Call Center,2026-02-11T23:45:00,0.73,False,
035252fa-5768-4ee4-9c2d-2d7a296082d0,Ordered Soda Pop got wrong flavor,Soda Pop,Resealable Bag v1,Northeast,Wrong Flavor,Email,2026-02-11T23:50:00,0.85,False,
a6063aae-51c9-4771-bc0d-99f42f1c24d8,Resealable Resealable Bag v2 - New Lid failed to close - Pacific Northwest batch 103,Crunchy Chips,Resealable Bag v2 - New Lid,Pacific Northwest,Seal Failure,Call Center,2026-02-12T00:00:00,0.9,True,PLANTED_001_PNW_NEW_LID_SEAL
8daebba2-af62-4a91-912f-ad951a376ba4,Resealable Resealable Bag v2 - New Lid failed to close - Pacific Northwest batch 102,Crunchy Chips,Resealable Bag v2 - New Lid,Pacific Northwest,Seal Failure,Call Center,2026-02-12T00:00:00,0.86,True,PLANTED_001_PNW_NEW_LID_SEAL
93ffb1c6-3c62-408f-9d04-ad57fde353ef,Ordered Crunchy Chips got wrong flavor,Crunchy Chips,Resealable Bag v2 - New Lid,Northeast,Wrong Flavor,Email,2026-02-12T00:04:00,0.88,False,
0f435d74-e08c-44e1-aeff-b193dc8f6b1d,Box crushed in shipping to Pacific Northwest,Crunchy Chips,Resealable Bag v2 - New Lid,Pacific Northwest,Damaged Pack,Amazon Review,2026-02-12T00:07:00,0.93,False,
db64df03-b22b-47d6-b7f4-2fa4d478be87,Crunchy Chips tastes stale from Texas,Crunchy Chips,Resealable Bag v2 - New Lid,Texas,Stale Taste,Amazon Review,2026-02-12T00:12:00,0.83,False,
492a89c5-2c91-4874-ac1f-275915719836,Resealable Bag v1 half empty - Cookies Pack,Cookies Pack,Resealable Bag v1,Northeast,Low Fill,Call Center,2026-02-12T00:17:00,0.91,False,
f6bc20d4-31ed-4402-b34e-f2789c741ea2,Resealable Resealable Bag v2 - New Lid failed to close - Texas,Granola Bar,Resealable Bag v2 - New Lid,Texas,Seal Failure,Call Center,2026-02-12T00:20:00,0.86,False,
de162f5f-7cdb-4031-9f9d-d8d467983f99,Box crushed in shipping to California,Soda Pop,Resealable Bag v1,California,Damaged Pack,Email,2026-02-12T00:21:00,0.92,False,
1c50b985-5e93-4bff-9c95-933eb3fe5a1e,Resealable Bag v1 leaking in transit to Pacific Northwest,Soda Pop,Resealable Bag v1,Pacific Northwest,Leaking,Call Center,2026-02-12T00:46:00,0.9,False,
93c2089c-cb24-47b4-9e9e-7d98e29468d4,Stale Crunchy Chips in Resealable Bag v1,Crunchy Chips,Resealable Bag v1,Northeast,Stale Taste,Email,2026-02-12T00:48:00,0.91,False,
da4e39ed-6fc6-4ba1-9b05-178fd2dff103,Resealable Bag v2 - New Lid half empty - Granola Bar,Granola Bar,Resealable Bag v2 - New Lid,Texas,Low Fill,Amazon Review,2026-02-12T00:50:00,0.67,False,
7e352a56-a726-4b34-a8e6-cf18e418436c,Resealable Bag v1 half empty - Soda Pop,Soda Pop,Resealable Bag v1,Pacific Northwest,Low Fill,Twitter,2026-02-12T01:04:00,0.75,False,
d784805c-0227-4462-8d9d-e65515ca2107,Resealable Bag v1 arrived torn,Soda Pop,Resealable Bag v1,Texas,Damaged Pack,Email,2026-02-12T01:13:00,0.71,False,
37b0ef8e-4659-4887-94ac-e1944f8686eb,Stale Soda Pop in Can 330ml,Soda Pop,Can 330ml,California,Stale Taste,Email,2026-02-12T01:17:00,0.75,False,
a051b248-f61d-42af-8dbf-dbef2b6a08bc,Opened Granola Bar and it was stale,Granola Bar,Box 200g,California,Stale Taste,Amazon Review,2026-02-12T01:27:00,0.61,False,
c77889cf-866f-4e60-8709-ebe5d8607b47,Box crushed in shipping to Texas,Soda Pop,Box 200g,Texas,Damaged Pack,Email,2026-02-12T01:27:00,0.7,False,
f474fb4c-0e43-432e-af76-697dac84ec34,Ordered Granola Bar got wrong flavor,Granola Bar,Can 330ml,California,Wrong Flavor,Call Center,2026-02-12T01:31:00,0.72,False,
6ee979c8-7fd8-41fa-af07-8b9d0d94da7e,Ordered Crunchy Chips got wrong flavor,Crunchy Chips,Box 200g,Midwest,Wrong Flavor,Email,2026-02-12T01:33:00,0.74,False,
2549ac37-f33a-4aac-912c-639907d5c66c,Can 330ml half empty - Granola Bar,Granola Bar,Can 330ml,Northeast,Low Fill,Call Center,2026-02-12T01:39:00,0.75,False,
c64eabb5-e179-4ff3-ab00-deafc05cc2f6,Ordered Soda Pop got wrong flavor,Soda Pop,Can 330ml,Pacific Northwest,Wrong Flavor,Amazon Review,2026-02-12T01:55:00,0.74,False,
dccd14a3-9785-45d8-9c23-d1674372cbf4,Resealable Resealable Bag v2 - New Lid failed to close - Texas,Soda Pop,Resealable Bag v2 - New Lid,Texas,Seal Failure,Call Center,2026-02-12T01:55:00,0.85,False,
ac99bae9-2059-4326-9054-7f4481d2b9bb,Box crushed in shipping to Pacific Northwest,Soda Pop,Resealable Bag v2 - New Lid,Pacific Northwest,Damaged Pack,Email,2026-02-12T02:35:00,0.83,False,
ea18a266-a593-40d4-9dc6-a64b7b248f00,Ordered Crunchy Chips got wrong flavor,Crunchy Chips,Can 330ml,Midwest,Wrong Flavor,Email,2026-02-12T02:37:00,0.73,False,
49dfbe72-8c38-4e2a-813f-a46e2e4afe6f,Resealable Bag v2 - New Lid leaking in transit to Northeast,Soda Pop,Resealable Bag v2 - New Lid,Northeast,Leaking,Email,2026-02-12T02:50:00,0.88,False,
71ea1363-e199-48d1-88c4-18b945b907e7,Stale Cookies Pack in Box 200g,Cookies Pack,Box 200g,Northeast,Stale Taste,Twitter,2026-02-12T02:57:00,0.85,False,
a53c0d18-50f6-4dee-948e-845666f1f044,Box crushed in shipping to California,Soda Pop,Resealable Bag v2 - New Lid,California,Damaged Pack,Email,2026-02-12T03:04:00,0.91,False,
0eb14082-8ab5-4703-9e6c-07b4caeedb0d,Can 330ml half empty - Soda Pop,Soda Pop,Can 330ml,Midwest,Low Fill,Email,2026-02-12T03:07:00,0.76,False,
4a3c9ae8-44fb-4eb6-9ca0-0ef5d8611c73,Can 330ml half empty - Granola Bar,Granola Bar,Can 330ml,California,Low Fill,Email,2026-02-12T03:12:00,0.85,False,
672c6333-3169-4454-8298-7bddde679573,Ordered Soda Pop got wrong flavor,Soda Pop,Box 200g,California,Wrong Flavor,Call Center,2026-02-12T03:18:00,0.9,False,
52b0affb-28b8-4878-b618-773130ba0e74,Resealable Bag v2 - New Lid leaking in transit to Northeast,Soda Pop,Resealable Bag v2 - New Lid,Northeast,Leaking,Amazon Review,2026-02-12T03:21:00,0.75,False,
d93fab66-6b5f-4d63-b421-008637a3484a,Ordered Soda Pop got wrong flavor,Soda Pop,Box 200g,Northeast,Wrong Flavor,Amazon Review,2026-02-12T03:24:00,0.69,False,
5cc4f422-8e4c-466b-bb36-e97d087751bb,Opened Crunchy Chips and it was stale,Crunchy Chips,Box 200g,California,Stale Taste,Amazon Review,2026-02-12T03:30:00,0.74,False,
b6606b51-9c3a-4ac5-b19b-8f9dcbd8be87,Ordered Crunchy Chips got wrong flavor,Crunchy Chips,Can 330ml,Texas,Wrong Flavor,Twitter,2026-02-12T03:33:00,0.76,False,
10943515-46a1-4268-9632-56d3b03f64b3,Stale Cookies Pack in Can 330ml,Cookies Pack,Can 330ml,California,Stale Taste,Call Center,2026-02-12T03:33:00,0.76,False,
4a54f96b-22ef-44a8-9146-0b57b783ac0d,Box 200g leaking in transit to Pacific Northwest,Cookies Pack,Box 200g,Pacific Northwest,Leaking,Amazon Review,2026-02-12T03:35:00,0.77,False,
3f4a5393-e555-4a7d-b5c5-e1ea93aa70c3,Box 200g leaking in transit to Texas,Soda Pop,Box 200g,Texas,Leaking,Twitter,2026-02-12T03:39:00,0.76,False,
445b902a-f63c-4dae-ba79-af8db997b792,Can 330ml arrived torn,Cookies Pack,Can 330ml,Texas,Damaged Pack,Call Center,2026-02-12T03:43:00,0.89,False,
9faab212-e3ef-4fb8-b4a3-826ebf32d2a2,New lid on Resealable Bag v1 doesn't seal properly,Cookies Pack,Resealable Bag v1,Texas,Seal Failure,Call Center,2026-02-12T03:45:00,0.9,False,
9d68e2ee-2689-4f87-bda2-9e4fc7523137,Ordered Granola Bar got wrong flavor,Granola Bar,Resealable Bag v1,Midwest,Wrong Flavor,Call Center,2026-02-12T04:08:00,0.64,False,
16f939e4-d042-4c8e-ad50-a69a28ee210d,Resealable Bag v2 - New Lid leaking in transit to Texas,Granola Bar,Resealable Bag v2 - New Lid,Texas,Leaking,Amazon Review,2026-02-12T04:14:00,0.88,False,
e358a2f4-9570-41ff-88a5-ddeb5e872a3c,Box 200g half empty - Granola Bar,Granola Bar,Box 200g,Northeast,Low Fill,Twitter,2026-02-12T04:18:00,0.68,False,
ffa9ca3d-0081-4a04-994a-8c295d1ea721,Ordered Crunchy Chips got wrong flavor,Crunchy Chips,Resealable Bag v1,California,Wrong Flavor,Amazon Review,2026-02-12T04:45:00,0.86,False,
24005ba5-425c-4abc-a7d9-1765e25914ee,Can 330ml arrived torn,Soda Pop,Can 330ml,Northeast,Damaged Pack,Call Center,2026-02-12T04:54:00,0.76,False,
f2be3f97-947d-4b8f-ad20-e4bcb5f2f6cd,Resealable Bag v1 leaking in transit to Texas,Granola Bar,Resealable Bag v1,Texas,Leaking,Email,2026-02-12T05:19:00,0.95,False,
e06452b0-2ea2-4f28-8634-a7311dab6973,Resealable Bag v1 leaking in transit to Texas,Crunchy Chips,Resealable Bag v1,Texas,Leaking,Call Center,2026-02-12T05:23:00,0.78,False,
e0fd48ea-c49f-4288-8b3f-52003ccc3437,Resealable Bag v1 half empty - Granola Bar,Granola Bar,Resealable Bag v1,Northeast,Low Fill,Call Center,2026-02-12T05:29:00,0.84,False,
c352f507-ba00-4cf4-b6c7-00ca1809b6ed,Resealable Bag v1 leaking in transit to Northeast,Cookies Pack,Resealable Bag v1,Northeast,Leaking,Call Center,2026-02-12T05:32:00,0.89,False,
9451592a-c923-48ad-be47-3f3666b06ffa,Granola Bar tastes stale from Pacific Northwest,Granola Bar,Can 330ml,Pacific Northwest,Stale Taste,Call Center,2026-02-12T05:42:00,0.95,False,
2b52d672-1ec6-48a8-845b-4da77b667fd3,New lid on Resealable Bag v1 doesn't seal properly,Cookies Pack,Resealable Bag v1,Northeast,Seal Failure,Amazon Review,2026-02-12T05:42:00,0.75,False,
fc269b34-b472-42cc-b4cd-bf0feab05171,Box 200g half empty - Crunchy Chips,Crunchy Chips,Box 200g,California,Low Fill,Amazon Review,2026-02-12T05:47:00,0.93,False,
0324a7e0-e4ec-4347-9d1c-55ed502ab365,Opened Crunchy Chips and it was stale,Crunchy Chips,Can 330ml,Midwest,Stale Taste,Call Center,2026-02-12T05:59:00,0.73,False,
c873dcc9-246e-42e3-a884-1060517fb3a8,New lid on Box 200g doesn't seal properly,Soda Pop,Box 200g,Northeast,Seal Failure,Call Center,2026-02-12T06:04:00,0.65,False,
dec8ccf6-a2d7-42c0-b6aa-3e7333d9b5bb,Ordered Cookies Pack got wrong flavor,Cookies Pack,Box 200g,Midwest,Wrong Flavor,Amazon Review,2026-02-12T06:11:00,0.65,False,
28d7aa65-22f7-4ef7-981e-97183fbb103f,Box 200g leaking in transit to Texas,Crunchy Chips,Box 200g,Texas,Leaking,Email,2026-02-12T06:15:00,0.87,False,
4816b81f-909d-4a66-bf70-ae51eaae8dcb,Can 330ml arrived torn,Soda Pop,Can 330ml,Midwest,Damaged Pack,Twitter,2026-02-12T06:20:00,0.67,False,
2ff84aa0-57c5-4f81-af54-791e0233a0ce,Ordered Granola Bar got wrong flavor,Granola Bar,Resealable Bag v1,Texas,Wrong Flavor,Twitter,2026-02-12T06:33:00,0.82,False,
58d52cf0-bf40-4b06-ad8c-78c974a7c814,"The Can 330ml won't close, goes stale in California",Granola Bar,Can 330ml,California,Seal Failure,Amazon Review,2026-02-12T06:33:00,0.75,False,
38549898-46de-400e-94cf-6d8f9ae8e2b8,Resealable Bag v2 - New Lid leaking in transit to Pacific Northwest,Crunchy Chips,Resealable Bag v2 - New Lid,Pacific Northwest,Leaking,Call Center,2026-02-12T06:38:00,0.93,False,
17d9c4e3-8337-46ec-8d48-28bd0e916d59,Resealable Bag v1 half empty - Crunchy Chips,Crunchy Chips,Resealable Bag v1,Midwest,Low Fill,Twitter,2026-02-12T06:54:00,0.9,False,
f44e99f2-df42-4924-bdc6-95ca95be6ae5,Opened Soda Pop and it was stale,Soda Pop,Resealable Bag v2 - New Lid,Texas,Stale Taste,Twitter,2026-02-12T06:57:00,0.65,False,
3453fed4-b057-4343-a18d-de52b88842a6,Resealable Bag v2 - New Lid half empty - Granola Bar,Granola Bar,Resealable Bag v2 - New Lid,Northeast,Low Fill,Call Center,2026-02-12T07:01:00,0.71,False,
020708ce-51dd-4da6-a043-a30b0a09ef11,Can 330ml arrived torn,Granola Bar,Can 330ml,Northeast,Damaged Pack,Twitter,2026-02-12T07:04:00,0.84,False,
0c401b21-0d89-4b45-b0cb-f80389b36515,Resealable Bag v1 half empty - Crunchy Chips,Crunchy Chips,Resealable Bag v1,Northeast,Low Fill,Amazon Review,2026-02-12T07:09:00,0.75,False,
a80c33a6-901c-4abc-8e71-214cbe62d2ab,Soda Pop tastes stale from Northeast,Soda Pop,Resealable Bag v2 - New Lid,Northeast,Stale Taste,Call Center,2026-02-12T07:21:00,0.94,False,
cbb12600-08da-47c6-8bc4-995570282edc,Ordered Soda Pop got wrong flavor,Soda Pop,Resealable Bag v2 - New Lid,Texas,Wrong Flavor,Amazon Review,2026-02-12T07:31:00,0.9,False,
9fe67253-6e2b-4274-af61-011004703b77,Crunchy Chips tastes stale from Pacific Northwest,Crunchy Chips,Resealable Bag v1,Pacific Northwest,Stale Taste,Email,2026-02-12T07:32:00,0.67,False,
2f1a6190-6465-41b0-8a47-f15992c310ac,Box 200g half empty - Cookies Pack,Cookies Pack,Box 200g,Pacific Northwest,Low Fill,Call Center,2026-02-12T07:32:00,0.6,False,
3e6e98ea-72bd-4ac2-8c32-240a58563f8b,Opened Crunchy Chips and it was stale,Crunchy Chips,Resealable Bag v1,Pacific Northwest,Stale Taste,Amazon Review,2026-02-12T08:08:00,0.66,False,
09cbd421-d69e-4798-bccd-32c6adfb8f44,Resealable Bag v1 half empty - Granola Bar,Granola Bar,Resealable Bag v1,Northeast,Low Fill,Amazon Review,2026-02-12T08:29:00,0.7,False,
b0fdec50-fada-4f6e-88d1-7a5dee58858a,Box 200g leaking in transit to Northeast,Soda Pop,Box 200g,Northeast,Leaking,Twitter,2026-02-12T08:30:00,0.81,False,
e103082a-ad5b-411d-8545-3fb4cc35f546,Resealable Bag v1 leaking in transit to Texas,Granola Bar,Resealable Bag v1,Texas,Leaking,Amazon Review,2026-02-12T08:35:00,0.76,False,
a366c7d9-071c-4d7b-9677-c916686b52c3,Resealable Resealable Bag v2 - New Lid failed to close - Texas,Cookies Pack,Resealable Bag v2 - New Lid,Texas,Seal Failure,Amazon Review,2026-02-12T08:39:00,0.74,False,
02e35793-856d-45c3-8a2a-2042a0958674,Box 200g leaking in transit to Midwest,Granola Bar,Box 200g,Midwest,Leaking,Call Center,2026-02-12T08:40:00,0.69,False,
9043130d-85d1-4710-9e5a-2e6ae1dead7b,Can 330ml arrived torn,Soda Pop,Can 330ml,California,Damaged Pack,Email,2026-02-12T08:43:00,0.66,False,
8bbf3f38-c25b-415c-8a18-208489bf5f0c,Box 200g leaking in transit to Midwest,Granola Bar,Box 200g,Midwest,Leaking,Email,2026-02-12T09:29:00,0.88,False,
bd294ebd-671e-43b7-b0ed-18e9ec25bba2,Resealable Bag v2 - New Lid leaking in transit to Pacific Northwest,Crunchy Chips,Resealable Bag v2 - New Lid,Pacific Northwest,Leaking,Call Center,2026-02-12T09:45:00,0.8,False,
40c94c56-b034-42e6-96b9-c93143180868,Resealable Bag v2 - New Lid leaking in transit to Pacific Northwest,Crunchy Chips,Resealable Bag v2 - New Lid,Pacific Northwest,Leaking,Call Center,2026-02-12T09:51:00,0.72,False,
8692195a-24f8-48fc-8a65-b6b11e5b64cc,Box crushed in shipping to Texas,Cookies Pack,Box 200g,Texas,Damaged Pack,Amazon Review,2026-02-12T09:59:00,0.71,False,
8481b6d0-5a01-4137-8790-90d4ce12ab9e,Opened Crunchy Chips and it was stale,Crunchy Chips,Resealable Bag v2 - New Lid,California,Stale Taste,Email,2026-02-12T10:04:00,0.83,False,
69c2464c-2443-4a84-80a8-8e03b956dda1,Box 200g arrived torn,Crunchy Chips,Box 200g,Midwest,Damaged Pack,Call Center,2026-02-12T10:17:00,0.7,False,
eb0aa8c2-8d70-4555-999a-6ca1db745bf9,"The Can 330ml won't close, goes stale in Northeast",Soda Pop,Can 330ml,Northeast,Seal Failure,Email,2026-02-12T10:17:00,0.63,False,
e9430389-7386-4a4a-9f90-36f49c159a85,Ordered Crunchy Chips got wrong flavor,Crunchy Chips,Box 200g,Pacific Northwest,Wrong Flavor,Email,2026-02-12T10:18:00,0.7,False,
2fb6ca70-f993-4d0d-9d04-ec41cdee478f,Box crushed in shipping to Texas,Cookies Pack,Resealable Bag v2 - New Lid,Texas,Damaged Pack,Amazon Review,2026-02-12T10:24:00,0.75,False,
dacea6d4-65f0-4701-8a93-0c79f8059b73,Can 330ml half empty - Granola Bar,Granola Bar,Can 330ml,California,Low Fill,Call Center,2026-02-12T10:30:00,0.72,False,
3c743956-f176-4c1d-b332-4bf20e292ce4,Can 330ml half empty - Granola Bar,Granola Bar,Can 330ml,Texas,Low Fill,Call Center,2026-02-12T10:36:00,0.61,False,
9c28edc6-1106-44de-9cf2-6ea8c1d702ed,Box crushed in shipping to Northeast,Soda Pop,Can 330ml,Northeast,Damaged Pack,Twitter,2026-02-12T10:53:00,0.94,False,
adc33430-b562-4c93-b469-43ddcf1370cb,Resealable Bag v1 half empty - Soda Pop,Soda Pop,Resealable Bag v1,Midwest,Low Fill,Twitter,2026-02-12T10:58:00,0.9,False,
a9557a32-e752-40e4-b4cc-98182763ec49,Can 330ml half empty - Cookies Pack,Cookies Pack,Can 330ml,Northeast,Low Fill,Email,2026-02-12T11:07:00,0.82,False,
6213f837-8d9a-40f7-a57a-66e5be3dcfc2,Resealable Bag v1 half empty - Granola Bar,Granola Bar,Resealable Bag v1,Pacific Northwest,Low Fill,Email,2026-02-12T11:17:00,0.66,False,
503d9ba7-cc9b-4c39-82e8-2f687c3eb9f7,Resealable Can 330ml failed to close - California,Cookies Pack,Can 330ml,California,Seal Failure,Amazon Review,2026-02-12T11:18:00,0.72,False,
a5c3ceea-6d8a-412c-8759-2e12316a8eec,Resealable Bag v2 - New Lid half empty - Granola Bar,Granola Bar,Resealable Bag v2 - New Lid,Texas,Low Fill,Email,2026-02-12T11:30:00,0.66,False,
6a67c8de-00cd-425d-8e3c-f1830a608cc0,Can 330ml leaking in transit to Texas,Soda Pop,Can 330ml,Texas,Leaking,Twitter,2026-02-12T11:43:00,0.88,False,
a55ae228-baf9-4634-8de5-e76c10fb122d,New lid on Resealable Bag v1 doesn't seal properly,Granola Bar,Resealable Bag v1,Pacific Northwest,Seal Failure,Call Center,2026-02-12T11:55:00,0.89,False,
f9a867d1-a8b1-4c51-be95-8dac72ab2c44,Can 330ml half empty - Granola Bar,Granola Bar,Can 330ml,California,Low Fill,Amazon Review,2026-02-12T12:05:00,0.73,False,
77aa85d4-c9de-412e-9d59-803a7a726ad2,Cookies Pack tastes stale from Midwest,Cookies Pack,Resealable Bag v1,Midwest,Stale Taste,Call Center,2026-02-12T12:08:00,0.92,False,
93aeb2ea-100e-473f-bf81-c5b22214c160,Stale Cookies Pack in Resealable Bag v2 - New Lid,Cookies Pack,Resealable Bag v2 - New Lid,Midwest,Stale Taste,Email,2026-02-12T12:46:00,0.83,False,
2cc7f662-8f4b-43c0-8169-b58d1151b57d,Resealable Resealable Bag v2 - New Lid failed to close - Pacific Northwest batch 105,Crunchy Chips,Resealable Bag v2 - New Lid,Pacific Northwest,Seal Failure,Call Center,2026-02-12T13:00:00,0.86,True,PLANTED_001_PNW_NEW_LID_SEAL
481c55e0-4eeb-4092-81a3-b28393867cae,Resealable Resealable Bag v2 - New Lid failed to close - Pacific Northwest batch 105,Crunchy Chips,Resealable Bag v2 - New Lid,Pacific Northwest,Seal Failure,Call Center,2026-02-12T13:00:00,0.97,True,PLANTED_001_PNW_NEW_LID_SEAL
0d146b21-4dfe-48e7-836f-a6b2fe44e808,Box 200g leaking in transit to Midwest,Crunchy Chips,Box 200g,Midwest,Leaking,Call Center,2026-02-12T13:08:00,0.82,False,
3bad2c11-79a0-4cc0-8088-ec79239a993e,Resealable Resealable Bag v2 - New Lid failed to close - Pacific Northwest batch 105,Crunchy Chips,Resealable Bag v2 - New Lid,Pacific Northwest,Seal Failure,Call Center,2026-02-12T14:00:00,0.86,True,PLANTED_001_PNW_NEW_LID_SEAL
6347cb28-2d9d-4d69-af89-36384cbf011e,New lid on Resealable Bag v2 - New Lid doesn't seal properly batch 103,Crunchy Chips,Resealable Bag v2 - New Lid,Pacific Northwest,Seal Failure,Call Center,2026-02-12T14:00:00,0.98,True,PLANTED_001_PNW_NEW_LID_SEAL
1a9409a9-3286-4ee8-8f01-df16dc5eb8ae,Stale Cookies Pack in Can 330ml,Cookies Pack,Can 330ml,Midwest,Stale Taste,Email,2026-02-12T14:08:00,0.6,False,
b3f1ff2a-fc7e-4f69-b527-2ef66f17f9cb,Crunchy Chips tastes stale from Pacific Northwest,Crunchy Chips,Box 200g,Pacific Northwest,Stale Taste,Amazon Review,2026-02-12T14:13:00,0.89,False,
8a331183-dd7a-4f4b-9b44-ffade8f6e505,Crunchy Chips tastes stale from Northeast,Crunchy Chips,Resealable Bag v2 - New Lid,Northeast,Stale Taste,Call Center,2026-02-12T14:22:00,0.63,False,
78bdd384-a72a-464f-8630-6f555812f260,Box crushed in shipping to Texas,Soda Pop,Resealable Bag v2 - New Lid,Texas,Damaged Pack,Twitter,2026-02-12T14:23:00,0.69,False,
4825be67-0267-4e25-97c0-ebf484f6db95,Can 330ml half empty - Soda Pop,Soda Pop,Can 330ml,Northeast,Low Fill,Twitter,2026-02-12T14:28:00,0.72,False,
f565a282-7dd5-4d6d-b687-17aab08d89f8,Resealable Bag v2 - New Lid leaking in transit to California,Granola Bar,Resealable Bag v2 - New Lid,California,Leaking,Email,2026-02-12T14:43:00,0.94,False,
dac6ed70-f622-4efb-a868-5c8aa7c4a1e5,Ordered Soda Pop got wrong flavor,Soda Pop,Resealable Bag v2 - New Lid,California,Wrong Flavor,Email,2026-02-12T14:47:00,0.61,False,
d270ab64-e0f5-4fd6-a047-33a6fb5625c4,Can 330ml arrived torn,Cookies Pack,Can 330ml,Texas,Damaged Pack,Call Center,2026-02-12T14:51:00,0.94,False,
dfeb8a98-e832-4e60-b5ab-07359b680eaa,Box 200g half empty - Cookies Pack,Cookies Pack,Box 200g,Pacific Northwest,Low Fill,Amazon Review,2026-02-12T14:57:00,0.87,False,
332dedeb-f7df-490e-9c84-7031271b3834,New lid on Box 200g doesn't seal properly,Crunchy Chips,Box 200g,Northeast,Seal Failure,Twitter,2026-02-12T15:04:00,0.63,False,
36bef060-bb1f-4873-823b-902397731df8,Resealable Box 200g failed to close - Midwest,Crunchy Chips,Box 200g,Midwest,Seal Failure,Amazon Review,2026-02-12T15:07:00,0.87,False,
d419f870-6bda-4510-ab04-5a772c7704cc,Ordered Cookies Pack got wrong flavor,Cookies Pack,Resealable Bag v1,Texas,Wrong Flavor,Email,2026-02-12T15:12:00,0.62,False,
2f8d62e6-90ee-4aff-855c-5bd4eb6fb135,Can 330ml half empty - Granola Bar,Granola Bar,Can 330ml,California,Low Fill,Amazon Review,2026-02-12T15:16:00,0.66,False,
4f8acc3b-089c-4c4b-86d6-fa4e0d957c16,"The Can 330ml won't close, goes stale in Pacific Northwest",Granola Bar,Can 330ml,Pacific Northwest,Seal Failure,Amazon Review,2026-02-12T15:19:00,0.8,False,
f36c1bd6-d02b-4b39-82df-39f699db7c32,Can 330ml half empty - Granola Bar,Granola Bar,Can 330ml,California,Low Fill,Twitter,2026-02-12T15:22:00,0.9,False,
cfe4d953-daff-43d6-baa7-91e813d84652,Resealable Box 200g failed to close - Pacific Northwest,Crunchy Chips,Box 200g,Pacific Northwest,Seal Failure,Twitter,2026-02-12T15:25:00,0.75,False,
47721de1-925f-4078-8e0f-feccdd3efe93,Can 330ml leaking in transit to Northeast,Cookies Pack,Can 330ml,Northeast,Leaking,Email,2026-02-12T15:48:00,0.91,False,
9b14eeb7-2461-4a07-b5ab-646393805316,Stale Cookies Pack in Resealable Bag v1,Cookies Pack,Resealable Bag v1,California,Stale Taste,Email,2026-02-12T15:51:00,0.88,False,
65d23dbf-732d-41b0-b909-5ed448133d93,Cookies Pack tastes stale from Pacific Northwest,Cookies Pack,Resealable Bag v2 - New Lid,Pacific Northwest,Stale Taste,Amazon Review,2026-02-12T16:03:00,0.73,False,
042beae5-1cd8-4815-aeb5-6571bef8424e,Box crushed in shipping to Texas,Crunchy Chips,Resealable Bag v2 - New Lid,Texas,Damaged Pack,Twitter,2026-02-12T16:07:00,0.86,False,
2b1f492f-b0f3-4629-8421-27b977779cd9,Resealable Bag v2 - New Lid leaking in transit to Texas,Cookies Pack,Resealable Bag v2 - New Lid,Texas,Leaking,Twitter,2026-02-12T16:08:00,0.64,False,
cad98f89-30eb-47f2-b3f8-3e0ee951bd40,Resealable Box 200g failed to close - Midwest,Cookies Pack,Box 200g,Midwest,Seal Failure,Amazon Review,2026-02-12T16:17:00,0.72,False,
fb85c73c-f10c-4686-816e-003244641bad,Box 200g half empty - Soda Pop,Soda Pop,Box 200g,Midwest,Low Fill,Email,2026-02-12T16:37:00,0.78,False,
bc3ab496-63fb-4dca-8b09-f7bcff26ce33,Crunchy Chips tastes stale from Midwest,Crunchy Chips,Can 330ml,Midwest,Stale Taste,Email,2026-02-12T16:43:00,0.69,False,
c57dddcc-44d7-4b65-aed8-a09ba1a0f3bb,Resealable Bag v1 half empty - Crunchy Chips,Crunchy Chips,Resealable Bag v1,California,Low Fill,Twitter,2026-02-12T16:52:00,0.8,False,
080c9841-274a-4bf9-a554-480e9a11a59b,Box crushed in shipping to Midwest,Soda Pop,Resealable Bag v1,Midwest,Damaged Pack,Email,2026-02-12T17:05:00,0.64,False,
5c773454-a268-4740-8661-6cf22e7e2587,Stale Cookies Pack in Can 330ml,Cookies Pack,Can 330ml,Northeast,Stale Taste,Email,2026-02-12T17:06:00,0.89,False,
b6dd4efa-11cf-4e1b-8dc9-edcaa22a4fcd,Can 330ml leaking in transit to Midwest,Granola Bar,Can 330ml,Midwest,Leaking,Amazon Review,2026-02-12T17:14:00,0.8,False,
91d05dcb-c30c-496a-9e95-db0e60175fbb,Resealable Can 330ml failed to close - Pacific Northwest,Cookies Pack,Can 330ml,Pacific Northwest,Seal Failure,Twitter,2026-02-12T17:21:00,0.75,False,
130f18d4-b24f-4092-9a4e-c0a2abe6ff64,Cookies Pack tastes stale from Texas,Cookies Pack,Resealable Bag v1,Texas,Stale Taste,Call Center,2026-02-12T17:25:00,0.86,False,
3295db0f-b90b-41ae-8c2e-70be75f5968d,Resealable Bag v1 leaking in transit to Pacific Northwest,Cookies Pack,Resealable Bag v1,Pacific Northwest,Leaking,Amazon Review,2026-02-12T17:38:00,0.67,False,
1be64508-da93-4737-acb2-343ec8faac5b,Ordered Soda Pop got wrong flavor,Soda Pop,Box 200g,Midwest,Wrong Flavor,Call Center,2026-02-12T17:41:00,0.62,False,
30fd7851-d57c-43de-82e2-c6723d4abb4e,Box crushed in shipping to Pacific Northwest,Granola Bar,Resealable Bag v1,Pacific Northwest,Damaged Pack,Amazon Review,2026-02-12T17:46:00,0.79,False,
6aa247b7-ecaf-4bb8-920c-77d2aef59984,New lid on Resealable Bag v2 - New Lid doesn't seal properly batch 103,Crunchy Chips,Resealable Bag v2 - New Lid,Pacific Northwest,Seal Failure,Call Center,2026-02-12T18:00:00,0.95,True,PLANTED_001_PNW_NEW_LID_SEAL
3ede393a-1f90-44a2-b193-909011f81732,Ordered Soda Pop got wrong flavor,Soda Pop,Resealable Bag v1,California,Wrong Flavor,Email,2026-02-12T18:05:00,0.6,False,
73950e6a-f8d0-47a2-b300-10f3f06078c5,Box 200g arrived torn,Soda Pop,Box 200g,California,Damaged Pack,Amazon Review,2026-02-12T18:22:00,0.69,False,
c681421f-f620-4a7c-866d-8cebff2611f8,Opened Cookies Pack and it was stale,Cookies Pack,Resealable Bag v1,California,Stale Taste,Twitter,2026-02-12T18:25:00,0.63,False,
76edbf9c-5dea-4c8c-b1fb-8b8c376c55e4,Box crushed in shipping to Texas,Soda Pop,Can 330ml,Texas,Damaged Pack,Call Center,2026-02-12T18:29:00,0.65,False,
7b603e15-2da6-4228-b645-b511caa7c527,Resealable Bag v2 - New Lid leaking in transit to Pacific Northwest,Crunchy Chips,Resealable Bag v2 - New Lid,Pacific Northwest,Leaking,Amazon Review,2026-02-12T18:41:00,0.73,False,
465aa410-752f-493a-b76f-11a2ef524a15,Can 330ml leaking in transit to Pacific Northwest,Granola Bar,Can 330ml,Pacific Northwest,Leaking,Email,2026-02-12T19:11:00,0.86,False,
249c190d-d572-4126-b8ee-6966eb38c02d,Crunchy Chips tastes stale from California,Crunchy Chips,Can 330ml,California,Stale Taste,Twitter,2026-02-12T19:19:00,0.66,False,
027c7828-156a-48aa-a449-64c8229d12a4,Can 330ml half empty - Cookies Pack,Cookies Pack,Can 330ml,Texas,Low Fill,Email,2026-02-12T19:20:00,0.66,False,
8be18b73-8b21-41ef-b393-3746baba039b,Box crushed in shipping to Northeast,Cookies Pack,Resealable Bag v1,Northeast,Damaged Pack,Amazon Review,2026-02-12T19:20:00,0.74,False,
f3ce9516-4b55-41cd-b956-b4a0f97bbba2,Can 330ml half empty - Soda Pop,Soda Pop,Can 330ml,California,Low Fill,Amazon Review,2026-02-12T19:34:00,0.73,False,
206369ca-17a6-42b6-afc5-29a31a874272,Resealable Bag v2 - New Lid leaking in transit to California,Granola Bar,Resealable Bag v2 - New Lid,California,Leaking,Twitter,2026-02-12T19:38:00,0.73,False,
283f2e66-ef37-4bb4-a1e6-f223110a4035,Can 330ml leaking in transit to Northeast,Cookies Pack,Can 330ml,Northeast,Leaking,Call Center,2026-02-12T20:06:00,0.63,False,
7e32da21-6439-4286-bcb7-348cdd5f99b9,Resealable Can 330ml failed to close - California,Soda Pop,Can 330ml,California,Seal Failure,Email,2026-02-12T20:08:00,0.85,False,
765f05ea-236d-4ca9-9c3d-9d4537d28750,New lid on Box 200g doesn't seal properly,Granola Bar,Box 200g,Midwest,Seal Failure,Email,2026-02-12T20:27:00,0.79,False,
079cfd36-0862-4dc3-abb3-f6e8c8f48212,"The Resealable Bag v2 - New Lid won't close, goes stale in California",Crunchy Chips,Resealable Bag v2 - New Lid,California,Seal Failure,Twitter,2026-02-12T20:33:00,0.78,False,
7ceb003f-b12e-4fe2-bccc-e26ae2036f1a,Ordered Granola Bar got wrong flavor,Granola Bar,Box 200g,Pacific Northwest,Wrong Flavor,Email,2026-02-12T20:46:00,0.94,False,
bed5e3ce-98f8-45a0-9195-59a45869b0d7,Opened Crunchy Chips and it was stale,Crunchy Chips,Resealable Bag v1,Midwest,Stale Taste,Call Center,2026-02-12T20:57:00,0.77,False,
7b7ede3d-30c2-4757-a9da-c6024ec26be4,"The Resealable Bag v2 - New Lid won't close, goes stale in Pacific Northwest batch 100",Crunchy Chips,Resealable Bag v2 - New Lid,Pacific Northwest,Seal Failure,Call Center,2026-02-12T21:00:00,0.91,True,PLANTED_001_PNW_NEW_LID_SEAL
2e4e05d6-9d20-44c4-9413-8dc26541e62a,Opened Cookies Pack and it was stale,Cookies Pack,Resealable Bag v1,California,Stale Taste,Call Center,2026-02-12T21:14:00,0.78,False,
16063464-0424-4cba-8f1c-8bcb9c2a99a9,Box crushed in shipping to California,Cookies Pack,Resealable Bag v2 - New Lid,California,Damaged Pack,Amazon Review,2026-02-12T21:17:00,0.62,False,
4fbadbbe-99ac-4eea-9f16-88f2dfd41eab,Opened Cookies Pack and it was stale,Cookies Pack,Resealable Bag v2 - New Lid,Northeast,Stale Taste,Twitter,2026-02-12T21:22:00,0.7,False,
0b565e47-5a24-4639-b235-3193ac24915d,Box 200g leaking in transit to Midwest,Granola Bar,Box 200g,Midwest,Leaking,Email,2026-02-12T21:25:00,0.76,False,
de366e0f-8fec-4caf-8f1c-222861d02e89,Stale Cookies Pack in Resealable Bag v2 - New Lid,Cookies Pack,Resealable Bag v2 - New Lid,Texas,Stale Taste,Twitter,2026-02-12T21:37:00,0.78,False,
5ecb6c21-e1aa-4260-b4e5-0ded69ba606f,Resealable Bag v1 half empty - Soda Pop,Soda Pop,Resealable Bag v1,Midwest,Low Fill,Email,2026-02-12T21:44:00,0.88,False,
0eb8d96d-0c30-47ad-9b2a-338ffa42c20d,Ordered Soda Pop got wrong flavor,Soda Pop,Resealable Bag v2 - New Lid,California,Wrong Flavor,Email,2026-02-12T21:47:00,0.82,False,
cb1709f8-cd98-47ed-8b72-f9774d10ef48,Ordered Crunchy Chips got wrong flavor,Crunchy Chips,Resealable Bag v1,Midwest,Wrong Flavor,Amazon Review,2026-02-12T22:01:00,0.65,False,
7dfb9ce6-e6ba-4c6e-996c-b4570abc2429,Crunchy Chips tastes stale from Pacific Northwest,Crunchy Chips,Box 200g,Pacific Northwest,Stale Taste,Call Center,2026-02-12T22:06:00,0.81,False,
43ab4d57-7f52-4f16-9e90-67faa0f71bea,Box 200g half empty - Cookies Pack,Cookies Pack,Box 200g,Pacific Northwest,Low Fill,Email,2026-02-12T22:11:00,0.82,False,
a94caedd-2cee-472b-8050-e8750fcd0e27,Ordered Cookies Pack got wrong flavor,Cookies Pack,Resealable Bag v1,Texas,Wrong Flavor,Call Center,2026-02-12T22:20:00,0.63,False,
49b9f8fd-2248-42ae-b6aa-28ac74695897,New lid on Resealable Bag v2 - New Lid doesn't seal properly,Granola Bar,Resealable Bag v2 - New Lid,Northeast,Seal Failure,Amazon Review,2026-02-12T22:21:00,0.72,False,
e9573959-a6b2-4b58-9685-72422f9b1717,Ordered Granola Bar got wrong flavor,Granola Bar,Resealable Bag v1,California,Wrong Flavor,Twitter,2026-02-12T22:25:00,0.64,False,
3654e83d-5397-4602-83c0-edd45f93094a,Opened Granola Bar and it was stale,Granola Bar,Resealable Bag v2 - New Lid,Texas,Stale Taste,Twitter,2026-02-12T22:37:00,0.6,False,
dd92f672-309b-42ae-824d-11099f0d841e,Resealable Bag v2 - New Lid half empty - Granola Bar,Granola Bar,Resealable Bag v2 - New Lid,Midwest,Low Fill,Twitter,2026-02-12T23:04:00,0.87,False,
c3e9a30e-cdde-4b45-8d7a-befa76658b0a,Resealable Bag v2 - New Lid arrived torn,Cookies Pack,Resealable Bag v2 - New Lid,California,Damaged Pack,Amazon Review,2026-02-12T23:08:00,0.83,False,
bac962dd-862b-4097-9c85-c2493199d1ec,Resealable Bag v1 half empty - Granola Bar,Granola Bar,Resealable Bag v1,Texas,Low Fill,Call Center,2026-02-12T23:25:00,0.81,False,
41996332-7b23-427d-8369-b9cd2537a41b,Box crushed in shipping to California,Granola Bar,Resealable Bag v2 - New Lid,California,Damaged Pack,Call Center,2026-02-12T23:26:00,0.77,False,
f269555c-c600-4ca5-af89-8efb04c974cd,Can 330ml leaking in transit to Texas,Cookies Pack,Can 330ml,Texas,Leaking,Call Center,2026-02-12T23:29:00,0.85,False,
2c61c784-004a-448b-b4f2-73f2b6a52a12,Ordered Crunchy Chips got wrong flavor,Crunchy Chips,Resealable Bag v2 - New Lid,California,Wrong Flavor,Amazon Review,2026-02-12T23:30:00,0.73,False,
b31096d9-912f-44e5-8094-6a02c80796b7,Ordered Granola Bar got wrong flavor,Granola Bar,Box 200g,Texas,Wrong Flavor,Email,2026-02-12T23:37:00,0.72,False,
b2ea861c-23ec-4d9c-9bc4-5f1add1ff556,Resealable Bag v1 half empty - Granola Bar,Granola Bar,Resealable Bag v1,Midwest,Low Fill,Twitter,2026-02-12T23:40:00,0.81,False,
da31cfdd-0b54-4dd5-8ef4-5cf93ff1b63f,Ordered Crunchy Chips got wrong flavor,Crunchy Chips,Resealable Bag v1,Pacific Northwest,Wrong Flavor,Call Center,2026-02-12T23:42:00,0.92,False,
a7547a90-286b-4485-b3c7-ebed0b9eca5b,Stale Granola Bar in Resealable Bag v2 - New Lid,Granola Bar,Resealable Bag v2 - New Lid,Pacific Northwest,Stale Taste,Call Center,2026-02-12T23:47:00,0.71,False,
2cf383a8-ced2-4a05-86e3-c67064568bd5,Stale Crunchy Chips in Resealable Bag v2 - New Lid,Crunchy Chips,Resealable Bag v2 - New Lid,California,Stale Taste,Call Center,2026-02-12T23:52:00,0.61,False,
2ab32e12-2972-49c1-9c17-3a0f7ede085e,Box crushed in shipping to Midwest,Granola Bar,Box 200g,Midwest,Damaged Pack,Email,2026-02-12T23:59:00,0.78,False,
ceccac35-d445-44b0-bb44-99a3615d1af4,Box crushed in shipping to Northeast,Granola Bar,Can 330ml,Northeast,Damaged Pack,Email,2026-02-13T00:01:00,0.8,False,
a49fed1d-d29f-4e19-9528-263ed85ceb08,"The Can 330ml won't close, goes stale in Northeast",Crunchy Chips,Can 330ml,Northeast,Seal Failure,Call Center,2026-02-13T00:12:00,0.63,False,
3b0018ff-0886-48e1-b490-1f8ba39aa7ba,Granola Bar tastes stale from Northeast,Granola Bar,Box 200g,Northeast,Stale Taste,Call Center,2026-02-13T00:14:00,0.67,False,
2eaded0b-f876-4391-8185-35b739674452,Box crushed in shipping to Northeast,Soda Pop,Resealable Bag v1,Northeast,Damaged Pack,Twitter,2026-02-13T00:18:00,0.68,False,
fe602fb9-83b1-4bb5-b254-edcd9b784d91,Box crushed in shipping to California,Granola Bar,Box 200g,California,Damaged Pack,Email,2026-02-13T00:18:00,0.82,False,
b46c88cc-2314-4a0c-aa5c-e78bef24adbe,Resealable Bag v1 half empty - Crunchy Chips,Crunchy Chips,Resealable Bag v1,California,Low Fill,Call Center,2026-02-13T00:27:00,0.73,False,
68c662a4-3c37-49b1-a61b-54259b6805c7,Opened Crunchy Chips and it was stale,Crunchy Chips,Resealable Bag v2 - New Lid,Northeast,Stale Taste,Call Center,2026-02-13T00:28:00,0.6,False,
7a17e157-317c-49c5-81e1-50e4d480492d,Box 200g half empty - Cookies Pack,Cookies Pack,Box 200g,Texas,Low Fill,Amazon Review,2026-02-13T00:30:00,0.76,False,
ef86f634-e8b1-41aa-97c7-9b9913370749,Box 200g arrived torn,Soda Pop,Box 200g,Midwest,Damaged Pack,Amazon Review,2026-02-13T00:33:00,0.77,False,
2494d32c-5499-48c3-90a3-56fb94278a92,Box 200g leaking in transit to Northeast,Soda Pop,Box 200g,Northeast,Leaking,Amazon Review,2026-02-13T00:43:00,0.77,False,
534cb3b6-5218-4a8f-a6e4-ae1a83f18062,Cookies Pack tastes stale from Texas,Cookies Pack,Can 330ml,Texas,Stale Taste,Twitter,2026-02-13T00:51:00,0.84,False,
1fd65394-dcaa-483f-883f-faca69d4bbc5,Ordered Granola Bar got wrong flavor,Granola Bar,Resealable Bag v2 - New Lid,Pacific Northwest,Wrong Flavor,Amazon Review,2026-02-13T00:56:00,0.79,False,
f186b53a-fb1a-4a67-9962-2a5cabb0f13b,"The Resealable Bag v2 - New Lid won't close, goes stale in Pacific Northwest batch 105",Crunchy Chips,Resealable Bag v2 - New Lid,Pacific Northwest,Seal Failure,Call Center,2026-02-13T01:00:00,0.95,True,PLANTED_001_PNW_NEW_LID_SEAL
1652fa3a-a673-45dd-af2c-1c0a4bd53964,Stale Cookies Pack in Can 330ml,Cookies Pack,Can 330ml,California,Stale Taste,Email,2026-02-13T01:04:00,0.67,False,
387d6dfc-6f0a-4280-97b9-b8b1b515b820,Opened Granola Bar and it was stale,Granola Bar,Resealable Bag v1,Midwest,Stale Taste,Email,2026-02-13T01:08:00,0.81,False,
0cd66737-b00a-49d7-90d9-b164e325b1a4,Resealable Bag v2 - New Lid leaking in transit to Texas,Granola Bar,Resealable Bag v2 - New Lid,Texas,Leaking,Call Center,2026-02-13T01:26:00,0.82,False,
f9d3bc97-136d-4c58-9736-b97286cd3a3f,Stale Crunchy Chips in Resealable Bag v1,Crunchy Chips,Resealable Bag v1,Texas,Stale Taste,Amazon Review,2026-02-13T01:43:00,0.69,False,
230ea73e-77d9-46ed-b0a0-36b7c1181eba,Resealable Bag v2 - New Lid half empty - Cookies Pack,Cookies Pack,Resealable Bag v2 - New Lid,Texas,Low Fill,Amazon Review,2026-02-13T01:53:00,0.91,False,
214c78b5-05ba-4a85-bec4-cd905ea84c08,Box 200g half empty - Soda Pop,Soda Pop,Box 200g,Northeast,Low Fill,Amazon Review,2026-02-13T01:53:00,0.77,False,
137abb9f-8790-41b3-9143-7c03f7ffe88c,Box 200g half empty - Granola Bar,Granola Bar,Box 200g,Northeast,Low Fill,Twitter,2026-02-13T02:06:00,0.71,False,
05293b3f-cc61-49fa-9668-7431eda4da26,Resealable Bag v2 - New Lid arrived torn,Soda Pop,Resealable Bag v2 - New Lid,Texas,Damaged Pack,Call Center,2026-02-13T02:11:00,0.91,False,
56a5b296-0020-4a42-b799-24510a8f6fa2,Ordered Cookies Pack got wrong flavor,Cookies Pack,Box 200g,Pacific Northwest,Wrong Flavor,Twitter,2026-02-13T02:55:00,0.64,False,
33295777-8873-440e-8475-5c964449fddb,New lid on Can 330ml doesn't seal properly,Crunchy Chips,Can 330ml,Texas,Seal Failure,Email,2026-02-13T03:11:00,0.92,False,
968fb6b1-1e3e-42f3-8f0d-ce465df02305,Resealable Bag v1 half empty - Granola Bar,Granola Bar,Resealable Bag v1,Midwest,Low Fill,Email,2026-02-13T03:13:00,0.77,False,
b59df8e4-0fb0-4457-a803-4fd9515c5ebd,Ordered Crunchy Chips got wrong flavor,Crunchy Chips,Can 330ml,Northeast,Wrong Flavor,Twitter,2026-02-13T03:15:00,0.91,False,
02cce259-d9de-465d-b748-8c87d00f41bd,New lid on Box 200g doesn't seal properly,Cookies Pack,Box 200g,Midwest,Seal Failure,Email,2026-02-13T03:15:00,0.88,False,
62cf68d5-8556-4971-a075-000c66a905c8,Stale Crunchy Chips in Resealable Bag v2 - New Lid,Crunchy Chips,Resealable Bag v2 - New Lid,Texas,Stale Taste,Email,2026-02-13T03:16:00,0.89,False,
5b4e461d-85b7-4a0c-b394-717ebe0da3ed,Box crushed in shipping to Midwest,Cookies Pack,Resealable Bag v1,Midwest,Damaged Pack,Twitter,2026-02-13T03:22:00,0.94,False,
36624a57-0618-49f3-88b0-6a8f29f48c30,Ordered Soda Pop got wrong flavor,Soda Pop,Box 200g,Pacific Northwest,Wrong Flavor,Call Center,2026-02-13T03:24:00,0.71,False,
add336d3-6160-4eff-86ea-bdf3272abfd7,Resealable Resealable Bag v1 failed to close - Pacific Northwest,Soda Pop,Resealable Bag v1,Pacific Northwest,Seal Failure,Email,2026-02-13T03:25:00,0.92,False,
592e9ce8-8e32-46ba-b103-c9dceb507e18,Resealable Can 330ml failed to close - Texas,Cookies Pack,Can 330ml,Texas,Seal Failure,Call Center,2026-02-13T03:26:00,0.61,False,
03be4aa2-1e6a-47b3-a9a0-c4997265c8aa,"The Can 330ml won't close, goes stale in Texas",Crunchy Chips,Can 330ml,Texas,Seal Failure,Email,2026-02-13T03:29:00,0.92,False,
3b1438ec-9dc5-489d-aba7-34751eb91460,Resealable Bag v2 - New Lid half empty - Soda Pop,Soda Pop,Resealable Bag v2 - New Lid,California,Low Fill,Twitter,2026-02-13T03:34:00,0.88,False,
cf894cc8-a0d1-4c0b-865e-0d86cf5c088f,Resealable Bag v1 half empty - Soda Pop,Soda Pop,Resealable Bag v1,Pacific Northwest,Low Fill,Email,2026-02-13T03:35:00,0.72,False,
02ee133e-9b89-4705-9bc3-db84bb3b66d1,Stale Crunchy Chips in Can 330ml,Crunchy Chips,Can 330ml,California,Stale Taste,Amazon Review,2026-02-13T03:37:00,0.68,False,
5d57d3cb-8b33-42ab-a710-36aae46768a2,Box 200g leaking in transit to Texas,Granola Bar,Box 200g,Texas,Leaking,Email,2026-02-13T03:49:00,0.69,False,
59094447-89d6-4bc9-bb8f-7791b32b75f6,"The Resealable Bag v2 - New Lid won't close, goes stale in California",Crunchy Chips,Resealable Bag v2 - New Lid,California,Seal Failure,Amazon Review,2026-02-13T03:51:00,0.71,False,
f1372fb8-3fdc-494e-a810-b98b848c1b87,Resealable Bag v2 - New Lid leaking in transit to Texas,Granola Bar,Resealable Bag v2 - New Lid,Texas,Leaking,Call Center,2026-02-13T04:15:00,0.84,False,
5fa9e153-3fc4-4c4c-809d-6e4ad787c361,Ordered Crunchy Chips got wrong flavor,Crunchy Chips,Resealable Bag v1,Midwest,Wrong Flavor,Email,2026-02-13T04:19:00,0.82,False,
76e2056c-d3c5-427b-b72d-251b62b3f593,Cookies Pack tastes stale from Pacific Northwest,Cookies Pack,Resealable Bag v2 - New Lid,Pacific Northwest,Stale Taste,Twitter,2026-02-13T04:27:00,0.69,False,
81fcd406-bdad-49ab-a9e1-312b417c7899,Ordered Crunchy Chips got wrong flavor,Crunchy Chips,Resealable Bag v1,California,Wrong Flavor,Twitter,2026-02-13T04:40:00,0.81,False,
0de64801-12e9-4007-b97b-f6707f77ad22,Resealable Bag v2 - New Lid half empty - Granola Bar,Granola Bar,Resealable Bag v2 - New Lid,Texas,Low Fill,Call Center,2026-02-13T04:40:00,0.66,False,
79388cc7-9663-4a5e-a5b1-793137ddf06c,Resealable Bag v2 - New Lid leaking in transit to Midwest,Crunchy Chips,Resealable Bag v2 - New Lid,Midwest,Leaking,Email,2026-02-13T04:43:00,0.89,False,
7012a243-b969-4fcf-baf5-517f82cdccee,Can 330ml arrived torn,Granola Bar,Can 330ml,Texas,Damaged Pack,Call Center,2026-02-13T04:45:00,0.61,False,
a86a9bcd-3bf4-4eb1-9210-685c9ae3b18f,Can 330ml half empty - Crunchy Chips,Crunchy Chips,Can 330ml,Midwest,Low Fill,Email,2026-02-13T04:48:00,0.87,False,
930b3158-c3ea-40cd-8b45-ebb6196a7e31,Resealable Bag v1 leaking in transit to Texas,Crunchy Chips,Resealable Bag v1,Texas,Leaking,Email,2026-02-13T04:56:00,0.75,False,
462d60eb-d686-4e7f-b424-c24584b57761,Resealable Bag v1 half empty - Cookies Pack,Cookies Pack,Resealable Bag v1,Midwest,Low Fill,Call Center,2026-02-13T05:31:00,0.73,False,
145e4053-9ff3-4bc7-9547-9137e4cd2e86,Box crushed in shipping to Texas,Granola Bar,Resealable Bag v2 - New Lid,Texas,Damaged Pack,Amazon Review,2026-02-13T05:33:00,0.94,False,
5cf70402-8b9c-44e5-88e0-b4d8010b9100,Resealable Bag v2 - New Lid leaking in transit to Pacific Northwest,Granola Bar,Resealable Bag v2 - New Lid,Pacific Northwest,Leaking,Call Center,2026-02-13T05:46:00,0.91,False,
7a4d4541-ecc3-45d2-9fa0-a2ce913317f4,Ordered Soda Pop got wrong flavor,Soda Pop,Box 200g,Texas,Wrong Flavor,Amazon Review,2026-02-13T05:47:00,0.89,False,
5a7c8081-cca2-499b-93f4-24397adcd7d4,New lid on Resealable Bag v1 doesn't seal properly,Crunchy Chips,Resealable Bag v1,Midwest,Seal Failure,Email,2026-02-13T05:48:00,0.81,False,
1792a536-27e3-40ab-a4ae-764c6b13b3a5,Resealable Resealable Bag v1 failed to close - Northeast,Granola Bar,Resealable Bag v1,Northeast,Seal Failure,Twitter,2026-02-13T06:06:00,0.66,False,
bb0aa5ec-ecf1-404c-8c29-b048d7e302be,Opened Granola Bar and it was stale,Granola Bar,Resealable Bag v2 - New Lid,Texas,Stale Taste,Twitter,2026-02-13T06:23:00,0.67,False,
cc73e996-c939-4297-9979-399838d97a3d,Crunchy Chips tastes stale from Texas,Crunchy Chips,Box 200g,Texas,Stale Taste,Call Center,2026-02-13T06:25:00,0.68,False,
83af461a-1272-4fc7-a8d2-17a55a0507b0,Can 330ml half empty - Granola Bar,Granola Bar,Can 330ml,Texas,Low Fill,Call Center,2026-02-13T06:26:00,0.72,False,
b5cd1377-1149-4844-81fe-1dd49700ff73,Resealable Box 200g failed to close - California,Granola Bar,Box 200g,California,Seal Failure,Call Center,2026-02-13T06:29:00,0.92,False,
4d8afa6f-c376-450a-ba91-d480070c1263,Box crushed in shipping to Midwest,Cookies Pack,Can 330ml,Midwest,Damaged Pack,Twitter,2026-02-13T06:39:00,0.74,False,
78d137eb-1b55-4496-b40f-ea8433c6fbe3,Resealable Bag v2 - New Lid half empty - Crunchy Chips,Crunchy Chips,Resealable Bag v2 - New Lid,Northeast,Low Fill,Amazon Review,2026-02-13T06:46:00,0.73,False,
ce6d6dd7-3e5f-4db9-9e30-882ce52f6509,Ordered Soda Pop got wrong flavor,Soda Pop,Can 330ml,California,Wrong Flavor,Amazon Review,2026-02-13T06:48:00,0.87,False,
3c397476-ef75-4db6-803b-85f9e759e306,Box 200g arrived torn,Cookies Pack,Box 200g,Northeast,Damaged Pack,Email,2026-02-13T07:21:00,0.74,False,
865522ef-58fe-49f5-899b-945983635095,Resealable Bag v2 - New Lid leaking in transit to California,Granola Bar,Resealable Bag v2 - New Lid,California,Leaking,Email,2026-02-13T07:22:00,0.94,False,
d2466be7-913c-4ef0-ac85-8cf8de3c7ee2,Box crushed in shipping to Midwest,Crunchy Chips,Can 330ml,Midwest,Damaged Pack,Amazon Review,2026-02-13T07:22:00,0.85,False,
0de28e54-0906-427c-af05-3ec11c492493,Box crushed in shipping to California,Granola Bar,Resealable Bag v1,California,Damaged Pack,Call Center,2026-02-13T07:40:00,0.64,False,
7b80b6dd-49fa-4e07-8fe2-97d1a70453ab,Opened Crunchy Chips and it was stale,Crunchy Chips,Can 330ml,California,Stale Taste,Twitter,2026-02-13T07:43:00,0.93,False,
e38d5f78-64ce-405f-820c-3f145bcb3cfe,Box 200g leaking in transit to Pacific Northwest,Granola Bar,Box 200g,Pacific Northwest,Leaking,Call Center,2026-02-13T07:43:00,0.77,False,
3ab2b032-b8a3-441c-985b-58660f7f29de,Stale Crunchy Chips in Resealable Bag v2 - New Lid,Crunchy Chips,Resealable Bag v2 - New Lid,Northeast,Stale Taste,Call Center,2026-02-13T07:46:00,0.85,False,
b848f6ee-44f4-4dda-9972-da65c577a2dd,Resealable Bag v1 half empty - Granola Bar,Granola Bar,Resealable Bag v1,Midwest,Low Fill,Amazon Review,2026-02-13T07:53:00,0.76,False,
ba9c9505-d758-4052-b455-07a4073dd612,Ordered Crunchy Chips got wrong flavor,Crunchy Chips,Resealable Bag v2 - New Lid,Texas,Wrong Flavor,Email,2026-02-13T07:57:00,0.62,False,
f36a4852-65e6-4af5-a56f-809e0c6d7440,Can 330ml arrived torn,Cookies Pack,Can 330ml,Northeast,Damaged Pack,Call Center,2026-02-13T08:06:00,0.68,False,
ba3865a7-bc11-4355-b528-dc0f6eacc6d6,"The Resealable Bag v2 - New Lid won't close, goes stale in Midwest",Crunchy Chips,Resealable Bag v2 - New Lid,Midwest,Seal Failure,Email,2026-02-13T08:12:00,0.89,False,
115d1289-d941-4b0b-ab76-d9754bf84a82,Can 330ml half empty - Soda Pop,Soda Pop,Can 330ml,Midwest,Low Fill,Call Center,2026-02-13T08:20:00,0.75,False,
21794d5e-525d-4f2e-b13f-2f6dbdb1d5b0,Resealable Bag v1 half empty - Crunchy Chips,Crunchy Chips,Resealable Bag v1,Midwest,Low Fill,Twitter,2026-02-13T08:35:00,0.63,False,
64115152-5d09-49ee-9d09-073fa1fb6a2a,Ordered Cookies Pack got wrong flavor,Cookies Pack,Box 200g,Midwest,Wrong Flavor,Email,2026-02-13T08:35:00,0.75,False,
3858f748-2046-4927-b9c3-3202c85b06aa,Can 330ml half empty - Crunchy Chips,Crunchy Chips,Can 330ml,Texas,Low Fill,Amazon Review,2026-02-13T08:40:00,0.65,False,
9c8e3af3-c7a1-4c45-9420-1479ead7465b,Ordered Granola Bar got wrong flavor,Granola Bar,Can 330ml,Texas,Wrong Flavor,Amazon Review,2026-02-13T08:59:00,0.93,False,
f20ea942-45d9-48c5-816e-7811d76535fc,Box 200g arrived torn,Cookies Pack,Box 200g,Pacific Northwest,Damaged Pack,Amazon Review,2026-02-13T09:02:00,0.75,False,
c4d65551-4db5-48e9-beea-1d3ae2707f88,Resealable Can 330ml failed to close - Texas,Granola Bar,Can 330ml,Texas,Seal Failure,Amazon Review,2026-02-13T09:16:00,0.65,False,
1acc1513-ffda-49be-8399-95ceb3a7e1a9,Can 330ml arrived torn,Granola Bar,Can 330ml,Pacific Northwest,Damaged Pack,Twitter,2026-02-13T09:19:00,0.93,False,
68de5fc9-6673-4397-bfbe-2dfc4d29ef69,Box crushed in shipping to Texas,Cookies Pack,Resealable Bag v2 - New Lid,Texas,Damaged Pack,Twitter,2026-02-13T09:28:00,0.88,False,
c3c9d7e3-87bf-4e57-a3e6-89053ef2b461,Granola Bar tastes stale from Midwest,Granola Bar,Can 330ml,Midwest,Stale Taste,Twitter,2026-02-13T09:32:00,0.8,False,
ccc7b1f3-9259-4252-92dc-ebc01050d2c7,New lid on Can 330ml doesn't seal properly,Soda Pop,Can 330ml,California,Seal Failure,Amazon Review,2026-02-13T09:36:00,0.9,False,
b5b7ae04-4cb6-4756-943e-7e794d4ea5ba,Ordered Soda Pop got wrong flavor,Soda Pop,Box 200g,California,Wrong Flavor,Call Center,2026-02-13T10:04:00,0.8,False,
a634e523-e809-4d41-a810-1101473b7b01,Ordered Cookies Pack got wrong flavor,Cookies Pack,Can 330ml,California,Wrong Flavor,Twitter,2026-02-13T10:07:00,0.73,False,
01558ac6-40ec-47ac-87e4-99e51b1d7b8c,Can 330ml half empty - Granola Bar,Granola Bar,Can 330ml,Pacific Northwest,Low Fill,Amazon Review,2026-02-13T10:12:00,0.74,False,
bf05e26d-6c5d-4e57-9cfe-9e4e4ed1d68f,Resealable Bag v2 - New Lid arrived torn,Soda Pop,Resealable Bag v2 - New Lid,Midwest,Damaged Pack,Call Center,2026-02-13T10:19:00,0.72,False,
7647d366-cea4-44f9-aee5-342f47046632,Box crushed in shipping to Northeast,Soda Pop,Resealable Bag v1,Northeast,Damaged Pack,Email,2026-02-13T10:30:00,0.85,False,
32c33fcc-9113-4099-ba29-c9b92f00bf20,"The Resealable Bag v2 - New Lid won't close, goes stale in Northeast",Granola Bar,Resealable Bag v2 - New Lid,Northeast,Seal Failure,Email,2026-02-13T10:35:00,0.65,False,
be62c1a4-beeb-4268-b224-43f604adc644,Resealable Bag v1 leaking in transit to California,Granola Bar,Resealable Bag v1,California,Leaking,Email,2026-02-13T10:37:00,0.76,False,
728fcdf8-ce87-47b6-814d-b684c67d1775,Resealable Bag v2 - New Lid arrived torn,Granola Bar,Resealable Bag v2 - New Lid,Midwest,Damaged Pack,Amazon Review,2026-02-13T10:40:00,0.81,False,
64a525f5-6f61-4ba8-9903-74a686c0f246,Resealable Bag v2 - New Lid leaking in transit to California,Crunchy Chips,Resealable Bag v2 - New Lid,California,Leaking,Email,2026-02-13T10:43:00,0.91,False,
b7026c5d-9a66-4151-8a00-ea577d7e76a7,Box 200g arrived torn,Soda Pop,Box 200g,Midwest,Damaged Pack,Amazon Review,2026-02-13T10:58:00,0.75,False,
2c6d5848-8ccd-477d-9460-ee5266c5f720,Box crushed in shipping to Midwest,Granola Bar,Resealable Bag v1,Midwest,Damaged Pack,Email,2026-02-13T11:23:00,0.89,False,
c5a72cd0-db3f-4ada-8566-d68dd7681d3f,Box crushed in shipping to California,Cookies Pack,Resealable Bag v2 - New Lid,California,Damaged Pack,Call Center,2026-02-13T11:28:00,0.88,False,
3a9930d5-843f-4153-8b7b-ff1b5abd61c1,"The Resealable Bag v2 - New Lid won't close, goes stale in Pacific Northwest",Granola Bar,Resealable Bag v2 - New Lid,Pacific Northwest,Seal Failure,Call Center,2026-02-13T11:28:00,0.81,False,
411993aa-8529-4650-9e80-0738ed9265d1,Box 200g leaking in transit to Pacific Northwest,Cookies Pack,Box 200g,Pacific Northwest,Leaking,Amazon Review,2026-02-13T11:34:00,0.77,False,
ca07f3ff-5577-4513-b16f-6cadc3d1ca4f,Box 200g leaking in transit to Texas,Cookies Pack,Box 200g,Texas,Leaking,Amazon Review,2026-02-13T11:43:00,0.88,False,
274f066d-b075-4cdf-9a7b-a2edc82f5740,Resealable Bag v2 - New Lid half empty - Granola Bar,Granola Bar,Resealable Bag v2 - New Lid,Northeast,Low Fill,Amazon Review,2026-02-13T12:11:00,0.75,False,
d64bc451-2b65-4e4f-ab55-3d9613a5ff19,Can 330ml half empty - Crunchy Chips,Crunchy Chips,Can 330ml,California,Low Fill,Call Center,2026-02-13T12:14:00,0.86,False,
c49eeab8-8720-44ab-a6a3-b1638fdd46dd,Stale Crunchy Chips in Resealable Bag v1,Crunchy Chips,Resealable Bag v1,Texas,Stale Taste,Twitter,2026-02-13T12:15:00,0.83,False,
2703dfde-842b-42d0-85b5-8f67f883b18b,"The Box 200g won't close, goes stale in Midwest",Cookies Pack,Box 200g,Midwest,Seal Failure,Amazon Review,2026-02-13T12:17:00,0.67,False,
b4fe0454-da8e-4283-aa83-8f12d3c956c7,Ordered Cookies Pack got wrong flavor,Cookies Pack,Resealable Bag v1,Pacific Northwest,Wrong Flavor,Amazon Review,2026-02-13T12:32:00,0.77,False,
c76634aa-d258-421a-b030-86e9f4f1d322,Resealable Bag v2 - New Lid arrived torn,Cookies Pack,Resealable Bag v2 - New Lid,Pacific Northwest,Damaged Pack,Email,2026-02-13T13:02:00,0.92,False,
f0075a25-ab9e-42a2-8a98-f898b2ecab8d,Ordered Crunchy Chips got wrong flavor,Crunchy Chips,Box 200g,California,Wrong Flavor,Amazon Review,2026-02-13T13:04:00,0.84,False,
af85dbd9-d9a4-43ab-a37b-1619013b70d4,Box crushed in shipping to California,Granola Bar,Resealable Bag v1,California,Damaged Pack,Twitter,2026-02-13T13:08:00,0.66,False,
4eda4efd-2152-4b3f-ad82-c33291029b17,Resealable Bag v1 half empty - Soda Pop,Soda Pop,Resealable Bag v1,Texas,Low Fill,Call Center,2026-02-13T13:15:00,0.83,False,
de3e26cb-217e-4cd2-8d81-4ad9ec8c4ec3,Granola Bar tastes stale from Northeast,Granola Bar,Box 200g,Northeast,Stale Taste,Email,2026-02-13T13:27:00,0.78,False,
4695a4a5-51f4-4ffb-a125-b6ba30248f5a,Resealable Bag v2 - New Lid half empty - Cookies Pack,Cookies Pack,Resealable Bag v2 - New Lid,Northeast,Low Fill,Call Center,2026-02-13T13:42:00,0.92,False,
828ab7db-dc37-4e70-a339-d16862f1ae48,Resealable Bag v1 half empty - Cookies Pack,Cookies Pack,Resealable Bag v1,Texas,Low Fill,Twitter,2026-02-13T14:05:00,0.89,False,
1da65cac-3986-4c8e-ad7e-1284553f2791,Stale Soda Pop in Can 330ml,Soda Pop,Can 330ml,Pacific Northwest,Stale Taste,Email,2026-02-13T14:07:00,0.72,False,
436ce163-94fc-4d36-88f2-b9b282d4bee9,Stale Crunchy Chips in Resealable Bag v2 - New Lid,Crunchy Chips,Resealable Bag v2 - New Lid,California,Stale Taste,Email,2026-02-13T14:09:00,0.62,False,
57d82f23-ea9b-4b07-86fb-cd3a4645b6e6,Box crushed in shipping to Midwest,Crunchy Chips,Resealable Bag v2 - New Lid,Midwest,Damaged Pack,Call Center,2026-02-13T14:10:00,0.79,False,
19a80c1b-ca8e-4fed-8837-5751faa4727a,Can 330ml half empty - Crunchy Chips,Crunchy Chips,Can 330ml,Midwest,Low Fill,Twitter,2026-02-13T14:15:00,0.64,False,
022ed12d-63a2-42bf-a127-c9bbb308e0e2,Can 330ml leaking in transit to Northeast,Crunchy Chips,Can 330ml,Northeast,Leaking,Amazon Review,2026-02-13T14:28:00,0.8,False,
b8cb93f6-fc44-47c6-aec9-04607b1c8a92,Ordered Granola Bar got wrong flavor,Granola Bar,Can 330ml,Northeast,Wrong Flavor,Amazon Review,2026-02-13T14:30:00,0.88,False,
e48de43e-4329-4b9e-9ef2-5b22b4fd05e0,Resealable Bag v1 leaking in transit to Pacific Northwest,Cookies Pack,Resealable Bag v1,Pacific Northwest,Leaking,Email,2026-02-13T14:47:00,0.74,False,
9620529c-0cc0-4847-8df5-ddfbef4ce5c7,Box 200g leaking in transit to California,Soda Pop,Box 200g,California,Leaking,Amazon Review,2026-02-13T14:58:00,0.67,False,
7839fb81-62f2-4571-8dcf-a8a83e488256,Resealable Resealable Bag v2 - New Lid failed to close - Pacific Northwest batch 103,Crunchy Chips,Resealable Bag v2 - New Lid,Pacific Northwest,Seal Failure,Call Center,2026-02-13T15:00:00,0.94,True,PLANTED_001_PNW_NEW_LID_SEAL
5f5cca7a-a169-4acd-9d19-4bb2ff819e83,Opened Soda Pop and it was stale,Soda Pop,Resealable Bag v2 - New Lid,Texas,Stale Taste,Email,2026-02-13T15:07:00,0.8,False,
fcb1654f-a544-4f84-9e34-f4ee01a1dd2e,Can 330ml leaking in transit to Midwest,Soda Pop,Can 330ml,Midwest,Leaking,Amazon Review,2026-02-13T15:11:00,0.78,False,
a5996036-7e7e-4a14-b14e-e21d6c6ba61a,Resealable Bag v1 leaking in transit to Midwest,Crunchy Chips,Resealable Bag v1,Midwest,Leaking,Call Center,2026-02-13T15:29:00,0.61,False,
35f86752-76b8-47d1-a48d-7d9b8b87a0be,Ordered Crunchy Chips got wrong flavor,Crunchy Chips,Resealable Bag v1,California,Wrong Flavor,Call Center,2026-02-13T15:37:00,0.86,False,
b2d1eecd-0d94-4d55-b1a8-af59b255887f,Box 200g half empty - Soda Pop,Soda Pop,Box 200g,Northeast,Low Fill,Call Center,2026-02-13T15:44:00,0.73,False,
e65fef55-e9ab-40a2-8818-05ee13c834ed,New lid on Box 200g doesn't seal properly,Cookies Pack,Box 200g,Midwest,Seal Failure,Amazon Review,2026-02-13T16:04:00,0.63,False,
84270d77-4ca1-4a6e-bdca-b6877d8e6ed8,Ordered Crunchy Chips got wrong flavor,Crunchy Chips,Box 200g,Pacific Northwest,Wrong Flavor,Amazon Review,2026-02-13T16:08:00,0.85,False,
9ecff350-aea4-4767-ace8-91af38bf7ede,Ordered Crunchy Chips got wrong flavor,Crunchy Chips,Resealable Bag v1,California,Wrong Flavor,Call Center,2026-02-13T16:10:00,0.6,False,
9f570364-a5b4-4261-b07c-86f507fcd6d4,Ordered Soda Pop got wrong flavor,Soda Pop,Can 330ml,Northeast,Wrong Flavor,Call Center,2026-02-13T16:13:00,0.64,False,
f11a726e-db02-4144-919c-172d89e858bc,Ordered Crunchy Chips got wrong flavor,Crunchy Chips,Can 330ml,Northeast,Wrong Flavor,Twitter,2026-02-13T16:29:00,0.83,False,
bd50f6c5-2f81-4dad-82ab-40a65b7a4efe,"The Box 200g won't close, goes stale in California",Cookies Pack,Box 200g,California,Seal Failure,Call Center,2026-02-13T16:46:00,0.94,False,
0ab1995d-fe48-445f-a141-c5ac4b5ee573,Ordered Soda Pop got wrong flavor,Soda Pop,Resealable Bag v2 - New Lid,Texas,Wrong Flavor,Call Center,2026-02-13T16:54:00,0.92,False,
f0fcb930-79dd-46cc-b484-084bbb612447,Can 330ml leaking in transit to California,Granola Bar,Can 330ml,California,Leaking,Email,2026-02-13T16:58:00,0.61,False,
4a53dcbd-d951-4d10-844a-2323c48ff793,Ordered Soda Pop got wrong flavor,Soda Pop,Resealable Bag v2 - New Lid,Northeast,Wrong Flavor,Call Center,2026-02-13T17:15:00,0.85,False,
6ebc80c1-12be-4904-8e77-4e2f69f1e175,Resealable Bag v1 arrived torn,Soda Pop,Resealable Bag v1,Midwest,Damaged Pack,Email,2026-02-13T17:29:00,0.8,False,
55dddf39-91fb-4744-9419-eae89b05ab00,Stale Cookies Pack in Box 200g,Cookies Pack,Box 200g,Texas,Stale Taste,Email,2026-02-13T17:35:00,0.85,False,
96dad160-393b-46e0-acd8-193d1725c23f,Resealable Bag v1 half empty - Crunchy Chips,Crunchy Chips,Resealable Bag v1,California,Low Fill,Call Center,2026-02-13T17:38:00,0.68,False,
ee59f8d1-1d6e-459d-9fae-eacf91c9608f,Resealable Bag v2 - New Lid leaking in transit to California,Granola Bar,Resealable Bag v2 - New Lid,California,Leaking,Call Center,2026-02-13T18:22:00,0.85,False,
81ab9232-d34c-4450-9964-6a59ad2bd6e8,Granola Bar tastes stale from Midwest,Granola Bar,Resealable Bag v2 - New Lid,Midwest,Stale Taste,Twitter,2026-02-13T18:34:00,0.74,False,
cd4b656a-c515-4fe2-a63a-851b8f6f9263,Can 330ml arrived torn,Crunchy Chips,Can 330ml,Pacific Northwest,Damaged Pack,Email,2026-02-13T18:45:00,0.65,False,
9f8e5e33-dfba-4c42-9dfe-e966047b69c9,Box 200g leaking in transit to Texas,Soda Pop,Box 200g,Texas,Leaking,Call Center,2026-02-13T18:49:00,0.79,False,
33604d3e-f7d6-4891-84ed-0bbc11ead823,Soda Pop tastes stale from Pacific Northwest,Soda Pop,Resealable Bag v1,Pacific Northwest,Stale Taste,Twitter,2026-02-13T19:02:00,0.9,False,
77b1f819-f54f-4e07-9ade-9c483e3b3cb9,Opened Crunchy Chips and it was stale,Crunchy Chips,Resealable Bag v2 - New Lid,California,Stale Taste,Twitter,2026-02-13T19:14:00,0.81,False,
ca2a79c1-741b-40bb-a1a6-b455ee117eb4,Ordered Cookies Pack got wrong flavor,Cookies Pack,Resealable Bag v2 - New Lid,Northeast,Wrong Flavor,Twitter,2026-02-13T20:04:00,0.88,False,
3d8ac27f-104d-4aff-90b6-a7e3857fa7c0,Opened Granola Bar and it was stale,Granola Bar,Resealable Bag v2 - New Lid,California,Stale Taste,Call Center,2026-02-13T20:05:00,0.75,False,
75399e2b-c1b0-4e21-b35b-05c123aab2cf,Box crushed in shipping to Midwest,Cookies Pack,Box 200g,Midwest,Damaged Pack,Email,2026-02-13T20:08:00,0.85,False,
37754cb6-9c02-40bb-b7f7-90f1b9b93493,Ordered Soda Pop got wrong flavor,Soda Pop,Box 200g,Northeast,Wrong Flavor,Twitter,2026-02-13T20:09:00,0.74,False,
0928d478-f346-4bd0-95e7-679ac26f839f,Resealable Bag v2 - New Lid leaking in transit to Northeast,Cookies Pack,Resealable Bag v2 - New Lid,Northeast,Leaking,Email,2026-02-13T20:11:00,0.79,False,
12da1d99-6004-4c49-bfab-9ecdcae6af0f,Box 200g leaking in transit to California,Crunchy Chips,Box 200g,California,Leaking,Email,2026-02-13T20:17:00,0.94,False,
0b07c9ff-67f1-4d0b-b0b6-04bf412bb593,Can 330ml half empty - Crunchy Chips,Crunchy Chips,Can 330ml,Midwest,Low Fill,Email,2026-02-13T20:19:00,0.76,False,
b5cff98c-5090-4aa7-86ca-92ddd9d77750,Ordered Soda Pop got wrong flavor,Soda Pop,Box 200g,Pacific Northwest,Wrong Flavor,Twitter,2026-02-13T20:25:00,0.78,False,
23feb6f9-8e6e-4fae-9081-87b1141e2fd7,Can 330ml leaking in transit to Texas,Crunchy Chips,Can 330ml,Texas,Leaking,Amazon Review,2026-02-13T20:31:00,0.74,False,
9769bb5c-82de-4dc7-97f6-760ef19c6993,Box 200g leaking in transit to Texas,Granola Bar,Box 200g,Texas,Leaking,Amazon Review,2026-02-13T20:34:00,0.88,False,
b6c9098a-f265-45a6-b8c5-daf944aae779,Soda Pop tastes stale from Pacific Northwest,Soda Pop,Can 330ml,Pacific Northwest,Stale Taste,Twitter,2026-02-13T20:45:00,0.94,False,
c64dcf89-6e72-44c5-9082-f25d287467d6,Box crushed in shipping to California,Cookies Pack,Resealable Bag v2 - New Lid,California,Damaged Pack,Amazon Review,2026-02-13T20:55:00,0.75,False,
32995f65-7d44-4542-ad25-bae31a071844,Resealable Bag v1 arrived torn,Crunchy Chips,Resealable Bag v1,Midwest,Damaged Pack,Twitter,2026-02-13T21:01:00,0.62,False,
4b743437-1634-4cf5-902d-e53b7f038366,Opened Crunchy Chips and it was stale,Crunchy Chips,Resealable Bag v2 - New Lid,California,Stale Taste,Amazon Review,2026-02-13T21:07:00,0.89,False,
498d601a-db9c-4ae3-8f28-cf6c8fc80b7b,Stale Granola Bar in Resealable Bag v1,Granola Bar,Resealable Bag v1,California,Stale Taste,Call Center,2026-02-13T21:10:00,0.83,False,
2b684485-1edd-4885-af98-6199fb8a2505,Stale Granola Bar in Box 200g,Granola Bar,Box 200g,Texas,Stale Taste,Amazon Review,2026-02-13T21:15:00,0.66,False,
60d30826-453d-43d1-8472-3c9aa3b40bcc,Box 200g arrived torn,Cookies Pack,Box 200g,California,Damaged Pack,Amazon Review,2026-02-13T21:32:00,0.87,False,
7cbed801-bc4e-493a-9922-7fbb92416c93,Opened Crunchy Chips and it was stale,Crunchy Chips,Resealable Bag v2 - New Lid,Pacific Northwest,Stale Taste,Call Center,2026-02-13T21:34:00,0.8,False,
96b90452-aa94-421e-a6ca-25fbd4e5039a,Opened Crunchy Chips and it was stale,Crunchy Chips,Can 330ml,Texas,Stale Taste,Email,2026-02-13T21:40:00,0.88,False,
12da461e-7809-4502-932a-827cfca8583e,Ordered Cookies Pack got wrong flavor,Cookies Pack,Resealable Bag v2 - New Lid,Pacific Northwest,Wrong Flavor,Call Center,2026-02-13T21:50:00,0.79,False,
01c2335e-a7b6-48cf-9aa2-6b73907a016f,Can 330ml leaking in transit to Northeast,Cookies Pack,Can 330ml,Northeast,Leaking,Twitter,2026-02-13T21:53:00,0.69,False,
b67e1c54-d670-48bc-8e2a-f339c4a8be21,Resealable Bag v1 half empty - Granola Bar,Granola Bar,Resealable Bag v1,Pacific Northwest,Low Fill,Email,2026-02-13T22:00:00,0.77,False,
88b119fc-a969-4e52-91b7-3d1e53706f79,Resealable Resealable Bag v2 - New Lid failed to close - Pacific Northwest batch 102,Crunchy Chips,Resealable Bag v2 - New Lid,Pacific Northwest,Seal Failure,Call Center,2026-02-13T22:00:00,0.89,True,PLANTED_001_PNW_NEW_LID_SEAL
935702b0-0c4f-4a8f-a441-996edc62d78d,Can 330ml leaking in transit to Northeast,Soda Pop,Can 330ml,Northeast,Leaking,Call Center,2026-02-13T22:06:00,0.91,False,
2ebbaf05-8609-4690-beb2-06f3130e4480,Resealable Resealable Bag v1 failed to close - Texas,Crunchy Chips,Resealable Bag v1,Texas,Seal Failure,Call Center,2026-02-13T22:06:00,0.62,False,
35f120d7-e2fc-46cd-8f7b-cc20fd57ad81,Resealable Bag v1 half empty - Crunchy Chips,Crunchy Chips,Resealable Bag v1,Texas,Low Fill,Call Center,2026-02-13T22:34:00,0.64,False,
af3f8224-5156-4cc9-8e96-daf2a4cefacd,Ordered Cookies Pack got wrong flavor,Cookies Pack,Resealable Bag v2 - New Lid,California,Wrong Flavor,Twitter,2026-02-13T22:35:00,0.85,False,
91940197-123f-44ef-becb-18fbffa7037f,Box 200g half empty - Soda Pop,Soda Pop,Box 200g,Northeast,Low Fill,Amazon Review,2026-02-13T22:50:00,0.94,False,
9a12775f-76c6-407e-a679-bac08a217655,Resealable Bag v1 half empty - Cookies Pack,Cookies Pack,Resealable Bag v1,Texas,Low Fill,Email,2026-02-13T22:55:00,0.69,False,
76e014a6-9932-43d6-9301-0cbcc48968be,Ordered Soda Pop got wrong flavor,Soda Pop,Can 330ml,California,Wrong Flavor,Email,2026-02-13T23:19:00,0.67,False,
1fa39272-1183-42e5-97b8-183186205135,Box crushed in shipping to Pacific Northwest,Cookies Pack,Box 200g,Pacific Northwest,Damaged Pack,Call Center,2026-02-13T23:22:00,0.87,False,
d721664a-8134-487a-bf31-4c712def7fe4,Resealable Bag v1 half empty - Granola Bar,Granola Bar,Resealable Bag v1,Texas,Low Fill,Call Center,2026-02-13T23:24:00,0.63,False,
525209b7-85b9-4102-b9a6-0ac98a723ba1,Stale Soda Pop in Box 200g,Soda Pop,Box 200g,Midwest,Stale Taste,Email,2026-02-13T23:48:00,0.81,False,
ae608bac-ff5e-402a-9944-5c5e6839d69c,Stale Granola Bar in Box 200g,Granola Bar,Box 200g,California,Stale Taste,Amazon Review,2026-02-13T23:48:00,0.92,False,
858129c9-336d-4dd7-858d-b968944bb126,Resealable Bag v1 leaking in transit to Texas,Cookies Pack,Resealable Bag v1,Texas,Leaking,Amazon Review,2026-02-13T23:51:00,0.67,False,
f6cc8f1d-5dbb-413a-b0bc-916ed46d4ddf,Opened Granola Bar and it was stale,Granola Bar,Box 200g,Pacific Northwest,Stale Taste,Amazon Review,2026-02-13T23:56:00,0.83,False,
ae6b6e81-7a2e-4a17-bf59-04eb7dbee80d,Resealable Bag v2 - New Lid half empty - Soda Pop,Soda Pop,Resealable Bag v2 - New Lid,Midwest,Low Fill,Call Center,2026-02-14T00:06:00,0.67,False,
fab28a11-f55a-4e23-8225-efc273a720b3,Ordered Soda Pop got wrong flavor,Soda Pop,Resealable Bag v1,Midwest,Wrong Flavor,Twitter,2026-02-14T00:09:00,0.85,False,
b08c6c8d-507f-448e-a646-45f42a0a89a2,Stale Granola Bar in Can 330ml,Granola Bar,Can 330ml,Northeast,Stale Taste,Twitter,2026-02-14T00:26:00,0.66,False,
dd57a15c-6718-450f-ac58-cf539dec1756,Box crushed in shipping to Midwest,Cookies Pack,Resealable Bag v1,Midwest,Damaged Pack,Call Center,2026-02-14T00:38:00,0.71,False,
f59e5f95-5d94-4324-b086-c7118ce92375,Resealable Bag v2 - New Lid half empty - Cookies Pack,Cookies Pack,Resealable Bag v2 - New Lid,Texas,Low Fill,Call Center,2026-02-14T00:40:00,0.9,False,
5bf18090-72ed-4649-8503-6b89aaf0f07b,Stale Soda Pop in Resealable Bag v2 - New Lid,Soda Pop,Resealable Bag v2 - New Lid,Texas,Stale Taste,Amazon Review,2026-02-14T00:44:00,0.77,False,
b5b98b5c-a9d1-4d53-83b5-1db693bf7222,Resealable Resealable Bag v1 failed to close - Pacific Northwest,Soda Pop,Resealable Bag v1,Pacific Northwest,Seal Failure,Amazon Review,2026-02-14T00:48:00,0.61,False,
40e87ada-3c6c-49c3-a13d-562ab3696afd,"The Can 330ml won't close, goes stale in Northeast",Crunchy Chips,Can 330ml,Northeast,Seal Failure,Call Center,2026-02-14T00:49:00,0.83,False,
